Order_ID,Order_Date,Ship_Date,Customer_ID,Customer_Segment,City,Region,Sales_Rep,Channel,Category,Product_Name,Quantity,Unit_Price,Discount_%,Line_Total,COGS,Status,Customer_Rating,Return_Flag
ORD-10584,9/25/2022,10/2/2022,CID-4662,Retail,Lagos,West,Mia Scott,Wholesale,Clothing,Formal Dress,5,131.82,15,560.23,352.25,Returned,2,1
ORD-12141,2/13/2022,2/16/2022,CID-1019,VIP,Port Harcourt,North,Karen Davis,Phone Order,Beauty,Lipstick Set,10,43.15,15,366.77,219.68,Pending,5,0
ORD-13019,6/3/2022,6/8/2022,CID-1271,B2B,Casablanca,Central,Alice Johnson,Mobile App,Sports,Gym Bag,3,72.08,5,205.43,112.86,Completed,1,0
ORD-12689,7/28/2023,NULL,CID-3622,New Customer,Cairo,East,Olivia Clark,Wholesale,Beauty,Face Mask Pack,7,18.75,0,131.25,87.45,Completed,4,0
ORD-10903,7/20/2022,7/25/2022,CID-4136,Retail,Ibadan,South,Emma Brown,Mobile App,Electronics,Webcam HD,4,85.86,25,257.58,187.28,Completed,NULL,0
ORD-12193,6/1/2024,6/4/2024,CID-1793,New Customer,Cairo,South,Liam Moore,Online,Clothing,Sports Socks 3pk,NULL,13.85,0,110.8,70.39,Pending,NULL,0
ORD-11404,9/1/2024,9/15/2024,CID-3761,Retail,Kaduna,East,Carol White,Online,Clothing,Casual Sneakers,5,72.53,20,290.12,169.5,Completed,5,0
ORD-10874,8/19/2024,8/24/2024,CID-1422,Loyalty Member,Cairo,North,Alice Johnson,Wholesale,Clothing,Men's Polo Shirt,4,39.28,30,109.98,84.89,Returned,4,1
ORD-15718,1/28/2023,NULL,CID-3357,B2B,Port Harcourt,North,Bob Smith,Wholesale,Clothing,Sports Socks 3pk,9,13.02,0,117.18,55.96,Completed,NULL,0
ORD-14790,2/3/2022,2/17/2022,CID-3438,VIP,Accra,Central,Bob Smith,Phone Order,Sports,Jump Rope,5,13.76,15,58.48,32.52,Completed,NULL,0
ORD-10925,11/11/2024,11/18/2024,CID-3760,B2B,Cairo,South,James Turner,In-Store,Beauty,Face Serum,4,54.28,30,151.98,99.53,Completed,NULL,0
ORD-14120,12/9/2022,12/10/2022,CID-4507,VIP,Kano,Central,Iris Park,Online,Beauty,Shampoo & Conditioner,1,30.15,20,24.12,19.02,Returned,2,1
ORD-10971,7/2/2023,7/9/2023,CID-4198,VIP,Johannesburg,West,Emma Brown,Mobile App,Clothing,Sports Socks 3pk,4,14.18,15,48.21,29.66,Pending,NULL,0
ORD-10422,9/2/2023,NULL,CID-3827,VIP,Benin City,East,Liam Moore,IN-STORE,Sports,Swim Goggles,4,26.14,5,99.33,54.85,Returned,5,1
ORD-12560,11/27/2023,11/29/2023,CID-1860,VIP,Cairo,South,Mia Scott,Mobile App,Clothing,Winter Jacket,10,154.66,0,1546.6,837.66,Completed,2,0
ORD-10593,5/14/2024,NULL,CID-1937,Retail,Abuja,South,Henry Wilson,Online,Sports,Swim Goggles,1,29.64,0,29.64,19.39,Completed,5,0
ORD-10095,1/4/2022,1/11/2022,CID-2491,VIP,Nairobi,Central,Karen Davis,In-Store,Sports,Resistance Bands Set,7,23.16,5,154.01,101.68,Completed,5,0
ORD-15795,7/13/2023,7/18/2023,CID-1740,VIP,Ibadan,East,Liam Moore,In-Store,Home & garden,Scented Candle,6,25.06,25,112.77,91.31,Completed,NULL,0
ORD-14399,8/3/2023,8/17/2023,CID-1414,Loyalty Member,Benin City,North,Mia Scott,Online,Sports,Protein Powder 1kg,1,57.64,20,46.11,29.92,Returned,4,1
ORD-12312,6/27/2024,6/28/2024,CID-1835,VIP,Dakar,Central,Bob Smith,In-Store,Sports,Yoga Mat,10,33.42,5,317.49,156.86,Completed,NULL,0
ORD-15754,4/8/2022,4/9/2022,CID-2893,B2B,Casablanca,North,Frank Miller,Wholesale,Clothing,Sports Socks 3pk,10,14.85,25,111.38,103.73,Completed,NULL,0
ORD-11978,10/28/2024,NULL,CID-2122,B2B,Ibadan,North,NULL,Phone Order,Electronics,Webcam HD,2,77.08,25,115.62,105.27,Returned,1,1
ORD-13871,5/26/2022,6/9/2022,CID-3450,Retail,Benin City,North,Karen Davis,In-Store,Beauty,Nail Polish Kit,7,20.67,0,144.69,73.22,Completed,NULL,0
ORD-12290,7/18/2024,7/19/2024,CID-2107,New Customer,Ibadan,North,Henry Wilson,Online,Electronics,Bluetooth Speaker,3,137.2,0,411.6,257.08,Completed,2,0
ORD-14820,4/6/2022,4/8/2022,CID-1088,VIP,Johannesburg,South,Karen Davis,In-Store,Sports,Protein Powder 1kg,4,61.06,30,170.97,149.7,Completed,1,0
ORD-13589,9/20/2024,9/23/2024,CID-3338,B2B,Dakar,North,Henry Wilson,Mobile App,Home & garden,Air Purifier,7,226.19,20,1266.66,771.26,Completed,3,0
ORD-10819,3/8/2022,3/11/2022,CID-4555,Loyalty Member,Dakar,West,Bob Smith,Phone Order,Home & garden,Plant Pot Set,3,31.72,0,95.16,49.84,Returned,4,1
ORD-12707,8/30/2023,NULL,CID-2630,Retail,Kano,Central,Iris Park,In-Store,Home & garden,Coffee Maker,2,101.43,5,192.72,137.38,Completed,2,0
ORD-14608,5/25/2024,5/26/2024,CID-4018,B2B,Benin City,East,Henry Wilson,Mobile App,Electronics,Laptop Pro 15,10,1191.7,5,11321.15,5594,Completed,NULL,0
ORD-10257,8/14/2022,8/28/2022,CID-2467,B2B,NULL,North,Carol White,Online,Electronics,Portable Charger,3,39.47,0,118.41,76.92,Cancelled,5,0
ORD-14421,9/4/2022,9/5/2022,N/A,B2B,Johannesburg,South,Henry Wilson,Wholesale,Home & garden,Wall Clock,9,42.19,15,322.75,258.32,Completed,2,0
ORD-14435,1/31/2022,2/2/2022,CID-1795,B2B,Kano,East,Karen Davis,Wholesale,Electronics,Bluetooth Speaker,6,133.22,25,599.49,459.71,Cancelled,5,0
ORD-14104,7/25/2024,NULL,CID-4513,Loyalty Member,Addis Ababa,West,Olivia Clark,In-Store,Electronics,Laptop Pro 15,8,1212.23,20,7758.27,5411.87,Completed,4,0
ORD-12201,10/18/2024,11/1/2024,CID-3142,Loyalty Member,Accra,South,Henry Wilson,In-Store,Electronics,Webcam HD,8,73.99,15,503.13,409.83,Disputed,3,0
ORD-12274,5/24/2024,5/31/2024,CID-1483,VIP,Enugu,South,Bob Smith,Mobile App,Beauty,Face Serum,7,61.4,20,343.84,239.58,Pending,4,0
ORD-12335,8/20/2024,9/3/2024,CID-4415,B2B,Abuja,North,Carol White,Online,Clothing,Formal Dress,1,106.35,0,106.35,54.86,Completed,NULL,0
ORD-13916,7/9/2022,7/16/2022,CID-1856,VIP,Johannesburg,East,Frank Miller,In-Store,Clothing,Running Shoes,2,105.66,0,211.32,124.1,Completed,3,0
ORD-14020,11/8/2023,11/13/2023,CID-1837,B2B,Lagos,Central,Bob Smith,In-Store,Sports,Protein Powder 1kg,10,46.9,5,445.55,212.95,Pending,4,0
ORD-13552,5/2/2022,NULL,CID-1502,Retail,Casablanca,North,Mia Scott,Phone Order,Electronics,Smart Watch,5,244.08,25,915.3,582.91,Completed,NULL,0
ORD-12635,5/24/2024,5/26/2024,CID-3393,VIP,Accra,East,Nathan Harris,In-Store,Beauty,Perfume 50ml,1,64.17,20,51.34,32.49,Returned,5,1
ORD-10566,10/11/2024,10/18/2024,CID-1467,Loyalty Member,Dakar,Central,Bob Smith,Phone Order,Sports,Jump Rope,3,15.3,25,34.43,29.52,Completed,5,0
ORD-12363,11/7/2024,NULL,CID-4696,Loyalty Member,Accra,South,Alice Johnson,Phone Order,Electronics,USB-C Hub,5,39.55,0,197.75,116.29,Completed,4,0
ORD-12054,7/11/2022,7/25/2022,CID-4307,B2B,Casablanca,South,Olivia Clark,In-Store,Beauty,Face Serum,5,51.94,0,259.7,146.93,Returned,3,1
ORD-14263,12/19/2024,NULL,CID-2298,Retail,Nairobi,Central,David Lee,Phone Order,Sports,Resistance Bands Set,5,26.32,10,118.44,74.13,Cancelled,5,0
ORD-11164,10/2/2023,10/3/2023,CID-3616,VIP,Kano,Central,Mia Scott,Wholesale,Electronics,Wireless Earbuds,6,99.39,25,447.25,283.72,Pending,4,0
ORD-12044,11/19/2023,11/20/2023,CID-3218,B2B,Nairobi,South,Emma Brown,In-Store,Beauty,Electric Toothbrush,5,74.91,0,374.55,202.51,Completed,1,0
ORD-10082,12/26/2023,NULL,CID-4988,B2B,Addis Ababa,Central,Olivia Clark,Mobile App,Home & garden,Coffee Maker,6,104.41,5,595.14,386.36,Completed,4,0
ORD-11079,2/5/2024,2/7/2024,CID-1995,B2B,Dakar,North,Bob Smith,Online,Beauty,Lipstick Set,8,47.35,0,378.8,192.57,Pending,NULL,0
ORD-15172,5/17/2023,5/22/2023,CID-3518,VIP,Kano,North,Mia Scott,Online,Home & garden,Smart Plug 4pk,7,39.29,10,247.53,143.56,Completed,NULL,0
ORD-11791,4/22/2023,4/29/2023,CID-1952,Retail,Ibadan,Central,Liam Moore,Online,Home & garden,Coffee Maker,10,95.51,25,716.33,582.75,Completed,4,0
ORD-15261,8/24/2024,8/26/2024,CID-4135,Loyalty Member,Dakar,North,Karen Davis,Mobile App,Sports,Swim Goggles,4,28.3,0,113.2,66.91,Cancelled,3,0
ORD-10032,11/5/2024,11/6/2024,CID-3494,VIP,Casablanca,East,Nathan Harris,Phone Order,Clothing,Formal Dress,1,136.99,10,123.29,87.74,Completed,3,0
ORD-10698,12/6/2024,NULL,CID-1612,Loyalty Member,Nairobi,West,Bob Smith,Mobile App,Beauty,Nail Polish Kit,5,19.75,30,69.12,66,Completed,2,0
ORD-11516,2/23/2022,2/26/2022,CID-3418,Retail,Dakar,North,Grace Chen,Wholesale,Beauty,Shampoo & Conditioner,4,29.49,25,88.47,79.25,Pending,5,0
ORD-10659,3/6/2024,3/9/2024,CID-3426,VIP,Addis Ababa,South,Carol White,In-Store,Clothing,Winter Jacket,9,156.49,0,1408.41,967.51,Completed,NULL,0
ORD-12585,9/4/2024,9/9/2024,CID-2306,Retail,Kano,North,Iris Park,Online,Clothing,Winter Jacket,1,133.15,5,126.49,79.41,Cancelled,5,0
ORD-13057,3/29/2023,3/31/2023,CID-4653,B2B,Ibadan,West,NULL,In-Store,Sports,Jump Rope,8,13.18,0,105.44,69.73,Completed,2,0
ORD-11394,7/5/2022,7/7/2022,CID-2442,Loyalty Member,Casablanca,East,James Turner,Wholesale,Electronics,USB-C Hub,10,40.74,5,387.03,219.13,Completed,NULL,0
ORD-14869,3/27/2024,3/30/2024,CID-4639,Retail,Port Harcourt,East,Mia Scott,Wholesale,Sports,Gym Bag,5,69.98,15,297.42,238.53,Completed,4,0
ORD-10050,12/4/2022,12/9/2022,CID-4795,New Customer,Ibadan,North,Grace Chen,Wholesale,Beauty,Eye Cream,8,72.11,5,548.04,389.75,Cancelled,5,0
ORD-14540,7/20/2022,7/27/2022,CID-2828,B2B,Abuja,South,Carol White,Mobile App,Clothing,Winter Jacket,2,162.47,5,308.69,174,Completed,5,0
ORD-15435,1/18/2024,NULL,CID-4432,Retail,Unknown,North,Mia Scott,PHONE ORDER,Electronics,Mechanical Keyboard,1,140.59,25,105.44,71.75,Completed,4,0
ORD-12350,10/19/2023,10/24/2023,CID-2144,Retail,Kano,South,NULL,Phone Order,Electronics,Smart Watch,1,261.99,15,222.69,147.6,Pending,4,0
ORD-14004,8/23/2024,8/24/2024,CID-4779,B2B,Abuja,Central,Grace Chen,Online,Sports,Gym Bag,4,71.73,15,243.88,174.16,Completed,NULL,0
ORD-13929,2/10/2023,2/15/2023,CID-3904,New Customer,Port Harcourt,Central,Frank Miller,Wholesale,Beauty,Shampoo & Conditioner,8,31.43,0,251.44,125.62,Completed,NULL,0
ORD-11698,1/26/2024,1/27/2024,CID-1234,Loyalty Member,Dakar,Central,James Turner,In-Store,Home & garden,Desk Lamp,3,42.42,25,95.45,68.18,Completed,1,0
ORD-13557,9/28/2024,NULL,CID-3229,Retail,Casablanca,West,Iris Park,Online,Clothing,Women's Blazer,8,83.02,20,531.33,455.48,Completed,5,0
ORD-14660,12/23/2022,NULL,CID-4450,Retail,Cairo,East,Nathan Harris,Wholesale,Clothing,Casual Sneakers,3,71.97,30,151.14,148.22,Completed,NULL,0
ORD-11101,1/14/2023,NULL,CID-3480,B2B,NULL,Central,James Turner,Wholesale,Home & garden,Wall Clock,5,41.18,0,205.9,98.15,Completed,4,0
ORD-12315,11/6/2024,NULL,CID-4849,Loyalty Member,Lagos,Central,Liam Moore,Wholesale,Sports,Yoga Mat,2,38.23,5,72.64,44.17,Completed,NULL,0
ORD-10644,4/8/2024,NULL,CID-2023,Retail,Casablanca,West,Iris Park,Phone Order,Beauty,Face Serum,5,63.57,10,286.07,156.85,Completed,3,0
ORD-12152,10/10/2022,10/17/2022,CID-2307,Loyalty Member,Addis Ababa,West,Bob Smith,In-Store,Electronics,Portable Charger,6,36.31,20,174.29,107.31,Pending,5,0
ORD-12291,4/1/2022,4/3/2022,CID-3703,Retail,Cairo,South,NULL,IN-STORE,Home & garden,Scented Candle,8,24.39,0,195.12,106.57,Completed,NULL,0
ORD-13315,4/13/2024,NULL,CID-4652,B2B,Kano,Central,Liam Moore,Phone Order,Beauty,Nail Polish Kit,7,19.77,0,138.39,79.6,Completed,1,0
ORD-11292,8/29/2024,9/3/2024,CID-1221,VIP,Kano,South,Carol White,Online,Clothing,Winter Jacket,1,128.15,5,121.74,62.45,Completed,5,0
ORD-14388,3/4/2024,3/7/2024,CID-2130,Loyalty Member,Addis Ababa,West,Carol White,In-Store,Clothing,Casual Sneakers,8,80.23,0,641.84,424.79,Disputed,5,0
ORD-13268,11/12/2023,11/19/2023,CID-1180,B2B,Port Harcourt,South,Nathan Harris,In-Store,Sports,Resistance Bands Set,6,25.28,30,106.18,78.1,Completed,4,0
ORD-13601,1/24/2022,1/31/2022,CID-2062,New Customer,Benin City,South,Alice Johnson,Online,Sports,Water Bottle 1L,10,25.12,25,188.4,136.51,Completed,5,0
ORD-15713,8/17/2022,NULL,CID-3452,Retail,Addis Ababa,West,Henry Wilson,Phone Order,Home & garden,Smart Plug 4pk,2,43.34,15,73.68,48.45,Completed,1,0
ORD-11376,6/13/2023,6/27/2023,CID-2528,Loyalty Member,Lagos,West,Liam Moore,Online,Beauty,Shampoo & Conditioner,10,28.68,15,243.78,169.61,Completed,4,0
ORD-15055,5/21/2023,5/28/2023,CID-1138,Retail,Kano,Central,Emma Brown,Phone Order,Electronics,Smart Watch,6,220.14,0,1320.84,850.64,Returned,4,1
ORD-15897,2/3/2023,NULL,CID-3074,Retail,Lagos,South,Iris Park,Phone Order,Beauty,Face Mask Pack,5,15.92,10,71.64,35.99,Completed,5,0
ORD-11671,3/5/2023,3/6/2023,CID-1454,Loyalty Member,Accra,South,Nathan Harris,Mobile App,Beauty,Nail Polish Kit,1,19.96,10,17.96,12.5,Pending,5,0
ORD-11084,7/10/2023,7/11/2023,CID-1272,VIP,Cairo,West,Karen Davis,Online,Sports,Yoga Mat,5,30.38,0,151.9,75.98,Completed,5,0
ORD-13117,3/29/2024,4/3/2024,CID-1332,Loyalty Member,Benin City,Central,Frank Miller,Wholesale,Beauty,Lipstick Set,2,42.07,30,58.9,46.54,Completed,2,0
ORD-11247,2/15/2023,2/22/2023,CID-1444,New Customer,Kano,West,Carol White,Mobile App,Home & garden,Plant Pot Set,3,26.12,25,58.77,54.45,Completed,NULL,0
ORD-11120,9/23/2023,9/26/2023,CID-1481,B2B,Lagos,West,Emma Brown,In-Store,Clothing,Running Shoes,3,118.88,0,356.64,165.06,Pending,NULL,0
ORD-10091,6/19/2023,6/21/2023,CID-1444,VIP,Johannesburg,Central,Emma Brown,Online,Sports,Gym Bag,9,79.22,15,606.03,341.4,Completed,NULL,0
ORD-13415,2/3/2022,2/5/2022,CID-4485,Retail,Nairobi,South,Olivia Clark,Online,Sports,Jump Rope,4,15.56,20,49.79,36.44,Completed,4,0
ORD-13605,4/5/2024,4/6/2024,CID-3092,Loyalty Member,Ibadan,North,Olivia Clark,In-Store,Electronics,Smart Watch,4,253.74,20,811.97,532.74,Pending,3,0
ORD-10560,1/10/2023,1/13/2023,CID-2713,Loyalty Member,Kaduna,South,Iris Park,Mobile App,Sports,Resistance Bands Set,3,22.13,15,56.43,34.94,Completed,NULL,0
ORD-15953,1/11/2023,NULL,CID-2920,B2B,Enugu,East,Carol White,Phone Order,Sports,Gym Bag,10,65.32,0,653.2,433.34,Completed,5,0
ORD-14818,7/31/2024,8/5/2024,CID-3673,B2B,Benin City,Central,Nathan Harris,Phone Order,Clothing,Sports Socks 3pk,4,16.42,0,65.68,44.9,Completed,5,0
ORD-12909,6/11/2022,6/14/2022,N/A,Loyalty Member,Port Harcourt,West,Mia Scott,In-Store,Clothing,Winter Jacket,1,151.6,0,151.6,97.11,Completed,NULL,0
ORD-12196,11/10/2023,11/15/2023,CID-2266,Loyalty Member,Accra,Central,Grace Chen,Wholesale,Sports,Swim Goggles,9,26.03,0,234.27,145.19,Completed,5,0
ORD-10765,7/4/2023,7/18/2023,CID-1749,New Customer,Benin City,North,Frank Miller,Wholesale,Electronics,Laptop Pro 15,3,1138.32,0,3414.96,2300.43,Completed,4,0
ORD-11283,12/7/2024,12/12/2024,CID-3500,Loyalty Member,Port Harcourt,West,David Lee,In-Store,Home & garden,Scented Candle,8,20.06,0,160.48,97.89,Returned,5,1
ORD-11741,3/20/2022,3/27/2022,CID-3765,VIP,Johannesburg,South,Frank Miller,In-Store,Sports,Resistance Bands Set,5,21.99,5,104.45,51.44,Completed,NULL,0
ORD-11725,4/20/2022,5/4/2022,CID-4487,Loyalty Member,Addis Ababa,East,NULL,In-Store,Sports,Water Bottle 1L,9,23.91,10,193.67,114.46,Completed,5,0
ORD-10601,1/10/2024,1/13/2024,CID-2723,B2B,Casablanca,South,Grace Chen,Phone Order,Clothing,Formal Dress,10,121.02,0,1210.2,840.39,Completed,5,0
ORD-13496,6/4/2022,6/18/2022,CID-3255,B2B,Enugu,East,NULL,PHONE ORDER,Clothing,Casual Sneakers,3,85.59,0,256.77,166.86,Completed,5,0
ORD-12801,3/31/2022,4/7/2022,CID-4520,B2B,NULL,North,Carol White,Wholesale,Sports,Yoga Mat,9,37.82,5,323.36,214.86,Disputed,5,0
ORD-13376,11/17/2023,NULL,CID-2536,Loyalty Member,Cairo,North,Alice Johnson,Online,Beauty,Electric Toothbrush,2,89.29,0,178.58,116.72,Completed,4,0
ORD-11382,9/20/2024,9/25/2024,CID-1419,Loyalty Member,Kano,East,Olivia Clark,In-Store,Sports,Foam Roller,3,33.86,0,101.58,52.86,Completed,4,0
ORD-15085,9/23/2024,10/7/2024,CID-3391,Loyalty Member,Ibadan,North,Olivia Clark,Mobile App,Beauty,Perfume 50ml,2,66.88,0,133.76,72.34,Completed,NULL,0
ORD-14508,5/29/2024,5/30/2024,CID-3943,New Customer,Cairo,South,Nathan Harris,Mobile App,Beauty,Electric Toothbrush,6,79.86,0,479.16,308.15,Completed,NULL,0
ORD-13281,6/20/2023,6/22/2023,CID-1363,Loyalty Member,Ibadan,West,Frank Miller,Wholesale,Beauty,Eye Cream,1,66.93,0,66.93,30.17,Completed,NULL,0
ORD-14486,11/26/2023,11/29/2023,CID-4483,Retail,Kano,East,Carol White,Mobile App,Beauty,Face Serum,8,59.66,30,334.1,270.07,Completed,NULL,0
ORD-11399,2/17/2024,2/22/2024,CID-2669,VIP,Abuja,South,Iris Park,In-Store,Sports,Protein Powder 1kg,8,49.73,0,397.84,214.32,Completed,5,0
ORD-15002,7/31/2022,8/3/2022,CID-4025,B2B,Lagos,North,Emma Brown,Wholesale,Electronics,Portable Charger,3,37.87,0,113.61,64.77,Completed,2,0
ORD-11439,6/4/2022,NULL,CID-2086,Loyalty Member,Kaduna,Central,David Lee,Wholesale,Home & garden,Scented Candle,4,22.89,25,68.67,63.5,Completed,4,0
ORD-13653,1/5/2023,1/6/2023,CID-3854,Retail,Unknown,West,Frank Miller,In-Store,Home & garden,Smart Plug 4pk,1,35.49,0,35.49,17.17,Pending,2,0
ORD-11421,5/31/2024,6/1/2024,CID-4493,New Customer,Lagos,West,Henry Wilson,Wholesale,Sports,Foam Roller,9,32.5,30,204.75,187.49,Completed,1,0
ORD-15697,12/4/2022,12/18/2022,CID-4113,Loyalty Member,Kano,Central,Olivia Clark,Online,Clothing,Sports Socks 3pk,9,16.68,0,150.12,73.52,Returned,3,1
ORD-12918,2/22/2022,3/8/2022,CID-2620,Loyalty Member,Dakar,West,Karen Davis,Wholesale,Beauty,Nail Polish Kit,3,21.99,15,56.07,35.87,Completed,NULL,0
ORD-13173,4/4/2024,4/6/2024,CID-3611,Loyalty Member,Johannesburg,South,David Lee,Phone Order,Electronics,Bluetooth Speaker,7,105.73,20,592.09,427.86,Completed,2,0
ORD-13981,1/3/2023,1/6/2023,CID-3166,New Customer,Cairo,East,Bob Smith,In-Store,Home & garden,Throw Pillow Set,1,56.54,15,48.06,35.61,Completed,4,0
ORD-11139,3/11/2023,3/12/2023,CID-2042,VIP,Ibadan,South,Liam Moore,Wholesale,Beauty,Shampoo & Conditioner,4,27.28,20,87.3,58.21,Cancelled,NULL,0
ORD-11503,3/26/2022,4/2/2022,CID-3063,VIP,Addis Ababa,South,Emma Brown,In-Store,Sports,Gym Bag,5,73.6,20,294.4,177.77,Completed,5,0
ORD-12108,9/1/2023,9/3/2023,CID-3974,New Customer,Casablanca,Central,Nathan Harris,In-Store,Clothing,Formal Dress,6,110.63,0,663.78,447.7,Cancelled,4,0
ORD-13641,3/27/2022,4/3/2022,CID-4548,Loyalty Member,Port Harcourt,Central,Olivia Clark,Online,Beauty,Shampoo & Conditioner,9,29.68,0,267.12,159.91,Completed,2,0
ORD-10948,10/8/2023,10/13/2023,CID-3010,Loyalty Member,Ibadan,Central,Nathan Harris,Wholesale,Sports,Yoga Mat,9,38.65,0,347.85,188.81,Completed,5,0
ORD-10871,10/27/2022,11/10/2022,CID-1896,B2B,Abuja,West,Frank Miller,Online,Clothing,Formal Dress,3,122.39,0,367.17,217.16,Returned,4,1
ORD-14845,4/1/2023,4/8/2023,CID-1415,B2B,Johannesburg,East,Olivia Clark,Mobile App,Clothing,Running Shoes,7,103.29,20,578.42,348.42,Completed,NULL,0
ORD-14641,11/12/2022,11/17/2022,CID-4164,New Customer,Abuja,East,Olivia Clark,In-Store,Sports,Resistance Bands Set,10,28.23,30,197.61,161.65,Cancelled,5,0
ORD-13259,7/8/2024,7/13/2024,CID-2143,Loyalty Member,Kano,South,James Turner,Mobile App,Beauty,Lipstick Set,10,44.02,30,308.14,221.82,Completed,1,0
ORD-14996,4/10/2024,4/24/2024,CID-2233,New Customer,Dakar,Central,Frank Miller,Mobile App,Beauty,Shampoo & Conditioner,9,24.62,25,166.19,133.79,Completed,1,0
ORD-12300,3/21/2022,3/28/2022,CID-3700,Loyalty Member,Lagos,East,Frank Miller,Wholesale,Home & garden,Air Purifier,4,186.81,30,523.07,442.94,Completed,2,0
ORD-15347,2/17/2022,2/22/2022,CID-1742,B2B,Kaduna,Central,NULL,In-Store,Sports,Gym Bag,1,65.28,25,48.96,38.7,Completed,NULL,0
ORD-11969,9/4/2022,9/5/2022,CID-1790,Retail,Abuja,Central,Olivia Clark,In-Store,Home & garden,Throw Pillow Set,10,48.19,20,385.52,229.67,Returned,NULL,1
ORD-13676,8/1/2022,8/2/2022,CID-1378,Loyalty Member,Dakar,South,Emma Brown,Online,Home & garden,Scented Candle,3,22.75,15,58.01,37.37,Completed,4,0
ORD-15103,1/29/2023,2/5/2023,CID-4564,B2B,Port Harcourt,North,Bob Smith,Wholesale,Beauty,Lipstick Set,9,35.8,0,322.2,177.83,Cancelled,4,0
ORD-13180,8/24/2023,8/25/2023,CID-3723,B2B,Johannesburg,North,Alice Johnson,WHOLESALE,Sports,Yoga Mat,6,33.03,5,188.27,129.92,Disputed,4,0
ORD-13104,7/2/2023,7/4/2023,CID-1381,VIP,Kaduna,South,Mia Scott,In-Store,Sports,Resistance Bands Set,3,23.73,20,56.95,44.75,Completed,NULL,0
ORD-12010,5/20/2024,5/22/2024,CID-2426,VIP,Addis Ababa,East,James Turner,Wholesale,Clothing,Running Shoes,7,104.55,30,512.29,362.52,Pending,NULL,0
ORD-13861,9/29/2023,NULL,CID-3104,New Customer,Port Harcourt,North,Karen Davis,Online,Sports,Swim Goggles,3,26.12,30,54.85,54.1,Completed,1,0
ORD-10326,1/6/2023,NULL,CID-3953,New Customer,NULL,Central,NULL,In-Store,Electronics,Bluetooth Speaker,10,123.5,0,1235,603.38,Completed,NULL,0
ORD-12448,2/4/2022,2/7/2022,CID-4709,VIP,Accra,East,Olivia Clark,In-Store,Home & garden,Air Purifier,9,227.86,10,1845.67,1022.39,Disputed,1,0
ORD-13097,3/28/2024,4/2/2024,CID-2897,Retail,Kano,West,Frank Miller,In-Store,Clothing,Running Shoes,1,123.32,5,117.15,63.29,Completed,3,0
ORD-13988,9/18/2023,9/25/2023,CID-4801,B2B,Casablanca,North,Grace Chen,Phone Order,Home & garden,Throw Pillow Set,5,59.71,10,268.69,193.44,Completed,NULL,0
ORD-10441,2/5/2024,2/10/2024,CID-4102,B2B,NULL,Central,Olivia Clark,Mobile App,Clothing,Running Shoes,8,108.51,0,868.08,605.23,Completed,NULL,0
ORD-14406,4/9/2024,4/12/2024,CID-4344,Retail,Port Harcourt,North,Frank Miller,Online,Electronics,Portable Charger,10,39.43,20,315.44,275.33,Completed,2,0
ORD-12884,7/23/2023,7/25/2023,CID-3964,New Customer,Dakar,South,Henry Wilson,Phone Order,Clothing,Men's Polo Shirt,8,31.41,20,201.02,165.2,Completed,NULL,0
ORD-13022,12/1/2023,12/4/2023,CID-4765,New Customer,Accra,Central,James Turner,Wholesale,Home & garden,Scented Candle,5,22.99,25,86.21,80.08,Completed,5,0
ORD-14156,4/30/2023,5/1/2023,CID-4228,Retail,Lagos,South,Olivia Clark,Mobile App,Sports,Swim Goggles,5,28.45,0,142.25,78.81,Completed,1,0
ORD-12854,3/6/2022,3/8/2022,CID-1078,B2B,Addis Ababa,Central,NULL,PHONE ORDER,Home & garden,Coffee Maker,5,103.73,25,388.99,276.56,Completed,NULL,0
ORD-12933,10/5/2024,10/6/2024,CID-1164,Retail,Kano,West,Iris Park,Online,Home & garden,Smart Plug 4pk,7,34.23,20,191.69,153.68,Completed,4,0
ORD-13624,6/28/2024,6/29/2024,CID-1418,B2B,Addis Ababa,South,Iris Park,Wholesale,Beauty,Face Serum,5,58.2,25,218.25,141.99,Completed,5,0
ORD-15138,6/13/2022,6/18/2022,CID-3949,B2B,Dakar,South,Emma Brown,Online,Clothing,Denim Jeans,5,55.34,30,193.69,126.72,Completed,5,0
ORD-10414,8/14/2022,8/16/2022,CID-2715,B2B,Kaduna,North,Henry Wilson,Wholesale,Sports,Gym Bag,3,60.16,5,171.46,124,Completed,NULL,0
ORD-12146,9/6/2022,NULL,CID-1119,Retail,Port Harcourt,East,James Turner,Online,Sports,Yoga Mat,7,37.06,10,233.48,146.22,Completed,NULL,0
ORD-14593,5/23/2022,5/28/2022,CID-1409,New Customer,Lagos,East,Nathan Harris,Wholesale,Sports,Jump Rope,3,16.43,0,49.29,33.02,Completed,NULL,0
ORD-15214,11/7/2022,11/8/2022,CID-2196,VIP,Port Harcourt,North,Olivia Clark,Phone Order,Clothing,Men's Polo Shirt,2,40.13,0,80.26,53.84,Completed,NULL,0
ORD-15634,12/15/2024,NULL,CID-3841,Loyalty Member,Nairobi,Central,Frank Miller,In-Store,Beauty,Nail Polish Kit,9,19.1,0,171.9,118.22,Completed,5,0
ORD-11622,7/8/2024,7/10/2024,CID-3721,New Customer,Kano,East,Bob Smith,Phone Order,Sports,Protein Powder 1kg,3,57.25,30,120.22,109.99,Completed,NULL,0
ORD-10812,12/31/2022,1/7/2023,CID-3909,VIP,Accra,Central,Liam Moore,Wholesale,Clothing,Winter Jacket,6,165.94,0,995.64,609.85,Completed,5,0
ORD-14798,2/4/2024,2/6/2024,CID-1307,Loyalty Member,Enugu,South,Emma Brown,Wholesale,Home & garden,Scented Candle,1,22.18,15,18.85,13.15,Completed,4,0
ORD-14981,6/23/2023,NULL,CID-1184,Loyalty Member,Enugu,North,Emma Brown,Phone Order,Home & garden,Desk Lamp,3,47.5,25,106.88,77.51,Completed,1,0
ORD-14878,5/22/2024,5/23/2024,CID-4426,New Customer,Dakar,Central,Mia Scott,IN-STORE,Clothing,Denim Jeans,4,63.18,30,176.9,147.49,Completed,1,0
ORD-11947,3/29/2024,4/5/2024,CID-4922,Retail,Port Harcourt,West,Carol White,Online,Sports,Swim Goggles,3,30.11,15,76.78,58.27,Completed,3,0
ORD-11541,12/30/2024,12/31/2024,CID-1054,New Customer,Benin City,North,Grace Chen,Online,Clothing,Women's Blazer,10,98.92,10,890.28,471.44,Completed,5,0
ORD-15022,4/23/2023,4/26/2023,CID-3862,New Customer,Port Harcourt,South,Iris Park,Phone Order,Home & garden,Wall Clock,5,37.25,20,149,98.61,Returned,NULL,1
ORD-15516,7/12/2022,7/19/2022,CID-2188,VIP,NULL,North,Karen Davis,Wholesale,Clothing,Running Shoes,4,103.82,20,332.22,280.5,Completed,NULL,0
ORD-15071,7/16/2022,7/21/2022,CID-4771,Retail,NULL,Central,Bob Smith,In-Store,Clothing,Women's Blazer,7,94.22,0,659.54,390.03,Completed,5,0
ORD-15379,3/6/2023,3/9/2023,CID-1570,Loyalty Member,NULL,South,Olivia Clark,Online,Home & garden,Smart Plug 4pk,1,45.51,0,45.51,21.55,Pending,4,0
ORD-11348,11/26/2022,12/10/2022,CID-4986,B2B,Port Harcourt,Central,NULL,In-Store,Electronics,Smart Watch,6,245.71,10,1326.83,724.73,Completed,4,0
ORD-13542,5/6/2022,NULL,CID-4530,New Customer,NULL,North,Grace Chen,Mobile App,Clothing,Formal Dress,4,119.81,30,335.47,222.88,Completed,3,0
ORD-15126,10/6/2024,NULL,CID-2253,Retail,Accra,East,NULL,Phone Order,Sports,Yoga Mat,6,35.55,15,181.3,147.06,Returned,4,1
ORD-10232,4/30/2024,5/2/2024,CID-4589,Loyalty Member,Accra,South,Carol White,Phone Order,Sports,Foam Roller,3,42.67,0,128.01,68.06,Disputed,4,0
ORD-12881,12/20/2022,12/22/2022,CID-1388,New Customer,Port Harcourt,Central,Carol White,In-Store,Home & garden,Scented Candle,3,21.11,20,50.66,35.38,Completed,4,0
ORD-14548,11/21/2022,NULL,CID-2291,VIP,Lagos,Central,Olivia Clark,Wholesale,Beauty,Shampoo & Conditioner,8,24.02,5,182.55,113.91,Pending,4,0
ORD-13683,1/28/2022,NULL,CID-3942,VIP,Dakar,East,Henry Wilson,In-Store,Electronics,Smart Watch,10,244.82,15,2080.97,1582.51,Completed,3,0
ORD-12575,9/20/2024,10/4/2024,CID-2974,New Customer,Lagos,South,Nathan Harris,Phone Order,Clothing,Sports Socks 3pk,3,14.16,30,29.74,23.09,Completed,NULL,0
ORD-11782,4/18/2022,4/25/2022,CID-4142,B2B,Enugu,North,Alice Johnson,Mobile App,Beauty,Face Serum,9,56.1,0,504.9,266.12,Completed,4,0
ORD-11039,3/4/2023,3/18/2023,CID-2917,Retail,Enugu,West,Olivia Clark,Online,Home & garden,Coffee Maker,6,102.15,5,582.26,286.66,Cancelled,NULL,0
ORD-11055,7/15/2024,7/20/2024,CID-2165,Loyalty Member,Port Harcourt,West,Alice Johnson,Online,Clothing,Denim Jeans,7,73.31,30,359.22,263.52,Completed,4,0
ORD-15082,12/13/2022,NULL,CID-2163,Retail,Johannesburg,South,Bob Smith,Wholesale,Sports,Resistance Bands Set,7,27.12,0,189.84,132.83,Pending,4,0
ORD-12047,4/2/2022,4/9/2022,CID-2288,VIP,Lagos,West,NULL,Online,Clothing,Denim Jeans,1,60.5,5,57.47,42,Completed,5,0
ORD-11189,6/10/2024,6/17/2024,CID-1708,Retail,Johannesburg,East,Iris Park,In-Store,Beauty,Shampoo & Conditioner,6,30.64,5,174.65,109.89,Returned,NULL,1
ORD-12876,5/30/2024,5/31/2024,CID-2304,VIP,Johannesburg,West,Alice Johnson,Online,Electronics,Wireless Earbuds,8,99.75,15,678.3,371.15,Completed,NULL,0
ORD-10191,3/31/2024,NULL,CID-1360,VIP,Abuja,Central,Alice Johnson,Mobile App,Electronics,Smart Watch,6,263.47,20,1264.66,825.27,Completed,5,0
ORD-12158,3/19/2023,3/24/2023,CID-1428,Loyalty Member,Casablanca,West,David Lee,Mobile App,Clothing,Women's Blazer,2,77.26,25,115.89,70.04,Completed,NULL,0
ORD-13728,9/6/2022,NULL,CID-1942,Retail,Lagos,North,Alice Johnson,In-Store,Clothing,Men's Polo Shirt,10,39.45,30,276.15,194.07,Completed,2,0
ORD-13236,6/22/2024,7/6/2024,CID-1894,Retail,Ibadan,South,David Lee,In-Store,Beauty,Face Mask Pack,9,15.85,0,142.65,99.49,Completed,1,0
ORD-14711,10/5/2022,10/8/2022,CID-4971,B2B,Lagos,North,Frank Miller,Phone Order,Sports,Gym Bag,6,65.74,20,315.55,250.69,Returned,NULL,1
ORD-14879,9/3/2023,NULL,CID-3099,Retail,Port Harcourt,East,Carol White,In-Store,Beauty,Face Serum,4,52.68,20,168.58,141.28,Completed,1,0
ORD-15135,10/18/2024,NULL,CID-3177,B2B,Kano,South,Frank Miller,Online,Sports,Protein Powder 1kg,10,51.63,20,413.04,271.22,Completed,NULL,0
ORD-10540,5/6/2024,5/13/2024,CID-3873,Loyalty Member,Nairobi,North,Mia Scott,Wholesale,Beauty,Shampoo & Conditioner,8,28.69,25,172.14,133.95,Pending,2,0
ORD-10549,7/19/2022,7/24/2022,CID-2229,Retail,Lagos,West,Frank Miller,Online,Home & garden,Smart Plug 4pk,8,40.25,5,305.9,172.94,Completed,5,0
ORD-14861,1/30/2023,2/13/2023,CID-4507,New Customer,Port Harcourt,Central,David Lee,Online,Sports,Gym Bag,8,71.41,10,514.15,370.87,Completed,4,0
ORD-11005,8/26/2024,8/31/2024,CID-1649,Retail,Johannesburg,East,Olivia Clark,Wholesale,Electronics,USB-C Hub,8,45.29,0,362.32,252,Completed,NULL,0
ORD-11558,11/27/2022,11/30/2022,CID-2794,B2B,Nairobi,South,Henry Wilson,Wholesale,Beauty,Shampoo & Conditioner,8,27.57,15,187.48,123.31,Completed,5,0
ORD-13892,3/22/2022,3/29/2022,CID-1401,New Customer,Port Harcourt,West,James Turner,Phone Order,Home & garden,Plant Pot Set,3,31.61,0,94.83,62.83,Returned,NULL,1
ORD-11260,7/27/2024,NULL,CID-1954,Retail,Johannesburg,Central,Carol White,Phone Order,Electronics,Webcam HD,2,86.28,5,163.93,106.44,Pending,3,0
ORD-15062,3/20/2023,3/21/2023,CID-1373,Retail,Ibadan,North,NULL,Phone Order,Home & garden,Air Purifier,1,220.79,0,220.79,126.6,Completed,NULL,0
ORD-10913,12/7/2023,NULL,CID-4502,Retail,Johannesburg,West,Liam Moore,In-Store,Clothing,Sports Socks 3pk,9,14.93,30,94.06,93.67,Pending,4,0
ORD-13156,3/21/2022,NULL,CID-2040,Retail,Accra,South,Karen Davis,Phone Order,Sports,Water Bottle 1L,8,20.68,10,148.9,99,Completed,NULL,0
ORD-13997,9/15/2022,9/16/2022,CID-2236,New Customer,Dakar,South,Alice Johnson,Online,Beauty,Nail Polish Kit,6,21.8,25,98.1,63.17,Completed,NULL,0
ORD-12364,5/23/2024,6/6/2024,CID-4403,Retail,Johannesburg,West,Iris Park,In-Store,Beauty,Face Serum,6,54.2,5,308.94,223.4,Completed,2,0
ORD-13571,8/30/2024,8/31/2024,CID-2650,Retail,Ibadan,North,Alice Johnson,Wholesale,Clothing,Women's Blazer,6,89.66,0,537.96,353.8,Completed,5,0
ORD-12208,6/25/2022,6/28/2022,CID-3235,New Customer,Abuja,Central,Olivia Clark,Mobile App,Clothing,Winter Jacket,3,147.36,20,353.66,232.21,Completed,3,0
ORD-14178,8/25/2024,8/27/2024,CID-3026,VIP,Accra,South,Karen Davis,Mobile App,Beauty,Lipstick Set,3,47.42,0,142.26,66.44,Completed,NULL,0
ORD-12071,1/17/2022,1/19/2022,CID-1648,Retail,Kano,North,Emma Brown,Mobile App,Beauty,Perfume 50ml,1,80.42,0,80.42,41.11,Completed,5,0
ORD-12000,4/4/2024,4/5/2024,CID-3471,New Customer,Lagos,Central,Carol White,Online,Electronics,Smart Watch,2,229.97,20,367.95,311.51,Completed,2,0
ORD-10099,10/22/2023,10/27/2023,CID-3093,B2B,Cairo,West,Henry Wilson,In-Store,Beauty,Face Serum,5,52.96,10,238.32,171.18,Completed,NULL,0
ORD-15143,2/28/2022,3/5/2022,CID-3306,Retail,Port Harcourt,South,Nathan Harris,Mobile App,Electronics,Bluetooth Speaker,9,113.35,15,867.13,530.93,Cancelled,4,0
ORD-14732,5/1/2024,NULL,CID-2291,Retail,Johannesburg,South,Mia Scott,In-Store,Home & garden,Wall Clock,7,37.36,0,261.52,180.37,Disputed,5,0
ORD-16007,10/3/2024,10/4/2024,CID-2451,VIP,Cairo,North,Grace Chen,WHOLESALE,Beauty,Face Mask Pack,8,15.67,15,106.56,74,Completed,NULL,0
ORD-12221,11/13/2022,11/16/2022,CID-4299,B2B,Abuja,East,Liam Moore,Online,Sports,Protein Powder 1kg,9,49,25,330.75,297.13,Completed,2,0
ORD-15492,8/29/2023,9/1/2023,CID-3062,New Customer,Addis Ababa,Central,Mia Scott,Wholesale,Sports,Yoga Mat,4,36.81,25,110.43,88.39,Completed,4,0
ORD-11656,12/29/2024,1/5/2025,CID-2619,B2B,Johannesburg,North,Emma Brown,Online,Home & garden,Throw Pillow Set,10,51.39,30,359.73,251.99,Returned,NULL,1
ORD-11255,8/7/2022,8/21/2022,CID-4625,B2B,NULL,East,Henry Wilson,Online,Sports,Yoga Mat,7,32.89,5,218.72,126.06,Completed,1,0
ORD-10616,11/4/2022,11/6/2022,CID-1919,New Customer,Addis Ababa,North,Iris Park,MOBILE APP,Electronics,Laptop Pro 15,4,1189.84,0,4759.36,2597.4,Completed,5,0
ORD-11469,9/24/2023,9/25/2023,CID-3829,B2B,Ibadan,Central,Alice Johnson,Online,Beauty,Electric Toothbrush,5,81.51,0,407.55,256.32,Pending,NULL,0
ORD-12309,10/12/2023,10/13/2023,CID-1249,VIP,Ibadan,Central,Liam Moore,In-Store,Clothing,Women's Blazer,1,93.92,0,93.92,62.47,Disputed,1,0
ORD-13871,5/26/2022,6/9/2022,CID-3450,Retail,Benin City,North,Karen Davis,In-Store,Beauty,Nail Polish Kit,7,20.67,0,144.69,73.22,Completed,4,0
ORD-12319,5/6/2024,5/13/2024,CID-4269,New Customer,Cairo,North,Nathan Harris,Phone Order,Electronics,Wireless Earbuds,4,102.29,30,286.41,248.6,Completed,NULL,0
ORD-10662,7/26/2022,7/29/2022,CID-4997,New Customer,Casablanca,East,Frank Miller,In-Store,Sports,Foam Roller,2,40.33,15,68.56,49.65,Completed,5,0
ORD-10769,11/23/2022,11/24/2022,CID-2977,New Customer,Port Harcourt,West,Olivia Clark,Phone Order,Beauty,Face Mask Pack,3,16.02,0,48.06,30.35,Cancelled,NULL,0
ORD-10488,8/12/2024,8/13/2024,CID-4745,VIP,Kaduna,West,Mia Scott,Wholesale,Beauty,Nail Polish Kit,5,19.16,10,86.22,64.25,Completed,NULL,0
ORD-13913,7/26/2024,7/28/2024,CID-1122,Retail,Benin City,North,Olivia Clark,Online,Home & garden,Plant Pot Set,4,29.58,0,118.32,65.45,Completed,NULL,0
ORD-14808,10/10/2024,10/13/2024,CID-3240,VIP,Cairo,Central,Henry Wilson,Mobile App,Beauty,Shampoo & Conditioner,9,25.44,5,217.51,121.48,Disputed,5,0
ORD-15921,9/1/2023,9/3/2023,CID-4522,New Customer,Accra,East,David Lee,Wholesale,Clothing,Casual Sneakers,8,72.12,25,432.72,368.03,Completed,5,0
ORD-13859,11/27/2023,NULL,CID-4514,Loyalty Member,Kaduna,West,Iris Park,Phone Order,Clothing,Women's Blazer,7,89.45,30,438.3,392.73,Completed,NULL,0
ORD-14422,12/6/2024,12/20/2024,CID-4192,Retail,Johannesburg,North,Henry Wilson,In-Store,Beauty,Lipstick Set,9,44.22,30,278.59,262.38,Completed,4,0
ORD-12992,7/12/2022,7/17/2022,CID-1988,New Customer,Lagos,West,Liam Moore,Wholesale,Beauty,Shampoo & Conditioner,8,28.37,10,204.26,106.84,Completed,5,0
ORD-12229,10/6/2024,10/9/2024,CID-3857,New Customer,Kaduna,East,Grace Chen,Mobile App,Clothing,Formal Dress,8,112.42,10,809.42,427.2,Cancelled,5,0
ORD-14943,8/22/2022,8/25/2022,CID-3464,Retail,Nairobi,West,Nathan Harris,Phone Order,Clothing,Sports Socks 3pk,1,14.55,5,13.82,10.15,Completed,5,0
ORD-14090,9/21/2024,9/28/2024,CID-1368,Loyalty Member,Benin City,Central,Mia Scott,Online,Sports,Jump Rope,9,16.33,5,139.62,70.28,Completed,3,0
ORD-11652,8/16/2023,8/30/2023,CID-4823,VIP,Nairobi,South,Alice Johnson,Online,Beauty,Eye Cream,1,71.1,0,71.1,49.08,Pending,4,0
ORD-13491,3/21/2023,3/28/2023,CID-2334,B2B,Nairobi,Central,Carol White,Online,Electronics,Mechanical Keyboard,4,156.28,5,593.86,393.39,Completed,NULL,0
ORD-14510,9/28/2024,10/1/2024,CID-2530,Retail,Accra,Central,Liam Moore,PHONE ORDER,Beauty,Lipstick Set,9,40.18,10,325.46,181.3,Completed,NULL,0
ORD-10737,11/19/2023,12/3/2023,CID-1914,VIP,Kaduna,North,David Lee,Wholesale,Beauty,Lipstick Set,5,45.31,30,158.59,112.32,Returned,5,1
ORD-14416,3/5/2024,3/7/2024,CID-4077,Loyalty Member,Ibadan,East,Karen Davis,Phone Order,Sports,Swim Goggles,9,24.18,20,174.1,138.69,Disputed,2,0
ORD-16023,11/4/2024,11/18/2024,CID-3400,B2B,Nairobi,North,Karen Davis,Phone Order,Home & garden,Coffee Maker,1,92.93,15,78.99,64.88,Pending,5,0
ORD-10588,5/26/2024,5/28/2024,CID-1651,VIP,Abuja,South,Olivia Clark,Wholesale,Electronics,Wireless Earbuds,3,87.84,25,197.64,183.93,Pending,5,0
ORD-10754,4/6/2024,4/7/2024,CID-1865,Loyalty Member,Accra,South,David Lee,In-Store,Beauty,Nail Polish Kit,4,22.69,0,90.76,61.68,Returned,3,1
ORD-13107,12/6/2022,12/20/2022,CID-3741,VIP,Nairobi,West,Bob Smith,Online,Electronics,Portable Charger,8,35.71,0,285.68,193.91,Completed,NULL,0
ORD-15240,11/25/2024,11/30/2024,CID-3339,New Customer,Benin City,North,Bob Smith,Phone Order,Electronics,Wireless Earbuds,6,100.42,30,421.76,335.05,Completed,NULL,0
ORD-14587,6/15/2023,6/18/2023,CID-1562,Retail,Kaduna,North,NULL,Wholesale,Clothing,Denim Jeans,7,55.49,0,388.43,265.77,Pending,5,0
ORD-12779,3/30/2023,4/13/2023,CID-3028,Loyalty Member,Lagos,East,Bob Smith,In-Store,Clothing,Sports Socks 3pk,1,13.19,5,12.53,9.07,Completed,1,0
ORD-12120,8/26/2023,8/31/2023,CID-4876,B2B,Ibadan,West,Grace Chen,Phone Order,Home & garden,Wall Clock,4,36.27,0,145.08,85.29,Completed,NULL,0
ORD-10932,4/7/2024,4/14/2024,CID-2667,Loyalty Member,Abuja,North,Emma Brown,In-Store,Home & garden,Smart Plug 4pk,5,41.28,5,196.08,102.92,Completed,NULL,0
ORD-10864,3/17/2022,3/24/2022,CID-2933,B2B,Enugu,East,Iris Park,Phone Order,Electronics,Laptop Pro 15,10,1296.91,20,10375.28,6525.92,Returned,5,1
ORD-15176,6/23/2024,6/24/2024,CID-3591,VIP,Kano,West,Karen Davis,Mobile App,Electronics,Wireless Earbuds,7,92.37,25,484.94,400.85,Completed,3,0
ORD-11565,10/8/2024,10/11/2024,CID-1192,VIP,Addis Ababa,South,David Lee,Phone Order,Clothing,Denim Jeans,3,57.22,25,128.75,95.1,Disputed,4,0
ORD-15891,10/30/2023,11/6/2023,CID-4897,Loyalty Member,Cairo,West,Grace Chen,In-Store,Clothing,Women's Blazer,8,99.73,0,797.84,377.58,Completed,NULL,0
ORD-10993,1/22/2023,1/27/2023,CID-2023,New Customer,Dakar,Central,Grace Chen,Mobile App,Electronics,Webcam HD,5,86.03,5,408.64,252.52,Completed,NULL,0
ORD-14527,3/10/2022,3/12/2022,CID-4330,Loyalty Member,Ibadan,West,James Turner,Phone Order,Electronics,Wireless Earbuds,10,102.06,5,969.57,531.65,Completed,4,0
ORD-14221,3/6/2023,3/13/2023,CID-4477,Retail,Nairobi,Central,Frank Miller,Mobile App,Beauty,Shampoo & Conditioner,2,29.9,0,59.8,36.45,Completed,NULL,0
ORD-12634,11/8/2022,11/22/2022,CID-3653,New Customer,Accra,East,Bob Smith,In-Store,Clothing,Women's Blazer,7,88.08,10,554.9,414.54,Completed,NULL,0
ORD-11919,1/29/2024,2/12/2024,CID-2713,B2B,Benin City,South,NULL,Phone Order,Clothing,Running Shoes,7,95.24,10,600.01,420.91,Returned,5,1
ORD-13400,10/15/2023,NULL,CID-3344,Retail,Benin City,North,Frank Miller,In-Store,Clothing,Denim Jeans,2,58.71,30,82.19,72.85,Returned,NULL,1
ORD-14082,3/29/2022,NULL,CID-4801,New Customer,Benin City,West,Carol White,Phone Order,Beauty,Perfume 50ml,5,82.59,0,412.95,255.38,Completed,NULL,0
ORD-10396,3/16/2024,3/23/2024,CID-3389,Retail,Ibadan,West,David Lee,In-Store,Sports,Swim Goggles,8,27.98,10,201.46,105.77,Completed,5,0
ORD-12553,11/27/2022,12/2/2022,CID-1717,B2B,Enugu,East,Liam Moore,In-Store,Electronics,Webcam HD,9,87.61,30,551.94,522.44,Completed,3,0
ORD-11580,5/28/2024,6/2/2024,CID-4898,VIP,Lagos,West,Olivia Clark,Mobile App,Clothing,Running Shoes,9,119.48,20,860.26,520.99,Pending,NULL,0
ORD-10854,7/24/2022,7/27/2022,CID-2301,VIP,Nairobi,Central,Bob Smith,In-Store,Sports,Swim Goggles,6,24.88,15,126.89,91.64,Completed,4,0
ORD-13855,1/31/2024,2/3/2024,CID-3991,VIP,Nairobi,Central,Iris Park,Online,Electronics,Webcam HD,2,79.07,0,158.14,79.52,Completed,NULL,0
ORD-13821,5/2/2022,5/7/2022,CID-1053,New Customer,Nairobi,West,James Turner,Phone Order,Home & garden,Smart Plug 4pk,3,38.34,0,115.02,53.79,Completed,5,0
ORD-14253,2/17/2024,2/20/2024,CID-1174,Loyalty Member,Addis Ababa,South,Grace Chen,Phone Order,Sports,Protein Powder 1kg,6,59.78,15,304.88,171.78,Returned,NULL,1
ORD-15049,9/8/2023,9/9/2023,CID-2074,Retail,Cairo,South,Grace Chen,Phone Order,Clothing,Women's Blazer,8,95.62,0,764.96,456.12,Completed,2,0
ORD-13388,1/22/2022,NULL,CID-1321,Retail,Kaduna,South,Karen Davis,Online,Home & garden,Scented Candle,2,22.29,25,33.44,20.94,Completed,2,0
ORD-13228,11/2/2023,NULL,CID-2397,B2B,Port Harcourt,Central,Grace Chen,Phone Order,Clothing,Running Shoes,8,93.61,30,524.22,516.47,Completed,2,0
ORD-12313,11/18/2023,11/23/2023,CID-3547,VIP,Lagos,East,Henry Wilson,Wholesale,Beauty,Perfume 50ml,3,71.1,0,213.3,138.01,Completed,4,0
ORD-12086,10/11/2023,10/12/2023,CID-4824,VIP,Abuja,South,Olivia Clark,Mobile App,Electronics,USB-C Hub,2,42.62,0,85.24,59.38,Completed,NULL,0
ORD-11609,9/29/2024,10/13/2024,CID-1591,New Customer,Johannesburg,West,Nathan Harris,In-Store,Beauty,Perfume 50ml,10,78.07,25,585.52,545.81,Completed,5,0
ORD-15885,10/15/2022,10/22/2022,CID-3071,New Customer,Johannesburg,East,Bob Smith,IN-STORE,Clothing,Denim Jeans,6,65.73,25,295.78,216.1,Completed,NULL,0
ORD-14629,11/20/2024,NULL,CID-4096,New Customer,Lagos,Central,Nathan Harris,Phone Order,Sports,Gym Bag,4,73.77,10,265.57,145.26,Completed,NULL,0
ORD-10231,1/25/2023,2/1/2023,CID-3573,Retail,Ibadan,East,Karen Davis,In-Store,Electronics,Mechanical Keyboard,5,164.11,5,779.52,441.52,Completed,5,0
ORD-11029,10/15/2024,NULL,CID-2159,VIP,Abuja,Central,Carol White,Phone Order,Clothing,Sports Socks 3pk,2,16.44,30,23.02,16.36,Completed,2,0
ORD-11771,7/15/2022,7/20/2022,CID-2121,Loyalty Member,Ibadan,North,David Lee,In-Store,Sports,Gym Bag,8,78.63,20,503.23,311.92,Pending,2,0
ORD-12665,6/23/2023,6/30/2023,CID-3684,VIP,Enugu,West,Bob Smith,Wholesale,Home & garden,Throw Pillow Set,10,54.21,20,433.68,273.06,Returned,NULL,1
ORD-12079,5/30/2024,NULL,CID-4555,New Customer,Ibadan,South,Alice Johnson,In-Store,Home & garden,Coffee Maker,10,86,20,688,560.83,Completed,4,0
ORD-14392,8/14/2024,NULL,CID-3368,B2B,Enugu,North,Karen Davis,In-Store,Sports,Swim Goggles,9,30.44,10,246.56,143.38,Completed,1,0
ORD-13163,9/23/2022,10/7/2022,CID-3751,B2B,Addis Ababa,East,Carol White,Wholesale,Beauty,Shampoo & Conditioner,6,31.75,5,180.97,86.71,Completed,5,0
ORD-11465,4/16/2024,4/19/2024,CID-3185,Retail,Enugu,Central,Alice Johnson,Mobile App,Clothing,Running Shoes,2,100.57,0,201.14,104.32,Completed,NULL,0
ORD-15751,6/29/2023,NULL,CID-2994,B2B,Ibadan,Central,Nathan Harris,Online,Electronics,Bluetooth Speaker,7,136.23,0,953.61,602.19,Completed,2,0
ORD-11582,12/3/2022,12/8/2022,CID-3704,B2B,Addis Ababa,North,Grace Chen,Online,Electronics,Wireless Earbuds,2,84.06,15,142.9,116.93,Pending,NULL,0
ORD-11479,5/27/2023,6/3/2023,CID-3808,VIP,Benin City,South,Nathan Harris,Phone Order,Beauty,Electric Toothbrush,5,86.93,15,369.45,207.64,Completed,5,0
ORD-12789,4/2/2023,4/3/2023,CID-4695,Retail,Port Harcourt,North,Bob Smith,In-Store,Home & garden,Coffee Maker,7,104.82,0,733.74,412.57,Cancelled,NULL,0
ORD-14290,3/15/2023,3/17/2023,CID-3185,Retail,Lagos,West,Bob Smith,Online,Home & garden,Desk Lamp,3,38.44,10,103.79,75.89,Cancelled,4,0
ORD-10982,3/13/2022,3/27/2022,CID-4539,Loyalty Member,Addis Ababa,East,Nathan Harris,Wholesale,Home & garden,Wall Clock,3,38.3,0,114.9,56.61,Completed,4,0
ORD-16045,6/19/2022,6/22/2022,CID-3504,Loyalty Member,Casablanca,South,Henry Wilson,Mobile App,Sports,Yoga Mat,10,33.76,30,236.32,168.27,Completed,NULL,0
ORD-15245,3/27/2022,4/10/2022,CID-2363,Loyalty Member,Kano,East,Nathan Harris,Online,Sports,Water Bottle 1L,4,21.43,0,85.72,48.79,Disputed,5,0
ORD-13548,5/13/2022,5/16/2022,CID-2523,B2B,Kano,West,James Turner,Wholesale,Sports,Swim Goggles,6,31.3,20,150.24,98.98,Completed,4,0
ORD-11799,5/13/2022,NULL,CID-1213,B2B,Kano,West,Bob Smith,In-Store,Sports,Gym Bag,9,63.35,15,484.63,346.34,Completed,3,0
ORD-10430,7/11/2023,7/13/2023,CID-1980,Loyalty Member,Kano,North,NULL,PHONE ORDER,Beauty,Electric Toothbrush,4,79.16,30,221.65,186.98,Completed,4,0
ORD-15265,8/23/2023,8/25/2023,CID-3672,New Customer,Kano,East,Carol White,Mobile App,Beauty,Eye Cream,8,57.61,0,460.88,294.96,Completed,NULL,0
ORD-12618,6/18/2023,6/25/2023,CID-3824,Retail,Dakar,Central,Nathan Harris,Wholesale,Electronics,Mechanical Keyboard,4,162.47,15,552.4,416.38,Completed,NULL,0
ORD-14069,11/12/2022,11/26/2022,CID-3960,B2B,Lagos,West,Carol White,Phone Order,Sports,Foam Roller,6,34.95,20,167.76,107.18,Completed,5,0
ORD-13316,12/8/2024,12/9/2024,CID-2367,New Customer,Ibadan,South,Liam Moore,MOBILE APP,Sports,Resistance Bands Set,6,22.09,20,106.03,63.88,Completed,4,0
ORD-15947,2/2/2022,2/9/2022,CID-2770,New Customer,Kaduna,North,Liam Moore,Online,Clothing,Casual Sneakers,6,69.02,0,414.12,207.35,Completed,2,0
ORD-11138,10/5/2024,NULL,CID-1953,B2B,Lagos,South,Olivia Clark,Phone Order,Home & garden,Smart Plug 4pk,3,40.24,25,90.54,73.39,Returned,2,1
ORD-12240,5/19/2022,5/20/2022,CID-1949,Retail,Benin City,North,Nathan Harris,In-Store,Clothing,Sports Socks 3pk,10,15.38,15,130.73,101.12,Completed,5,0
ORD-14176,8/12/2023,8/15/2023,CID-1680,Loyalty Member,Lagos,East,David Lee,Online,Clothing,Sports Socks 3pk,1,16.49,25,12.37,11.42,Returned,1,1
ORD-10406,3/24/2022,3/25/2022,CID-4293,New Customer,Port Harcourt,North,Carol White,Wholesale,Sports,Foam Roller,3,39.17,5,111.63,64.67,Completed,NULL,0
ORD-15902,4/15/2022,4/17/2022,CID-3189,VIP,Ibadan,West,Alice Johnson,Mobile App,Home & garden,Desk Lamp,7,41.66,25,218.72,143.68,Pending,NULL,0
ORD-13185,11/15/2023,11/18/2023,CID-1869,Retail,Kano,North,Carol White,PHONE ORDER,Clothing,Women's Blazer,6,78.19,0,469.14,242.1,Completed,1,0
ORD-10783,12/5/2022,12/6/2022,CID-2355,Retail,Accra,West,Frank Miller,In-Store,Electronics,Laptop Pro 15,3,1325.58,30,2783.72,2636.45,Disputed,4,0
ORD-15998,2/28/2022,NULL,CID-3472,Loyalty Member,Casablanca,South,Alice Johnson,Mobile App,Beauty,Perfume 50ml,1,75.35,25,56.51,47.61,Completed,NULL,0
ORD-13395,8/6/2024,8/20/2024,CID-1697,Retail,Lagos,West,Karen Davis,Phone Order,Home & garden,Air Purifier,7,201.04,25,1055.46,959.65,Pending,3,0
ORD-10886,4/21/2024,4/22/2024,CID-3349,B2B,Cairo,South,Alice Johnson,In-Store,Home & garden,Air Purifier,NULL,197.75,25,1186.5,945.56,Completed,NULL,0
ORD-13934,12/23/2023,NULL,CID-1607,New Customer,Kano,South,Olivia Clark,In-Store,Clothing,Formal Dress,4,106.6,15,362.44,231.7,Completed,NULL,0
ORD-12385,4/4/2022,4/7/2022,CID-3344,Loyalty Member,Kano,West,Grace Chen,In-Store,Beauty,Perfume 50ml,1,74.67,10,67.2,37.69,Pending,2,0
ORD-10271,3/12/2023,3/14/2023,CID-2434,VIP,Abuja,West,David Lee,Online,Electronics,Portable Charger,10,37.26,10,335.34,221.5,Cancelled,4,0
ORD-10185,10/23/2023,10/30/2023,CID-1937,Loyalty Member,Nairobi,East,Alice Johnson,Online,Home & garden,Wall Clock,8,39.12,0,312.96,210.42,Disputed,1,0
ORD-12964,12/25/2022,12/26/2022,CID-3689,VIP,Johannesburg,Central,Olivia Clark,Online,Beauty,Face Serum,1,56.83,25,42.62,32.19,Completed,NULL,0
ORD-16020,11/11/2022,11/12/2022,CID-3722,VIP,Dakar,North,Carol White,Wholesale,Clothing,Casual Sneakers,2,74.8,15,127.16,85.29,Completed,NULL,0
ORD-11738,10/12/2023,10/15/2023,CID-2809,Retail,Enugu,West,Alice Johnson,IN-STORE,Beauty,Eye Cream,8,63.22,20,404.61,329.31,Completed,2,0
ORD-10138,6/5/2022,6/12/2022,CID-4482,Retail,Casablanca,South,Bob Smith,Wholesale,Electronics,Laptop Pro 15,5,1162.8,20,4651.2,3655.57,Returned,NULL,1
ORD-14396,11/20/2023,NULL,CID-3476,VIP,Port Harcourt,West,Nathan Harris,Wholesale,Beauty,Face Mask Pack,9,20.42,0,183.78,89.63,Returned,5,1
ORD-10802,12/22/2024,1/5/2025,CID-4435,Loyalty Member,Casablanca,North,Iris Park,Mobile App,Beauty,Eye Cream,10,57.88,30,405.16,332.64,Completed,3,0
ORD-13062,3/23/2023,3/26/2023,CID-2018,B2B,Kaduna,East,Grace Chen,WHOLESALE,Clothing,Women's Blazer,10,80.15,20,641.2,441.63,Returned,NULL,1
ORD-15887,12/20/2024,NULL,CID-4991,VIP,Port Harcourt,North,Frank Miller,In-Store,Home & garden,Desk Lamp,6,51.25,15,261.38,207.91,Completed,5,0
ORD-10281,2/10/2024,2/15/2024,CID-2515,VIP,Casablanca,West,Frank Miller,In-Store,Beauty,Shampoo & Conditioner,3,24.57,0,73.71,42.94,Completed,NULL,0
ORD-13436,11/11/2023,11/25/2023,CID-1125,B2B,Ibadan,West,James Turner,Online,Electronics,Portable Charger,1,41.99,15,35.69,22.99,Returned,NULL,1
ORD-13734,8/15/2023,8/16/2023,CID-2185,B2B,Cairo,South,Olivia Clark,Phone Order,Electronics,Wireless Earbuds,5,85.6,5,406.6,277.86,Pending,2,0
ORD-14766,3/10/2024,3/24/2024,CID-3344,B2B,Nairobi,North,Nathan Harris,Phone Order,Sports,Protein Powder 1kg,4,54.07,0,216.28,100.76,Completed,4,0
ORD-14556,4/28/2022,4/30/2022,CID-3725,New Customer,Ibadan,East,Henry Wilson,Phone Order,Clothing,Denim Jeans,3,63.63,30,133.62,90.45,Completed,1,0
ORD-10102,2/12/2023,2/14/2023,CID-2946,Retail,Benin City,North,Alice Johnson,In-Store,Sports,Foam Roller,2,39.97,5,75.94,40.46,Completed,5,0
ORD-11587,4/8/2024,NULL,CID-1345,VIP,Kaduna,South,Olivia Clark,Wholesale,Beauty,Electric Toothbrush,9,90.04,25,607.77,544.5,Completed,3,0
ORD-13070,7/9/2022,7/16/2022,CID-1324,VIP,Benin City,Central,Alice Johnson,Wholesale,Beauty,Nail Polish Kit,1,17.54,5,16.66,11.91,Completed,3,0
ORD-13972,9/25/2023,9/27/2023,CID-3608,B2B,Abuja,North,Iris Park,Phone Order,Clothing,Women's Blazer,10,92.47,0,924.7,504.48,Completed,3,0
ORD-15419,6/15/2022,6/18/2022,CID-2122,Retail,Casablanca,South,Alice Johnson,Wholesale,Clothing,Formal Dress,8,117.91,0,943.28,493.34,Completed,NULL,0
ORD-13293,9/8/2022,NULL,CID-1508,Loyalty Member,Johannesburg,West,Emma Brown,Phone Order,Sports,Protein Powder 1kg,3,47.75,0,143.25,93.18,Pending,1,0
ORD-13754,6/8/2022,6/15/2022,CID-1095,B2B,Port Harcourt,West,Olivia Clark,Mobile App,Home & garden,Coffee Maker,6,89.51,20,429.65,302.57,Returned,1,1
ORD-13990,7/7/2023,7/12/2023,CID-4109,Loyalty Member,Port Harcourt,East,Alice Johnson,Phone Order,Home & garden,Plant Pot Set,10,28.07,25,210.52,166.66,Returned,3,1
ORD-14882,1/25/2022,2/1/2022,CID-4373,Loyalty Member,Benin City,West,Karen Davis,Online,Electronics,USB-C Hub,1,48.33,10,43.5,24.32,Completed,NULL,0
ORD-15455,5/18/2024,5/20/2024,CID-4897,Retail,Casablanca,South,Alice Johnson,WHOLESALE,Electronics,Portable Charger,5,43.51,20,NULL,107.46,Returned,5,1
ORD-13201,5/26/2023,6/2/2023,CID-2044,New Customer,NULL,North,Liam Moore,Mobile App,Home & garden,Desk Lamp,7,50.55,20,283.08,184.68,Completed,2,0
ORD-16041,8/24/2022,NULL,CID-1520,Loyalty Member,Ibadan,South,David Lee,Phone Order,Home & garden,Air Purifier,7,194.9,20,1091.44,855.97,Completed,4,0
ORD-15720,12/9/2022,12/14/2022,CID-1199,Loyalty Member,Casablanca,West,Grace Chen,Phone Order,Clothing,Winter Jacket,9,136.53,5,1167.33,756.56,Completed,4,0
ORD-10166,6/2/2023,NULL,CID-2641,Loyalty Member,Cairo,West,Bob Smith,Online,Home & garden,Wall Clock,8,36.18,25,217.08,200.11,Completed,1,0
ORD-14850,11/27/2023,11/29/2023,CID-3866,New Customer,Kaduna,East,Alice Johnson,Online,Sports,Resistance Bands Set,2,25.87,15,43.98,30.56,Completed,3,0
ORD-15653,6/21/2022,7/5/2022,CID-1698,New Customer,Dakar,West,Frank Miller,Mobile App,Sports,Protein Powder 1kg,7,62.01,30,303.85,211.82,Returned,NULL,1
ORD-11450,5/3/2022,5/10/2022,CID-1605,VIP,Dakar,South,Frank Miller,Mobile App,Beauty,Perfume 50ml,9,84.78,20,610.42,481.96,Completed,5,0
ORD-10493,5/5/2024,5/8/2024,CID-1942,B2B,Benin City,South,David Lee,Wholesale,Clothing,Running Shoes,1,111.76,10,100.58,66.61,Completed,NULL,0
ORD-14813,9/8/2024,9/10/2024,CID-4525,VIP,NULL,South,David Lee,Phone Order,Beauty,Electric Toothbrush,4,93.93,5,356.93,182.57,Completed,NULL,0
ORD-15724,2/7/2023,NULL,CID-4434,B2B,Benin City,Central,Alice Johnson,Online,Electronics,Wireless Earbuds,9,82.98,0,746.82,484.24,Pending,4,0
ORD-11225,7/24/2023,7/27/2023,CID-2127,Retail,Johannesburg,South,James Turner,Wholesale,Home & garden,Wall Clock,2,38.06,0,76.12,50.46,Pending,2,0
ORD-10401,6/26/2023,NULL,CID-2498,Retail,Nairobi,East,NULL,Mobile App,Beauty,Perfume 50ml,9,82.81,0,745.29,415.67,Completed,NULL,0
ORD-11103,8/18/2024,9/1/2024,CID-3012,B2B,Kano,East,Carol White,Mobile App,Electronics,Bluetooth Speaker,NULL,106.83,25,160.25,141.34,Completed,4,0
ORD-10432,12/27/2022,NULL,CID-1763,VIP,Addis Ababa,West,Mia Scott,Mobile App,Electronics,USB-C Hub,9,50.58,0,455.22,224.77,Pending,1,0
ORD-10826,2/7/2023,NULL,CID-1726,Retail,Port Harcourt,South,Emma Brown,Mobile App,Sports,Swim Goggles,4,30.14,15,102.48,70.73,Disputed,3,0
ORD-11194,7/16/2024,7/23/2024,CID-3367,B2B,Cairo,East,Grace Chen,Phone Order,Electronics,USB-C Hub,3,48.47,0,145.41,89.46,Completed,NULL,0
ORD-11880,2/8/2024,NULL,CID-4542,New Customer,Ibadan,North,Mia Scott,Mobile App,Clothing,Casual Sneakers,8,84.51,10,608.47,465.57,Cancelled,NULL,0
ORD-10673,4/7/2023,4/9/2023,CID-2207,VIP,Abuja,West,Bob Smith,Online,Beauty,Nail Polish Kit,9,17.61,20,126.79,90.32,Completed,2,0
ORD-10139,5/10/2024,NULL,CID-4935,New Customer,Johannesburg,West,Bob Smith,Mobile App,Home & garden,Scented Candle,6,22.04,0,132.24,70.79,Completed,3,0
ORD-10669,6/10/2023,NULL,CID-1197,New Customer,Port Harcourt,North,Liam Moore,Online,Beauty,Face Serum,5,53.64,5,254.79,125.24,Completed,NULL,0
ORD-11845,6/16/2022,6/19/2022,CID-3696,Retail,Johannesburg,West,Olivia Clark,Mobile App,Home & garden,Wall Clock,4,36.86,25,NULL,88.93,Pending,5,0
ORD-13862,4/14/2023,4/16/2023,CID-1363,New Customer,Ibadan,South,Alice Johnson,Wholesale,Clothing,Denim Jeans,10,65.71,10,591.39,398.41,Completed,NULL,0
ORD-15627,10/30/2024,11/4/2024,CID-1336,New Customer,Kaduna,South,Nathan Harris,Wholesale,Home & garden,Air Purifier,1,223.85,0,223.85,113.38,Completed,4,0
ORD-12094,5/27/2024,5/30/2024,CID-1666,New Customer,Ibadan,South,Iris Park,Phone Order,Home & garden,Scented Candle,9,19.45,15,148.79,86.47,Completed,5,0
ORD-13386,2/4/2023,2/6/2023,CID-1365,VIP,Enugu,South,Henry Wilson,In-Store,Home & garden,Coffee Maker,7,104.19,30,510.53,376.12,Pending,3,0
ORD-15819,8/23/2022,9/6/2022,CID-1505,VIP,Accra,Central,Henry Wilson,Online,Electronics,Mechanical Keyboard,1,149.38,5,141.91,79.78,Completed,NULL,0
ORD-12651,2/1/2024,2/8/2024,CID-2717,Loyalty Member,Port Harcourt,West,Nathan Harris,In-Store,Beauty,Face Serum,1,64.37,5,61.15,39.6,Completed,3,0
ORD-11682,11/30/2024,NULL,CID-3537,Retail,Cairo,South,NULL,Phone Order,Electronics,Mechanical Keyboard,4,174.86,15,594.52,458.42,Completed,5,0
ORD-14956,8/4/2023,NULL,CID-2096,Loyalty Member,Abuja,North,Olivia Clark,Mobile App,Beauty,Lipstick Set,2,45.06,15,76.6,53.45,Returned,5,1
ORD-12637,9/24/2023,NULL,CID-3465,Retail,Casablanca,North,Alice Johnson,Phone Order,Sports,Foam Roller,10,34.45,0,344.5,167.8,Pending,3,0
ORD-14186,1/20/2024,2/3/2024,CID-2218,Loyalty Member,Johannesburg,South,Frank Miller,IN-STORE,Electronics,Portable Charger,NULL,36.74,25,220.44,166.92,Completed,4,0
ORD-15743,5/16/2023,5/23/2023,CID-2949,New Customer,Kaduna,East,Karen Davis,Phone Order,Clothing,Women's Blazer,7,92.2,10,580.86,319.12,Completed,NULL,0
ORD-13304,1/28/2023,NULL,CID-2924,New Customer,Casablanca,North,Karen Davis,Online,Beauty,Electric Toothbrush,6,86.11,15,439.16,256.65,Completed,4,0
ORD-12837,12/1/2022,12/6/2022,CID-2678,Loyalty Member,Cairo,North,Iris Park,Phone Order,Home & garden,Plant Pot Set,2,26.94,30,37.72,36.11,Completed,5,0
ORD-13956,7/3/2023,7/4/2023,CID-2351,Retail,Nairobi,North,James Turner,Wholesale,Home & garden,Air Purifier,3,191.14,0,573.42,319.41,Completed,2,0
ORD-13077,6/7/2022,6/8/2022,CID-3187,New Customer,Accra,North,Emma Brown,In-Store,Beauty,Lipstick Set,4,45.88,0,183.52,91.55,Completed,NULL,0
ORD-13341,8/26/2022,8/28/2022,CID-1020,New Customer,Casablanca,East,Olivia Clark,Phone Order,Sports,Water Bottle 1L,9,20.62,10,167.02,128.2,Cancelled,NULL,0
ORD-14831,4/9/2024,4/11/2024,CID-3598,New Customer,Addis Ababa,Central,NULL,WHOLESALE,Sports,Yoga Mat,7,29.89,0,209.23,96.25,Cancelled,4,0
ORD-15562,7/24/2023,7/27/2023,CID-4201,Loyalty Member,Casablanca,North,Karen Davis,Wholesale,Home & garden,Scented Candle,10,20.86,30,146.02,139.92,Completed,4,0
ORD-15451,12/10/2024,12/15/2024,CID-1679,B2B,Cairo,East,Nathan Harris,Online,Home & garden,Wall Clock,4,33.42,25,100.26,78.35,Returned,NULL,1
ORD-13771,1/13/2024,1/15/2024,CID-1557,Retail,Benin City,West,Alice Johnson,Phone Order,Electronics,Bluetooth Speaker,3,104.91,20,251.78,210.88,Completed,2,0
ORD-15560,7/16/2022,7/21/2022,CID-2068,B2B,Kano,West,Karen Davis,Wholesale,Home & garden,Air Purifier,9,194.37,30,1224.53,795.95,Completed,4,0
ORD-15326,8/1/2022,NULL,CID-3826,Loyalty Member,Benin City,West,Grace Chen,Mobile App,Clothing,Formal Dress,7,125.31,15,745.59,560.83,Pending,NULL,0
ORD-13522,3/19/2024,4/2/2024,CID-4521,VIP,Port Harcourt,Central,Carol White,Wholesale,Clothing,Winter Jacket,3,127.17,0,381.51,173.85,Completed,3,0
ORD-12829,7/14/2023,7/28/2023,CID-3626,B2B,Port Harcourt,Central,Mia Scott,In-Store,Clothing,Formal Dress,1,115.89,5,110.1,71.47,Completed,5,0
ORD-11045,8/5/2022,NULL,CID-3877,Retail,Port Harcourt,Central,Frank Miller,Mobile App,Sports,Water Bottle 1L,10,22.39,0,223.9,132,Returned,3,1
ORD-10711,11/3/2024,11/8/2024,CID-4601,B2B,Kano,South,Mia Scott,Phone Order,Beauty,Nail Polish Kit,1,21.75,30,15.22,10.14,Completed,4,0
ORD-15987,8/23/2022,NULL,N/A,Loyalty Member,Benin City,South,Iris Park,Phone Order,Electronics,USB-C Hub,1,49.04,10,44.14,33.05,Completed,NULL,0
ORD-15171,3/21/2023,3/23/2023,CID-3666,New Customer,Addis Ababa,South,NULL,Mobile App,Sports,Protein Powder 1kg,4,51.46,0,205.84,132.75,Completed,NULL,0
ORD-10505,4/25/2022,5/9/2022,CID-1338,New Customer,Cairo,North,Liam Moore,In-Store,Electronics,Laptop Pro 15,2,1156.54,20,1850.46,1360.5,Completed,NULL,0
ORD-11454,11/25/2022,11/28/2022,CID-1976,B2B,Lagos,Central,David Lee,Mobile App,Home & garden,Air Purifier,4,185.09,20,592.29,386.29,Completed,NULL,0
ORD-14911,10/26/2024,NULL,CID-1933,Loyalty Member,Lagos,North,Carol White,In-Store,Clothing,Formal Dress,3,125.54,5,357.79,180.69,Completed,NULL,0
ORD-12657,10/20/2022,10/22/2022,CID-3937,Loyalty Member,Abuja,North,Liam Moore,Online,Beauty,Eye Cream,10,57.7,5,548.15,333.9,Completed,NULL,0
ORD-14953,3/7/2024,3/8/2024,CID-2228,New Customer,Dakar,West,Olivia Clark,In-Store,Sports,Foam Roller,5,35.12,30,122.92,98.02,Completed,5,0
ORD-13167,12/30/2024,1/4/2025,CID-3736,Retail,Enugu,Central,Bob Smith,Mobile App,Electronics,Mechanical Keyboard,6,159.02,0,954.12,628.57,Completed,2,0
ORD-13222,4/26/2023,5/10/2023,CID-4885,B2B,Abuja,West,Grace Chen,In-Store,Home & garden,Desk Lamp,8,44.16,5,335.62,170.77,Completed,4,0
ORD-13451,11/15/2024,NULL,CID-4743,New Customer,Port Harcourt,Central,Bob Smith,Online,Home & garden,Throw Pillow Set,1,51.81,5,49.22,31.39,Completed,1,0
ORD-11813,1/24/2023,1/25/2023,CID-3991,New Customer,Kaduna,North,Nathan Harris,Phone Order,Beauty,Shampoo & Conditioner,6,29.8,0,178.8,89.21,Returned,5,1
ORD-10639,8/12/2022,8/14/2022,CID-2908,Retail,Accra,North,Carol White,Mobile App,Beauty,Perfume 50ml,4,84.98,0,339.92,164.53,Completed,NULL,0
ORD-10012,6/13/2022,NULL,CID-2556,VIP,Port Harcourt,South,NULL,Online,Home & garden,Throw Pillow Set,2,57.66,0,115.32,74.18,Completed,5,0
ORD-12727,12/17/2022,12/18/2022,CID-3663,VIP,Benin City,Central,Henry Wilson,Phone Order,Home & garden,Coffee Maker,8,98.91,25,593.46,442.36,Completed,3,0
ORD-12823,2/3/2023,NULL,CID-3245,New Customer,Enugu,Central,Frank Miller,Mobile App,Beauty,Lipstick Set,9,38.8,5,331.74,219.35,Pending,4,0
ORD-14294,10/5/2022,10/6/2022,CID-2676,Loyalty Member,Lagos,Central,Frank Miller,In-Store,Sports,Foam Roller,4,42.48,20,135.94,94.06,Disputed,NULL,0
ORD-15797,7/27/2023,NULL,CID-2564,B2B,Lagos,West,Bob Smith,Wholesale,Sports,Water Bottle 1L,8,22.09,20,141.38,114,Returned,2,1
ORD-13753,12/1/2024,12/15/2024,CID-3167,New Customer,Casablanca,Central,NULL,Mobile App,Sports,Swim Goggles,1,25.77,30,18.04,14.39,Disputed,NULL,0
ORD-14840,11/2/2024,11/7/2024,CID-4640,VIP,Lagos,North,James Turner,Phone Order,Sports,Jump Rope,10,13.91,0,139.1,94.38,Completed,4,0
ORD-12122,9/26/2024,10/1/2024,CID-4060,VIP,NULL,West,Grace Chen,Phone Order,Home & garden,Scented Candle,2,19.79,10,35.62,19.85,Completed,2,0
ORD-15110,6/26/2024,6/28/2024,CID-3425,Retail,Casablanca,South,Mia Scott,Phone Order,Home & garden,Coffee Maker,6,93.61,5,533.58,362.24,Completed,5,0
ORD-15051,2/22/2022,2/27/2022,CID-2346,Retail,Lagos,Central,David Lee,In-Store,Beauty,Face Mask Pack,5,15.78,25,59.17,43.59,Completed,2,0
ORD-12191,11/15/2023,11/22/2023,CID-2105,Retail,Port Harcourt,Central,Henry Wilson,Online,Home & garden,Smart Plug 4pk,8,43.93,0,351.44,184.61,Returned,NULL,1
ORD-14532,12/1/2022,12/8/2022,CID-4325,VIP,Nairobi,West,Carol White,Online,Clothing,Denim Jeans,4,60.99,0,243.96,124.8,Completed,NULL,0
ORD-13473,10/1/2024,10/3/2024,CID-2732,New Customer,Johannesburg,West,Nathan Harris,In-Store,Home & garden,Plant Pot Set,5,30.22,30,105.77,82.47,Completed,4,0
ORD-12288,7/27/2023,7/28/2023,CID-4446,B2B,Ibadan,South,Olivia Clark,In-Store,Electronics,Laptop Pro 15,6,1273.98,20,6115.1,4628.12,Disputed,NULL,0
ORD-12686,7/19/2024,7/21/2024,CID-4584,Retail,Kaduna,North,Olivia Clark,Wholesale,Electronics,Mechanical Keyboard,4,149.4,25,448.2,287.57,Completed,4,0
ORD-13125,12/4/2022,12/7/2022,CID-3430,Retail,Abuja,South,James Turner,Wholesale,Clothing,Casual Sneakers,7,74.88,5,497.95,315.88,Completed,2,0
ORD-13248,7/19/2022,8/2/2022,CID-1788,B2B,Kano,Central,Alice Johnson,Wholesale,Home & garden,Smart Plug 4pk,8,42.35,30,237.16,154.74,Completed,1,0
ORD-13405,10/13/2024,10/15/2024,CID-4522,VIP,Casablanca,West,NULL,In-Store,Beauty,Face Mask Pack,2,17.88,25,26.82,16.64,Cancelled,NULL,0
ORD-15478,4/15/2024,4/17/2024,CID-2888,VIP,Dakar,North,Carol White,Phone Order,Electronics,Mechanical Keyboard,4,154.53,15,525.4,315.74,Disputed,5,0
ORD-13254,3/13/2022,3/20/2022,CID-1444,B2B,Kano,South,Karen Davis,Mobile App,Clothing,Women's Blazer,3,85.74,25,192.91,126.77,Completed,NULL,0
ORD-10502,12/27/2023,12/30/2023,CID-4929,Loyalty Member,Kano,West,Bob Smith,Wholesale,Electronics,Smart Watch,4,257.95,5,980.21,99,Completed,4,0
ORD-15463,6/11/2022,NULL,CID-4058,Loyalty Member,Abuja,East,James Turner,In-Store,Sports,Water Bottle 1L,8,21.35,5,162.26,86.55,Disputed,3,0
ORD-11625,2/20/2022,2/27/2022,CID-3637,B2B,Nairobi,East,Iris Park,Online,Sports,Yoga Mat,8,36.53,10,263.02,194.77,Completed,NULL,0
ORD-11431,8/1/2024,8/15/2024,CID-4692,Retail,Johannesburg,West,James Turner,Phone Order,Home & garden,Air Purifier,6,170.33,0,1021.98,543.21,Completed,5,0
ORD-12005,1/2/2024,1/3/2024,CID-2476,Retail,Addis Ababa,Central,Frank Miller,Online,Beauty,Lipstick Set,2,36.98,5,70.26,50.96,Pending,1,0
ORD-10512,3/26/2024,3/27/2024,CID-1984,New Customer,Cairo,East,Carol White,Phone Order,Home & garden,Coffee Maker,4,106.49,0,425.96,267.58,Completed,NULL,0
ORD-10942,6/5/2022,NULL,CID-2448,Loyalty Member,Ibadan,South,Henry Wilson,Wholesale,Clothing,Winter Jacket,2,152.56,20,244.1,199.94,Completed,3,0
ORD-12019,4/17/2023,4/22/2023,CID-3158,B2B,Johannesburg,North,James Turner,Mobile App,Beauty,Eye Cream,9,64.86,30,408.62,340.94,Completed,2,0
ORD-11702,9/1/2024,9/15/2024,CID-4489,VIP,Nairobi,West,James Turner,Wholesale,Home & garden,Throw Pillow Set,4,59.71,5,226.9,127.87,Completed,NULL,0
ORD-12187,7/12/2022,7/13/2022,CID-2853,VIP,Accra,East,Mia Scott,Wholesale,Home & garden,Throw Pillow Set,9,49.51,30,311.91,216.84,Completed,4,0
ORD-11230,4/29/2023,5/4/2023,CID-4530,Retail,Port Harcourt,South,Mia Scott,Phone Order,Clothing,Running Shoes,8,120.16,15,817.09,495.36,Completed,NULL,0
ORD-12402,12/28/2024,1/4/2025,CID-3035,VIP,Casablanca,South,Grace Chen,Online,Beauty,Shampoo & Conditioner,4,28.51,20,91.23,65.1,Returned,NULL,1
ORD-11240,5/11/2023,5/25/2023,CID-3129,B2B,Enugu,Central,Mia Scott,In-Store,Home & garden,Plant Pot Set,2,31.39,10,56.5,34.39,Completed,NULL,0
ORD-12443,7/16/2023,7/30/2023,CID-4535,New Customer,Nairobi,North,James Turner,Online,Home & garden,Wall Clock,7,43.65,0,305.55,191.29,Returned,5,1
ORD-11915,11/15/2023,NULL,CID-2120,New Customer,Kano,East,Carol White,In-Store,Electronics,Webcam HD,2,82.32,15,139.94,89.02,Completed,5,0
ORD-14736,1/2/2024,1/3/2024,CID-4936,Loyalty Member,Nairobi,West,Liam Moore,In-Store,Home & garden,Air Purifier,10,216.1,0,2161,1312.74,Returned,5,1
ORD-11574,11/18/2022,12/2/2022,CID-4121,Retail,Port Harcourt,East,Liam Moore,Mobile App,Electronics,Wireless Earbuds,3,98.9,0,296.7,201.09,Completed,NULL,0
ORD-14205,2/4/2022,NULL,CID-1670,Retail,Accra,South,Nathan Harris,Wholesale,Electronics,Laptop Pro 15,9,1142.5,30,7197.75,5212.91,Completed,NULL,0
ORD-12255,12/23/2023,12/26/2023,CID-4495,Retail,Benin City,Central,Olivia Clark,Phone Order,Clothing,Formal Dress,4,122.53,5,465.61,278.6,Completed,5,0
ORD-13501,8/17/2024,NULL,CID-3944,New Customer,Johannesburg,Central,Olivia Clark,Mobile App,Sports,Protein Powder 1kg,8,49.42,0,395.36,210.64,Completed,5,0
ORD-15118,11/10/2024,11/24/2024,CID-1914,B2B,Casablanca,Central,Olivia Clark,Phone Order,Beauty,Perfume 50ml,3,64.57,30,135.6,91.29,Completed,5,0
ORD-14590,3/6/2024,3/13/2024,CID-4663,Retail,NULL,East,Henry Wilson,Mobile App,Home & garden,Air Purifier,4,179.82,25,539.46,408.17,Pending,4,0
ORD-12649,10/25/2023,10/26/2023,CID-1726,B2B,Accra,South,Nathan Harris,In-Store,Electronics,Webcam HD,8,89.7,0,717.6,372.2,Completed,3,0
ORD-11423,3/7/2024,3/12/2024,CID-3703,Loyalty Member,Nairobi,North,James Turner,Mobile App,Sports,Jump Rope,3,14.69,25,33.05,23.27,Completed,NULL,0
ORD-14563,12/19/2023,NULL,CID-2444,New Customer,Port Harcourt,North,Iris Park,In-Store,Sports,Gym Bag,3,62.84,30,131.96,93.49,Returned,4,1
ORD-10215,12/28/2024,1/2/2025,CID-4573,Loyalty Member,Abuja,East,Karen Davis,Mobile App,Beauty,Perfume 50ml,6,78.37,20,376.18,311.73,Completed,4,0
ORD-15587,3/14/2024,3/19/2024,CID-3086,Loyalty Member,Addis Ababa,Central,NULL,Online,Beauty,Face Mask Pack,3,20.11,20,48.26,33,Completed,NULL,0
ORD-12656,1/2/2022,1/5/2022,CID-1525,Loyalty Member,Enugu,West,Henry Wilson,Wholesale,Beauty,Eye Cream,7,63.84,30,312.82,296.83,Completed,NULL,0
ORD-13001,5/18/2022,5/19/2022,CID-2944,B2B,Addis Ababa,North,Emma Brown,Wholesale,Beauty,Eye Cream,1,63.76,10,57.38,39.88,Completed,3,0
ORD-14858,9/19/2023,NULL,CID-4983,VIP,Kaduna,Central,James Turner,Phone Order,Beauty,Shampoo & Conditioner,4,28.63,10,103.07,62.13,Pending,1,0
ORD-11418,11/30/2024,NULL,CID-1827,New Customer,Benin City,West,Mia Scott,Mobile App,Home & garden,Desk Lamp,5,48.51,0,242.55,149.23,Completed,NULL,0
ORD-15008,4/5/2022,NULL,CID-2048,B2B,Kano,North,Bob Smith,IN-STORE,Electronics,Bluetooth Speaker,7,125.58,0,879.06,416.59,Completed,NULL,0
ORD-11481,4/28/2024,5/1/2024,CID-4869,Loyalty Member,Kano,South,Grace Chen,Mobile App,Home & garden,Desk Lamp,10,49.04,15,416.84,245.04,Cancelled,1,0
ORD-14338,1/20/2022,1/22/2022,CID-4045,B2B,Dakar,North,Carol White,In-Store,Sports,Gym Bag,6,68.57,10,370.28,200.37,Returned,1,1
ORD-15770,5/18/2023,5/21/2023,CID-3923,VIP,NULL,North,Iris Park,Wholesale,Electronics,Portable Charger,8,41.58,25,249.48,216.77,Completed,NULL,0
ORD-12655,12/11/2024,12/13/2024,CID-2428,Retail,Kaduna,South,Bob Smith,Online,Clothing,Casual Sneakers,1,77.05,30,53.93,46.2,Pending,2,0
ORD-12422,1/20/2023,1/22/2023,CID-2355,Loyalty Member,Benin City,North,Iris Park,Mobile App,Clothing,Running Shoes,8,126.28,0,1010.24,456.02,Completed,NULL,0
ORD-11910,11/11/2022,11/14/2022,CID-4948,Retail,Ibadan,West,Grace Chen,Online,Home & garden,Throw Pillow Set,6,56.73,30,238.27,188.88,Completed,NULL,0
ORD-15669,1/8/2023,1/11/2023,CID-4470,New Customer,Ibadan,North,Grace Chen,Wholesale,Electronics,Portable Charger,9,35.18,0,316.62,216.51,Completed,5,0
ORD-15173,11/28/2023,11/29/2023,CID-3654,New Customer,Abuja,East,Carol White,Mobile App,Electronics,Mechanical Keyboard,8,181.38,20,1160.83,911.07,Pending,3,0
ORD-14361,9/25/2023,9/27/2023,CID-4296,Retail,Abuja,North,David Lee,Wholesale,Home & garden,Plant Pot Set,6,26.77,30,112.43,95.3,Cancelled,5,0
ORD-13506,6/16/2024,6/19/2024,CID-3733,B2B,Kano,South,NULL,Wholesale,Sports,Swim Goggles,10,28.16,25,211.2,162.34,Completed,NULL,0
ORD-15990,2/21/2024,2/24/2024,CID-3196,New Customer,Benin City,West,Mia Scott,Phone Order,Electronics,Bluetooth Speaker,7,137.75,0,964.25,585.23,Returned,3,1
ORD-11080,3/10/2023,3/12/2023,CID-3247,B2B,Johannesburg,Central,Iris Park,Wholesale,Home & garden,Air Purifier,5,197.28,25,739.8,525.72,Completed,1,0
ORD-15765,9/26/2024,9/29/2024,CID-2648,Loyalty Member,Casablanca,Central,NULL,Mobile App,Home & garden,Coffee Maker,10,98.58,15,837.93,590.94,Completed,4,0
ORD-14489,9/24/2022,9/29/2022,CID-3892,B2B,Benin City,South,Carol White,Online,Clothing,Running Shoes,8,121.89,5,926.36,621.54,Completed,NULL,0
ORD-12970,8/25/2024,9/1/2024,CID-3974,B2B,Enugu,South,Frank Miller,Wholesale,Electronics,Portable Charger,6,40.15,0,240.9,135.88,Completed,5,0
ORD-12328,1/12/2024,1/26/2024,CID-2838,B2B,Nairobi,West,James Turner,In-Store,Beauty,Nail Polish Kit,2,20.36,15,34.61,19.1,Cancelled,3,0
ORD-12907,2/4/2023,2/11/2023,CID-4238,Retail,Ibadan,Central,Emma Brown,In-Store,Sports,Water Bottle 1L,4,20.65,0,82.6,38.42,Completed,4,0
ORD-11387,9/26/2022,9/27/2022,CID-3830,New Customer,Addis Ababa,West,Frank Miller,Wholesale,Sports,Resistance Bands Set,7,28.12,25,147.63,94.31,Completed,NULL,0
ORD-12003,9/7/2024,9/9/2024,CID-3834,Loyalty Member,NULL,South,Alice Johnson,Phone Order,Clothing,Formal Dress,10,131.36,25,985.2,692.07,Completed,1,0
ORD-13804,2/26/2022,3/12/2022,CID-1408,Retail,Benin City,Central,Bob Smith,In-Store,Home & garden,Smart Plug 4pk,2,39.92,0,79.84,49.9,Disputed,NULL,0
ORD-15487,4/7/2022,4/8/2022,CID-3046,New Customer,Enugu,South,Karen Davis,Online,Sports,Yoga Mat,7,40.02,30,196.1,137.74,Completed,4,0
ORD-11171,7/2/2024,7/9/2024,CID-4348,Loyalty Member,Abuja,East,Emma Brown,Wholesale,Electronics,Webcam HD,7,83.85,0,586.95,394.91,Completed,5,0
ORD-11760,2/26/2023,2/28/2023,CID-1286,VIP,Accra,East,Karen Davis,Phone Order,Electronics,Smart Watch,4,279.73,0,1118.92,611.46,Completed,1,0
ORD-14086,4/2/2024,4/5/2024,CID-4174,Loyalty Member,Kaduna,West,Liam Moore,Wholesale,Clothing,Sports Socks 3pk,9,16.24,15,124.24,100.84,Returned,3,1
ORD-15321,8/18/2023,8/20/2023,CID-1511,B2B,Cairo,North,Iris Park,Phone Order,Sports,Gym Bag,8,72.2,5,548.72,349.27,Returned,5,1
ORD-13936,3/31/2023,NULL,CID-1928,Retail,Accra,East,David Lee,In-Store,Sports,Protein Powder 1kg,1,52.75,10,47.48,29.98,Completed,5,0
ORD-12913,7/17/2024,7/20/2024,CID-2322,Retail,Lagos,South,NULL,In-Store,Home & garden,Air Purifier,5,185.62,25,696.08,581.52,Disputed,5,0
ORD-15866,1/24/2022,NULL,CID-3985,New Customer,Abuja,West,Grace Chen,Phone Order,Electronics,Portable Charger,7,43.19,30,211.63,192.1,Completed,4,0
ORD-13581,5/15/2022,5/18/2022,CID-3500,Retail,Casablanca,South,Alice Johnson,Wholesale,Electronics,Portable Charger,10,36.84,0,368.4,227.28,Completed,NULL,0
ORD-12808,4/27/2022,4/28/2022,CID-3188,B2B,Johannesburg,North,Grace Chen,PHONE ORDER,Sports,Jump Rope,9,13.4,0,120.6,83.34,Completed,5,0
ORD-10707,6/26/2024,NULL,CID-3477,B2B,Benin City,East,Emma Brown,Mobile App,Home & garden,Wall Clock,2,33.83,5,64.28,46.93,Completed,4,0
ORD-14328,1/20/2022,1/27/2022,CID-2868,Loyalty Member,Johannesburg,Central,Emma Brown,Wholesale,Beauty,Lipstick Set,4,40.48,25,121.44,75.24,Completed,4,0
ORD-11185,9/11/2023,9/18/2023,CID-2693,B2B,Accra,West,NULL,Phone Order,Electronics,Webcam HD,2,80.33,15,136.56,75.15,Completed,3,0
ORD-13610,9/4/2024,9/18/2024,CID-3411,Retail,Ibadan,North,Emma Brown,Online,Beauty,Lipstick Set,8,42.99,20,275.14,240.66,Completed,2,0
ORD-13739,10/11/2022,10/13/2022,CID-4548,VIP,Dakar,East,Emma Brown,Mobile App,Sports,Yoga Mat,8,34.17,10,246.02,174.34,Disputed,2,0
ORD-10248,5/8/2024,5/15/2024,CID-3682,New Customer,Nairobi,South,Olivia Clark,Mobile App,Clothing,Casual Sneakers,8,84.09,15,571.81,427.71,Completed,5,0
ORD-10238,6/21/2023,6/28/2023,CID-1443,New Customer,Lagos,West,Nathan Harris,Wholesale,Electronics,Portable Charger,9,38.47,0,346.23,214.04,Returned,NULL,1
ORD-14081,4/2/2024,4/5/2024,CID-1449,VIP,Accra,North,Bob Smith,Phone Order,Sports,Protein Powder 1kg,7,53.63,30,262.79,215.81,Completed,NULL,0
ORD-14664,7/19/2023,7/20/2023,CID-1008,Loyalty Member,Cairo,North,Grace Chen,Phone Order,Clothing,Sports Socks 3pk,10,15.64,0,156.4,88.64,Completed,2,0
ORD-10541,3/29/2024,NULL,CID-1433,VIP,Kano,East,Mia Scott,MOBILE APP,Clothing,Sports Socks 3pk,3,15.28,0,45.84,28.02,Completed,NULL,0
ORD-13184,1/16/2024,NULL,CID-2666,VIP,Enugu,West,Emma Brown,Wholesale,Clothing,Winter Jacket,6,165.94,20,796.51,690.76,Completed,3,0
ORD-10531,10/30/2023,11/4/2023,CID-2495,Loyalty Member,Kano,East,Nathan Harris,MOBILE APP,Beauty,Nail Polish Kit,5,22.81,25,85.54,73.62,Completed,NULL,0
ORD-11523,3/5/2024,3/10/2024,CID-2732,New Customer,Casablanca,East,James Turner,Phone Order,Home & garden,Air Purifier,6,181.08,30,760.54,609.91,Completed,5,0
ORD-13845,1/2/2023,NULL,CID-2874,Loyalty Member,Port Harcourt,North,Olivia Clark,In-Store,Clothing,Casual Sneakers,1,90.88,5,86.34,46.35,Completed,2,0
ORD-13162,8/26/2022,NULL,CID-3296,B2B,Accra,South,Olivia Clark,Mobile App,Electronics,Mechanical Keyboard,10,160.63,5,1525.98,944.65,Returned,4,1
ORD-15210,6/30/2024,7/1/2024,CID-3581,B2B,Dakar,West,David Lee,Mobile App,Home & garden,Smart Plug 4pk,2,39.86,20,63.78,51.14,Completed,NULL,0
ORD-12708,3/23/2024,3/25/2024,CID-3512,Retail,Enugu,West,Bob Smith,WHOLESALE,Sports,Gym Bag,5,74.53,0,372.65,217.33,Completed,4,0
ORD-10837,5/15/2023,5/16/2023,CID-2580,VIP,Lagos,East,Grace Chen,Online,Electronics,Bluetooth Speaker,8,134.56,5,1022.66,649.58,Completed,NULL,0
ORD-13969,12/22/2024,12/29/2024,CID-2721,B2B,Cairo,Central,Henry Wilson,Phone Order,Clothing,Formal Dress,7,118.57,0,829.99,443.86,Completed,NULL,0
ORD-11307,10/7/2022,10/8/2022,CID-1701,B2B,Addis Ababa,West,Henry Wilson,Mobile App,Clothing,Sports Socks 3pk,3,15.86,0,47.58,22.12,Returned,4,1
ORD-10317,3/2/2024,NULL,CID-4576,Retail,Nairobi,East,Liam Moore,Phone Order,Sports,Yoga Mat,6,33.21,0,199.26,117.46,Completed,3,0
ORD-14187,7/29/2024,7/31/2024,CID-1832,B2B,Benin City,East,Emma Brown,Phone Order,Beauty,Shampoo & Conditioner,6,29.7,10,160.38,123.85,Completed,NULL,0
ORD-15181,10/25/2024,NULL,CID-1854,New Customer,Casablanca,West,Grace Chen,Phone Order,Electronics,USB-C Hub,3,44.15,10,119.2,79.45,Completed,NULL,0
ORD-10414,8/14/2022,8/16/2022,CID-2715,B2B,Kaduna,North,Henry Wilson,Wholesale,Sports,Gym Bag,3,60.16,5,171.46,124,Completed,NULL,0
ORD-10143,7/4/2023,7/7/2023,CID-2142,B2B,Casablanca,South,Nathan Harris,Online,Clothing,Winter Jacket,10,156.95,30,1098.65,888.68,Pending,NULL,0
ORD-10196,10/17/2024,10/31/2024,CID-1833,B2B,Addis Ababa,West,Mia Scott,Online,Electronics,Mechanical Keyboard,7,144.1,0,1008.7,545.15,Completed,4,0
ORD-14904,6/27/2022,6/30/2022,CID-4781,Retail,Benin City,North,Mia Scott,Phone Order,Electronics,Webcam HD,7,87.14,0,609.98,307.07,Pending,NULL,0
ORD-13396,5/9/2024,5/11/2024,CID-4008,Loyalty Member,Benin City,Central,Iris Park,Wholesale,Beauty,Lipstick Set,2,38.99,5,74.08,53.23,Cancelled,4,0
ORD-13596,3/28/2024,3/31/2024,CID-1658,New Customer,Addis Ababa,East,Iris Park,In-Store,Sports,Jump Rope,9,16.42,0,147.78,97.96,Returned,5,1
ORD-15128,9/3/2023,NULL,CID-4280,Retail,Kaduna,South,Iris Park,Phone Order,Sports,Yoga Mat,7,35.7,20,199.92,115.51,Completed,NULL,0
ORD-12698,6/3/2024,6/17/2024,CID-1740,VIP,Abuja,North,David Lee,Phone Order,Home & garden,Wall Clock,8,32.72,30,183.23,143.88,Completed,4,0
ORD-11784,1/29/2023,2/12/2023,CID-4264,B2B,Johannesburg,North,David Lee,Online,Electronics,Laptop Pro 15,7,1376.14,0,9632.98,5146.7,Cancelled,3,0
ORD-10130,4/5/2023,4/19/2023,CID-4089,B2B,Kano,North,Mia Scott,Online,Electronics,Mechanical Keyboard,1,137.63,30,96.34,94.69,Completed,1,0
ORD-10944,2/20/2023,NULL,CID-2458,Retail,Abuja,South,Nathan Harris,Phone Order,Beauty,Electric Toothbrush,4,94.5,5,359.1,189.64,Completed,2,0
ORD-12060,6/28/2022,7/3/2022,CID-1695,B2B,Abuja,North,Henry Wilson,Wholesale,Electronics,Smart Watch,5,276.45,30,967.57,897.56,Pending,4,0
ORD-10023,10/11/2022,10/18/2022,CID-4527,B2B,Casablanca,West,Bob Smith,Online,Home & garden,Scented Candle,10,21.09,20,168.72,147.49,Completed,5,0
ORD-13269,6/14/2022,6/28/2022,CID-3790,VIP,Lagos,East,Henry Wilson,In-Store,Sports,Protein Powder 1kg,10,47.93,25,359.48,302.07,Completed,NULL,0
ORD-12399,2/17/2022,2/20/2022,CID-1408,Loyalty Member,Benin City,East,Henry Wilson,In-Store,Sports,Gym Bag,4,75.98,10,273.53,169.07,Completed,5,0
ORD-11257,9/23/2023,9/28/2023,CID-4959,Retail,Enugu,Central,Nathan Harris,Mobile App,Electronics,USB-C Hub,8,39.1,20,250.24,183.03,Disputed,1,0
ORD-13079,7/12/2023,7/19/2023,CID-4665,B2B,Port Harcourt,North,Iris Park,Phone Order,Clothing,Running Shoes,4,104.24,0,416.96,205.54,Completed,1,0
ORD-12398,10/30/2024,11/13/2024,CID-4041,Loyalty Member,Addis Ababa,West,Alice Johnson,Online,Beauty,Face Mask Pack,3,19.95,10,53.86,28.08,Cancelled,3,0
ORD-10526,6/7/2022,6/10/2022,CID-3432,New Customer,Abuja,East,David Lee,Mobile App,Electronics,Smart Watch,7,243.11,10,1531.59,971.81,Completed,3,0
ORD-11668,6/30/2024,7/14/2024,CID-4389,New Customer,Port Harcourt,North,Frank Miller,Mobile App,Electronics,Wireless Earbuds,9,99.48,0,895.32,585.55,Completed,NULL,0
ORD-11804,2/13/2024,2/15/2024,CID-3069,New Customer,Casablanca,West,Henry Wilson,Mobile App,Clothing,Winter Jacket,8,164.62,0,1316.96,711.02,Completed,NULL,0
ORD-15079,5/27/2024,5/29/2024,CID-3269,Retail,Lagos,Central,Bob Smith,In-Store,Beauty,Eye Cream,9,64.82,15,495.87,305.48,Cancelled,NULL,0
ORD-15822,12/23/2022,12/24/2022,CID-3254,New Customer,Enugu,West,James Turner,Online,Beauty,Lipstick Set,6,40.76,0,244.56,110.26,Returned,4,1
ORD-15525,10/28/2023,10/29/2023,CID-4724,New Customer,Dakar,Central,Alice Johnson,Phone Order,Beauty,Face Serum,6,63.76,10,344.3,184.99,Cancelled,2,0
ORD-15908,9/16/2024,9/30/2024,CID-1528,Loyalty Member,Port Harcourt,South,Alice Johnson,Phone Order,Electronics,Wireless Earbuds,10,88.9,20,711.2,618.13,Completed,NULL,0
ORD-15660,8/6/2024,NULL,CID-3521,B2B,Ibadan,East,Iris Park,Wholesale,Sports,Swim Goggles,1,25.13,5,23.87,11.5,Completed,4,0
ORD-13875,3/1/2022,3/4/2022,CID-4363,Loyalty Member,Kaduna,South,Nathan Harris,PHONE ORDER,Sports,Yoga Mat,3,32.04,30,67.28,65.94,Completed,5,0
ORD-15789,12/7/2024,12/12/2024,CID-1362,B2B,Kano,West,James Turner,Online,Beauty,Perfume 50ml,2,83.69,0,167.38,111.47,Cancelled,3,0
ORD-13409,11/3/2023,11/17/2023,CID-3780,VIP,NULL,South,Bob Smith,Mobile App,Sports,Protein Powder 1kg,2,49.73,0,99.46,60.4,Pending,5,0
ORD-13440,7/31/2022,8/3/2022,CID-1326,VIP,Port Harcourt,West,Carol White,Wholesale,Clothing,Winter Jacket,7,160.93,5,1070.18,561.73,Returned,NULL,1
ORD-13298,9/22/2023,9/27/2023,CID-1994,B2B,Enugu,East,Carol White,Online,Electronics,Smart Watch,7,265.88,10,1675.04,1080.27,Pending,NULL,0
ORD-12487,8/3/2023,NULL,CID-3187,New Customer,Cairo,West,James Turner,Mobile App,Beauty,Lipstick Set,6,40.74,0,244.44,129.99,Completed,NULL,0
ORD-10976,4/26/2023,5/10/2023,CID-1862,Retail,Abuja,East,Liam Moore,Online,Beauty,Face Mask Pack,3,19.91,0,59.73,28.75,Completed,2,0
ORD-14941,8/3/2022,8/4/2022,CID-4636,Retail,Cairo,East,Bob Smith,Wholesale,Home & garden,Coffee Maker,5,113.31,15,481.57,331.06,Completed,NULL,0
ORD-15277,2/13/2024,2/20/2024,CID-4190,Retail,Nairobi,South,David Lee,Wholesale,Beauty,Eye Cream,7,56.04,10,353.05,236.29,Completed,5,0
ORD-11600,10/14/2022,10/28/2022,CID-1431,Loyalty Member,Kano,West,Iris Park,In-Store,Sports,Water Bottle 1L,6,20.58,10,111.13,79.79,Completed,5,0
ORD-15113,8/9/2024,8/16/2024,CID-4795,Retail,Lagos,South,Alice Johnson,In-Store,Electronics,Bluetooth Speaker,8,137.3,30,768.88,658.71,Completed,4,0
ORD-11663,9/2/2024,9/3/2024,CID-2692,New Customer,Casablanca,North,Karen Davis,In-Store,Sports,Foam Roller,1,39.67,0,39.67,17.87,Completed,5,0
ORD-13209,8/15/2022,NULL,CID-2398,B2B,Port Harcourt,North,Grace Chen,Online,Clothing,Denim Jeans,5,66.45,0,332.25,203.66,Completed,NULL,0
ORD-10836,11/11/2023,11/14/2023,CID-4892,Loyalty Member,Benin City,East,Emma Brown,In-Store,Beauty,Face Mask Pack,2,16.49,15,28.03,16.6,Returned,NULL,1
ORD-11706,10/12/2024,10/14/2024,CID-3839,Loyalty Member,Kano,North,Karen Davis,In-Store,Home & garden,Desk Lamp,2,50.08,25,75.12,67.87,Completed,4,0
ORD-12948,2/26/2023,2/28/2023,CID-4411,B2B,Addis Ababa,Central,Liam Moore,Wholesale,Beauty,Electric Toothbrush,3,73.31,0,219.93,143.21,Returned,NULL,1
ORD-15190,7/25/2023,NULL,CID-4401,VIP,Kaduna,Central,Emma Brown,Wholesale,Home & garden,Wall Clock,9,39.01,10,315.98,172.01,Completed,3,0
ORD-15000,5/16/2023,NULL,CID-1734,B2B,Lagos,North,Frank Miller,Wholesale,Sports,Yoga Mat,3,38.38,20,92.11,70.71,Returned,5,1
ORD-11848,10/30/2024,10/31/2024,CID-2234,Loyalty Member,Dakar,South,Henry Wilson,Online,Sports,Water Bottle 1L,3,24.48,30,51.41,47.46,Cancelled,5,0
ORD-14931,9/12/2024,NULL,CID-1589,Loyalty Member,Addis Ababa,South,James Turner,Phone Order,Sports,Yoga Mat,2,34.52,0,69.04,33.35,Completed,NULL,0
ORD-11774,3/23/2024,NULL,CID-3904,VIP,Cairo,North,Emma Brown,Online,Electronics,Mechanical Keyboard,7,170.73,15,1015.84,793.49,Pending,NULL,0
ORD-10252,2/25/2023,2/26/2023,CID-1884,B2B,Enugu,Central,David Lee,Phone Order,Clothing,Men's Polo Shirt,1,32.31,15,27.46,15.56,Cancelled,3,0
ORD-10214,7/25/2022,NULL,CID-4729,B2B,Kaduna,West,Bob Smith,Phone Order,Clothing,Formal Dress,1,120.08,0,120.08,71.75,Completed,3,0
ORD-15236,7/30/2022,8/4/2022,CID-3645,New Customer,Johannesburg,Central,Iris Park,Phone Order,Home & garden,Coffee Maker,2,88.75,0,177.5,100.4,Returned,2,1
ORD-12479,3/24/2022,3/26/2022,CID-2744,Loyalty Member,Kaduna,Central,Bob Smith,Mobile App,Clothing,Winter Jacket,6,144.24,15,735.62,476.24,Cancelled,NULL,0
ORD-10748,10/22/2023,NULL,CID-3771,B2B,Kano,Central,David Lee,Online,Electronics,Laptop Pro 15,9,1283.04,5,10969.99,7939.01,Completed,5,0
ORD-14130,11/5/2022,11/19/2022,CID-3850,New Customer,Accra,West,Grace Chen,Wholesale,Home & garden,Smart Plug 4pk,8,42.81,0,342.48,155.54,Disputed,5,0
ORD-14437,2/23/2024,3/1/2024,CID-2063,New Customer,NULL,East,Nathan Harris,Mobile App,Clothing,Women's Blazer,7,96.73,0,677.11,369.78,Completed,5,0
ORD-10350,5/19/2022,5/22/2022,CID-4160,VIP,Port Harcourt,South,Liam Moore,Online,Beauty,Face Serum,7,53.71,15,319.57,170.71,Completed,1,0
ORD-12077,3/12/2023,3/26/2023,CID-2861,B2B,Benin City,West,Bob Smith,Wholesale,Beauty,Nail Polish Kit,2,19.05,15,32.38,22.9,Completed,3,0
ORD-11986,1/19/2022,NULL,CID-3898,VIP,Ibadan,Central,Henry Wilson,Phone Order,Clothing,Running Shoes,1,112.37,0,NULL,67.2,Returned,4,1
ORD-14384,10/2/2024,10/7/2024,CID-4851,Retail,Johannesburg,Central,Carol White,In-Store,Clothing,Winter Jacket,4,147.54,15,NULL,327.81,Completed,NULL,0
ORD-12050,7/19/2022,7/22/2022,CID-1413,B2B,Lagos,West,Olivia Clark,Phone Order,Beauty,Electric Toothbrush,6,90.76,20,435.65,377.63,Completed,NULL,0
ORD-11577,1/14/2022,1/16/2022,CID-3068,VIP,Enugu,West,Frank Miller,Wholesale,Clothing,Women's Blazer,4,101.54,25,304.62,260.88,Completed,5,0
ORD-10427,12/8/2023,NULL,CID-2178,Retail,Enugu,South,Emma Brown,Online,Home & garden,Plant Pot Set,2,28.92,30,40.49,40.2,Disputed,5,0
ORD-11381,7/13/2022,7/20/2022,CID-4573,VIP,Ibadan,South,Iris Park,Wholesale,Sports,Resistance Bands Set,9,27,5,230.85,120.48,Completed,5,0
ORD-12647,3/30/2024,NULL,CID-4873,Retail,Kaduna,North,Frank Miller,Wholesale,Sports,Resistance Bands Set,8,21.3,0,170.4,110.91,Completed,4,0
ORD-15819,8/23/2022,9/6/2022,CID-1505,VIP,Accra,Central,Henry Wilson,Online,Electronics,Mechanical Keyboard,NULL,149.38,5,141.91,79.78,Completed,NULL,0
ORD-15424,1/18/2022,1/25/2022,CID-3805,VIP,Ibadan,South,Emma Brown,Mobile App,Beauty,Face Mask Pack,1,18.8,5,17.86,8.68,Returned,NULL,1
ORD-10200,1/29/2022,2/5/2022,CID-4446,New Customer,Abuja,West,Bob Smith,In-Store,Beauty,Shampoo & Conditioner,1,29.76,5,28.27,15.7,Pending,NULL,0
ORD-15727,6/19/2023,6/22/2023,CID-2413,B2B,Addis Ababa,West,Olivia Clark,Online,Sports,Gym Bag,7,61.69,25,323.87,231.67,Completed,5,0
ORD-13276,11/5/2022,11/7/2022,CID-4228,New Customer,Benin City,East,Iris Park,Phone Order,Sports,Swim Goggles,5,28.19,25,105.71,90.49,Completed,1,0
ORD-13576,8/15/2024,8/16/2024,CID-4067,Loyalty Member,Kano,East,Alice Johnson,Online,Electronics,Wireless Earbuds,2,87.58,0,175.16,100.09,Returned,NULL,1
ORD-10294,5/31/2024,6/2/2024,CID-3882,Loyalty Member,Dakar,South,Grace Chen,Phone Order,Clothing,Running Shoes,5,104.33,10,469.49,235.75,Completed,5,0
ORD-15647,10/17/2023,10/22/2023,CID-1972,VIP,Enugu,West,Liam Moore,Mobile App,Electronics,Webcam HD,6,74.33,30,312.19,286.33,Returned,4,1
ORD-12371,12/3/2024,12/6/2024,CID-3707,Retail,Cairo,South,Nathan Harris,Phone Order,Beauty,Shampoo & Conditioner,6,27.44,0,164.64,112.46,Cancelled,1,0
ORD-14158,12/30/2023,NULL,CID-2586,Loyalty Member,Ibadan,South,Alice Johnson,Wholesale,Electronics,Bluetooth Speaker,7,105.67,20,591.75,497.18,Completed,NULL,0
ORD-12171,5/15/2024,5/17/2024,CID-1723,Loyalty Member,Nairobi,East,David Lee,Mobile App,Home & garden,Smart Plug 4pk,2,41.78,0,83.56,52.89,Completed,5,0
ORD-14783,1/21/2024,1/23/2024,CID-4969,Retail,Nairobi,North,James Turner,In-Store,Clothing,Denim Jeans,8,66.33,15,451.04,331.13,Completed,NULL,0
ORD-14094,2/12/2023,2/13/2023,CID-1898,New Customer,Kaduna,Central,Alice Johnson,Online,Sports,Jump Rope,10,13.18,30,92.26,64.61,Pending,1,0
ORD-14797,2/12/2023,2/26/2023,CID-1943,Retail,Kaduna,North,Bob Smith,Mobile App,Home & garden,Air Purifier,6,190.95,30,801.99,535.9,Returned,NULL,1
ORD-11675,4/17/2022,NULL,CID-2122,Loyalty Member,Benin City,East,Grace Chen,Mobile App,Electronics,Portable Charger,9,33.17,25,223.9,166.22,Completed,5,0
ORD-14404,5/28/2024,5/30/2024,CID-3773,VIP,Accra,East,David Lee,Wholesale,Sports,Resistance Bands Set,9,24.73,0,222.57,100.3,Completed,NULL,0
ORD-13927,2/4/2023,NULL,CID-2233,Loyalty Member,Johannesburg,West,Alice Johnson,Phone Order,Electronics,Portable Charger,3,38.57,15,98.35,76.56,Completed,NULL,0
ORD-14770,11/1/2023,11/15/2023,CID-2488,Retail,Port Harcourt,Central,NULL,Online,Beauty,Face Mask Pack,7,20.01,0,140.07,69.33,Completed,5,0
ORD-13994,8/24/2022,NULL,CID-2961,Loyalty Member,Enugu,West,Mia Scott,Online,Electronics,Laptop Pro 15,10,1066.47,25,7998.53,6642.17,Completed,NULL,0
ORD-11300,4/17/2023,NULL,CID-1401,New Customer,Dakar,North,Frank Miller,In-Store,Sports,Foam Roller,7,40.82,5,271.45,192.76,Completed,NULL,0
ORD-15637,6/5/2022,6/7/2022,CID-2478,Retail,Kaduna,Central,Grace Chen,Wholesale,Sports,Yoga Mat,10,32.94,30,230.58,221.21,Cancelled,5,0
ORD-13256,12/1/2024,12/15/2024,CID-4891,Loyalty Member,Addis Ababa,Central,Olivia Clark,Phone Order,Beauty,Shampoo & Conditioner,7,29.68,5,197.37,102.12,Pending,NULL,0
ORD-15193,2/24/2024,3/2/2024,CID-1585,Retail,Dakar,East,Nathan Harris,Online,Electronics,Webcam HD,10,90.16,0,901.6,500.12,Cancelled,5,0
ORD-14893,11/11/2022,11/12/2022,CID-4047,New Customer,Benin City,South,Bob Smith,Phone Order,Sports,Jump Rope,10,14.86,0,148.6,98.24,Completed,NULL,0
ORD-12601,9/14/2023,9/17/2023,CID-3976,VIP,Benin City,South,Emma Brown,Wholesale,Beauty,Perfume 50ml,4,74.37,10,267.73,197.54,Completed,NULL,0
ORD-15341,1/10/2024,NULL,CID-1752,Loyalty Member,Johannesburg,North,Alice Johnson,Phone Order,Electronics,Wireless Earbuds,5,87.09,30,304.81,202.06,Completed,3,0
ORD-15270,10/17/2022,10/31/2022,CID-2209,New Customer,Kano,East,Carol White,In-Store,Electronics,Laptop Pro 15,8,1072.71,0,8581.68,3964.84,Returned,NULL,1
ORD-15162,5/7/2022,5/8/2022,CID-1752,VIP,Kaduna,North,Karen Davis,Online,Clothing,Denim Jeans,6,64.79,5,369.3,222.28,Returned,2,1
ORD-15381,7/25/2022,7/26/2022,CID-3359,B2B,Kaduna,South,David Lee,Wholesale,Beauty,Nail Polish Kit,4,21.78,0,87.12,54.99,Completed,5,0
ORD-15609,10/14/2023,10/21/2023,CID-4225,New Customer,Kaduna,South,Liam Moore,Mobile App,Beauty,Nail Polish Kit,2,20.29,0,40.58,25.19,Pending,2,0
ORD-15279,7/28/2024,8/4/2024,CID-1520,Loyalty Member,Abuja,South,Liam Moore,In-Store,Clothing,Winter Jacket,3,152.92,20,367.01,248.25,Cancelled,4,0
ORD-15474,11/19/2023,11/24/2023,CID-3264,Retail,Addis Ababa,East,Iris Park,Online,Beauty,Shampoo & Conditioner,2,28.39,10,51.1,31.36,Completed,1,0
ORD-10939,3/28/2023,4/11/2023,CID-2689,Loyalty Member,Accra,South,NULL,Wholesale,Sports,Yoga Mat,8,32.46,0,259.68,141.7,Disputed,NULL,0
ORD-14644,5/7/2024,5/12/2024,CID-1735,VIP,Dakar,North,Grace Chen,Phone Order,Home & garden,Plant Pot Set,10,26.52,0,265.2,143.13,Completed,NULL,0
ORD-11043,9/15/2023,9/16/2023,CID-1414,Loyalty Member,Kaduna,South,Iris Park,Online,Home & garden,Coffee Maker,10,99.86,10,898.74,632.69,Returned,4,1
ORD-13031,12/15/2023,12/18/2023,CID-3120,VIP,Ibadan,South,Nathan Harris,Wholesale,Sports,Water Bottle 1L,6,24.69,15,125.92,87.63,Returned,NULL,1
ORD-11773,8/4/2022,8/11/2022,CID-1675,Loyalty Member,Lagos,East,Grace Chen,Mobile App,Beauty,Face Mask Pack,9,20.67,0,186.03,87.27,Completed,NULL,0
ORD-10296,6/30/2022,7/5/2022,CID-3412,Retail,Kaduna,North,David Lee,Mobile App,Home & garden,Desk Lamp,10,49.48,25,371.1,336.44,Completed,4,0
ORD-12661,1/30/2022,2/1/2022,CID-1663,Retail,Nairobi,North,Nathan Harris,In-Store,Sports,Yoga Mat,7,38.09,0,266.63,185.28,Completed,5,0
ORD-13515,7/31/2024,8/5/2024,CID-1219,Retail,Abuja,West,Mia Scott,In-Store,Clothing,Running Shoes,2,98.69,5,187.51,131.59,Completed,2,0
ORD-14669,3/9/2022,3/16/2022,CID-1983,New Customer,Lagos,South,Nathan Harris,Online,Beauty,Shampoo & Conditioner,3,27.21,25,61.22,39.44,Completed,NULL,0
ORD-12182,12/23/2023,12/28/2023,CID-4576,Retail,Lagos,Central,Alice Johnson,Mobile App,Clothing,Winter Jacket,2,152.8,0,305.6,202.7,Completed,1,0
ORD-15334,10/14/2023,10/21/2023,CID-2324,New Customer,Benin City,Central,Bob Smith,In-Store,Clothing,Men's Polo Shirt,8,35.85,10,258.12,146.4,Completed,5,0
ORD-15642,12/21/2022,12/24/2022,CID-4589,New Customer,Johannesburg,South,Bob Smith,Phone Order,Sports,Resistance Bands Set,5,22.67,20,90.68,54.61,Completed,4,0
ORD-14648,7/11/2023,NULL,CID-4041,B2B,Casablanca,Central,NULL,Phone Order,Clothing,Men's Polo Shirt,6,40.21,10,217.13,140.56,Cancelled,1,0
ORD-10676,7/10/2022,7/13/2022,CID-3885,B2B,Nairobi,Central,James Turner,Mobile App,Clothing,Casual Sneakers,3,81.13,0,243.39,164.17,Completed,5,0
ORD-10987,6/9/2024,6/16/2024,CID-2972,Retail,Benin City,Central,Emma Brown,Wholesale,Beauty,Lipstick Set,9,43.14,0,388.26,219.03,Completed,4,0
ORD-15854,3/3/2024,3/4/2024,CID-1664,New Customer,Nairobi,East,Nathan Harris,Wholesale,Home & garden,Wall Clock,4,38.47,0,153.88,107.36,Completed,NULL,0
ORD-12674,12/12/2024,12/19/2024,CID-3150,Loyalty Member,Enugu,South,James Turner,PHONE ORDER,Clothing,Running Shoes,4,100.06,0,400.24,254.61,Completed,NULL,0
ORD-15497,3/23/2023,3/30/2023,CID-4183,VIP,Abuja,South,Carol White,Wholesale,Sports,Resistance Bands Set,3,27.63,25,62.17,58.01,Disputed,5,0
ORD-12523,10/27/2023,10/29/2023,CID-3982,New Customer,Nairobi,North,NULL,Wholesale,Home & garden,Wall Clock,10,33.41,15,283.98,169.12,Returned,5,1
ORD-11097,8/31/2022,9/2/2022,CID-3978,VIP,Addis Ababa,East,Nathan Harris,In-Store,Beauty,Lipstick Set,10,39.7,0,397,233.97,Completed,5,0
ORD-14493,3/8/2022,3/11/2022,CID-4913,B2B,Nairobi,South,Bob Smith,Mobile App,Electronics,Portable Charger,5,37.88,30,132.58,111.44,Completed,NULL,0
ORD-10439,11/24/2022,11/29/2022,CID-3827,VIP,Enugu,Central,Olivia Clark,Wholesale,Home & garden,Smart Plug 4pk,4,42.01,0,168.04,95.17,Completed,NULL,0
ORD-10519,3/8/2024,3/11/2024,CID-1021,New Customer,Enugu,East,Bob Smith,Online,Electronics,Portable Charger,3,41.48,20,99.55,75.72,Pending,4,0
ORD-15432,4/21/2024,4/23/2024,CID-1973,Retail,Cairo,West,Nathan Harris,Online,Electronics,USB-C Hub,2,45.31,20,72.5,57.17,Completed,5,0
ORD-14443,1/16/2024,1/17/2024,CID-4656,VIP,Dakar,Central,Mia Scott,Wholesale,Beauty,Shampoo & Conditioner,1,31.59,25,23.69,15.93,Cancelled,NULL,0
ORD-12928,2/19/2022,2/20/2022,CID-1172,B2B,Port Harcourt,South,Henry Wilson,Online,Clothing,Women's Blazer,5,82.04,5,389.69,250.71,Completed,3,0
ORD-15315,2/20/2022,2/27/2022,CID-3762,Loyalty Member,Abuja,North,Carol White,In-Store,Beauty,Shampoo & Conditioner,4,27.11,20,86.75,63.27,Completed,5,0
ORD-13973,12/16/2023,12/21/2023,CID-3306,VIP,Benin City,West,Emma Brown,Wholesale,Clothing,Women's Blazer,10,85.05,0,850.5,387.73,Completed,1,0
ORD-13615,5/24/2023,5/26/2023,CID-3286,New Customer,Enugu,West,Emma Brown,Phone Order,Beauty,Shampoo & Conditioner,6,24.17,20,116.02,97.87,Completed,NULL,0
ORD-15890,7/3/2024,7/10/2024,CID-1172,Loyalty Member,Port Harcourt,West,Alice Johnson,In-Store,Electronics,Mechanical Keyboard,9,161.42,20,1162.22,885.3,Completed,NULL,0
ORD-15849,6/25/2023,NULL,CID-2237,Loyalty Member,NULL,East,Bob Smith,Online,Sports,Gym Bag,8,78.66,15,534.89,437.92,Completed,NULL,0
ORD-15503,8/21/2024,8/28/2024,CID-4175,Retail,Cairo,West,NULL,Wholesale,Home & garden,Scented Candle,4,22.68,0,90.72,41.02,Disputed,NULL,0
ORD-11952,5/22/2023,6/5/2023,CID-3893,Retail,Johannesburg,West,David Lee,Mobile App,Sports,Protein Powder 1kg,4,59.4,10,213.84,158.25,Cancelled,NULL,0
ORD-13644,4/9/2023,NULL,CID-4764,New Customer,Ibadan,East,James Turner,In-Store,Electronics,Mechanical Keyboard,5,159.81,20,639.24,558.39,Completed,NULL,0
ORD-12015,10/9/2024,10/14/2024,CID-3464,VIP,Port Harcourt,West,Liam Moore,Mobile App,Electronics,Bluetooth Speaker,3,129.63,0,388.89,209.28,Cancelled,4,0
ORD-10055,5/5/2022,5/19/2022,CID-3392,Loyalty Member,Port Harcourt,East,Alice Johnson,Online,Beauty,Lipstick Set,4,38.44,10,138.38,71.44,Completed,1,0
ORD-14983,7/10/2023,NULL,CID-4584,New Customer,Port Harcourt,East,Olivia Clark,Wholesale,Home & garden,Smart Plug 4pk,2,43.98,5,83.56,56.77,Completed,3,0
ORD-14898,9/25/2023,9/26/2023,CID-4022,Loyalty Member,Johannesburg,Central,Olivia Clark,Mobile App,Beauty,Eye Cream,6,73.89,15,376.84,212.1,Completed,3,0
ORD-10438,2/25/2024,2/27/2024,CID-4907,Loyalty Member,Johannesburg,West,Mia Scott,Wholesale,Clothing,Running Shoes,8,124.38,15,845.78,449.47,Completed,NULL,0
ORD-13763,6/26/2023,7/10/2023,CID-1431,VIP,Cairo,East,Emma Brown,In-Store,Clothing,Formal Dress,6,123.15,30,517.23,415.5,Cancelled,4,0
ORD-12140,10/18/2023,10/20/2023,CID-3042,VIP,Kaduna,South,Alice Johnson,MOBILE APP,Home & garden,Air Purifier,10,209.87,20,1678.96,1172.76,Completed,2,0
ORD-13326,9/4/2024,9/7/2024,CID-4098,B2B,Port Harcourt,North,James Turner,In-Store,Home & garden,Air Purifier,9,182.63,10,1479.3,902.79,Disputed,3,0
ORD-14947,9/12/2023,NULL,CID-3098,New Customer,Benin City,East,Frank Miller,Mobile App,Sports,Swim Goggles,9,31.14,0,280.26,136.07,Completed,NULL,0
ORD-11393,11/17/2024,11/24/2024,CID-4721,Retail,Ibadan,North,Henry Wilson,Online,Electronics,Laptop Pro 15,8,1035.31,20,6625.98,3950.36,Completed,1,0
ORD-15782,1/24/2023,1/25/2023,CID-1675,VIP,Nairobi,Central,Henry Wilson,WHOLESALE,Clothing,Sports Socks 3pk,2,15.5,5,29.45,14.53,Completed,4,0
ORD-11010,3/23/2023,3/24/2023,CID-2329,VIP,Nairobi,South,Karen Davis,Mobile App,Electronics,Portable Charger,8,35.48,10,255.46,190.71,Completed,NULL,0
ORD-10980,8/1/2022,8/4/2022,CID-3682,New Customer,Ibadan,Central,Carol White,Online,Sports,Yoga Mat,1,35.25,20,28.2,24.64,Pending,4,0
ORD-15311,1/4/2023,1/11/2023,CID-1202,B2B,Cairo,North,James Turner,In-Store,Home & garden,Air Purifier,6,221.73,30,931.27,798.27,Pending,5,0
ORD-11636,11/12/2022,11/15/2022,CID-1241,VIP,Port Harcourt,West,Karen Davis,In-Store,Electronics,Smart Watch,5,225.3,0,1126.5,723.3,Completed,1,0
ORD-10295,10/4/2023,10/11/2023,CID-3906,VIP,Abuja,West,James Turner,Mobile App,Beauty,Face Serum,7,57.3,0,401.1,188.3,Completed,5,0
ORD-13907,7/3/2024,7/5/2024,CID-1055,VIP,Port Harcourt,North,Nathan Harris,In-Store,Beauty,Lipstick Set,6,42.95,15,219.05,141.55,Completed,4,0
ORD-10475,5/2/2024,5/7/2024,CID-1753,New Customer,Kano,South,Emma Brown,Mobile App,Beauty,Face Serum,6,62.97,20,302.26,200.13,Returned,4,1
ORD-14959,6/7/2023,NULL,CID-4321,Retail,Johannesburg,Central,David Lee,Mobile App,Home & garden,Plant Pot Set,8,31.79,20,203.46,118.17,Completed,3,0
ORD-14699,9/4/2024,NULL,CID-2900,New Customer,Nairobi,West,Iris Park,Phone Order,Sports,Protein Powder 1kg,10,50.84,30,355.88,269.53,Returned,NULL,1
ORD-14480,1/29/2024,NULL,CID-2420,Loyalty Member,Dakar,South,Emma Brown,Online,Sports,Gym Bag,10,63.2,5,600.4,394.04,Cancelled,NULL,0
ORD-11129,11/27/2022,12/11/2022,CID-3344,B2B,Benin City,East,James Turner,Phone Order,Home & garden,Smart Plug 4pk,2,35.31,0,70.62,49.32,Cancelled,NULL,0
ORD-11826,9/11/2023,9/18/2023,CID-3400,New Customer,Casablanca,Central,Karen Davis,Mobile App,Sports,Water Bottle 1L,7,24.18,0,169.26,86.87,Completed,2,0
ORD-14632,7/21/2024,7/22/2024,CID-2730,Retail,Accra,East,Karen Davis,Phone Order,Electronics,Portable Charger,10,34.78,0,347.8,166.77,Returned,5,1
ORD-10615,12/8/2022,12/11/2022,CID-4662,Retail,Kano,South,Emma Brown,Online,Sports,Resistance Bands Set,8,25.08,25,150.48,93.07,Completed,NULL,0
ORD-15786,4/27/2024,5/2/2024,CID-3130,B2B,Johannesburg,North,Liam Moore,Wholesale,Beauty,Electric Toothbrush,6,90.41,25,406.85,342.72,Disputed,1,0
ORD-10600,1/22/2023,2/5/2023,CID-4210,B2B,Benin City,West,Emma Brown,Online,Sports,Jump Rope,1,13.67,10,12.3,8.23,Pending,NULL,0
ORD-11248,5/29/2023,NULL,CID-1609,Retail,Addis Ababa,West,Alice Johnson,Mobile App,Beauty,Perfume 50ml,2,65.39,0,130.78,77.53,Returned,NULL,1
ORD-14824,8/6/2023,8/8/2023,CID-1754,New Customer,Cairo,South,Karen Davis,In-Store,Sports,Water Bottle 1L,2,18.72,0,37.44,24.64,Cancelled,3,0
ORD-14039,11/15/2022,11/18/2022,CID-4202,New Customer,Kaduna,Central,Alice Johnson,Phone Order,Beauty,Lipstick Set,6,46.69,30,196.1,130.55,Returned,NULL,1
ORD-11498,8/22/2024,8/25/2024,CID-3906,Retail,Lagos,Central,Karen Davis,Phone Order,Electronics,Wireless Earbuds,9,77.04,0,693.36,473.4,Returned,4,1
ORD-15336,1/20/2023,1/27/2023,CID-1100,Retail,Addis Ababa,East,Liam Moore,Phone Order,Beauty,Nail Polish Kit,10,19.28,25,144.6,87.96,Completed,4,0
ORD-12424,1/30/2023,NULL,CID-3393,VIP,Nairobi,East,Nathan Harris,Mobile App,Electronics,Bluetooth Speaker,9,114.42,5,978.29,467.04,Returned,5,1
ORD-12447,11/10/2022,NULL,CID-1339,Retail,Lagos,South,Nathan Harris,In-Store,Clothing,Formal Dress,9,103.37,0,930.33,425.36,Completed,5,0
ORD-11193,9/23/2023,9/28/2023,CID-3807,New Customer,Enugu,North,James Turner,Online,Electronics,Mechanical Keyboard,6,139.81,30,587.2,470.86,Cancelled,5,0
ORD-12297,11/28/2024,12/1/2024,CID-4054,B2B,Port Harcourt,South,Grace Chen,Mobile App,Beauty,Perfume 50ml,9,73.29,25,494.71,415.43,Disputed,1,0
ORD-11314,11/2/2022,11/9/2022,CID-1164,Loyalty Member,Lagos,North,Grace Chen,Online,Clothing,Sports Socks 3pk,7,16.76,5,111.45,70.15,Disputed,5,0
ORD-10970,10/24/2022,NULL,CID-2727,Loyalty Member,Kaduna,South,Karen Davis,Wholesale,Beauty,Eye Cream,2,67.22,20,107.55,76.08,Completed,NULL,0
ORD-13105,5/5/2024,NULL,CID-3327,B2B,Lagos,South,NULL,PHONE ORDER,Electronics,Portable Charger,1,35.43,0,35.43,20.99,Completed,2,0
ORD-11688,4/21/2024,4/23/2024,CID-1043,New Customer,Casablanca,Central,Mia Scott,Phone Order,Sports,Yoga Mat,5,33.97,20,135.88,102.64,Completed,5,0
ORD-12783,11/9/2023,11/11/2023,CID-2522,New Customer,Lagos,West,Nathan Harris,In-Store,Clothing,Women's Blazer,5,99.8,0,499,306.83,Pending,NULL,0
ORD-12041,6/8/2022,NULL,CID-3673,New Customer,Port Harcourt,West,Henry Wilson,Wholesale,Clothing,Denim Jeans,NULL,59.52,0,416.64,206.62,Completed,1,0
ORD-12741,7/16/2022,7/19/2022,CID-4600,Retail,Port Harcourt,East,Carol White,Mobile App,Beauty,Face Mask Pack,7,16.05,25,84.26,60.2,Completed,NULL,0
ORD-14282,6/24/2022,7/1/2022,CID-2844,Retail,Ibadan,North,Liam Moore,Wholesale,Electronics,Portable Charger,2,43.24,0,86.48,43.95,Completed,4,0
ORD-12104,6/14/2024,6/16/2024,CID-3065,Loyalty Member,Casablanca,North,Liam Moore,In-Store,Clothing,Casual Sneakers,3,89.7,20,215.28,155.89,Completed,5,0
ORD-15122,10/26/2022,10/27/2022,CID-3971,New Customer,Ibadan,South,Nathan Harris,Phone Order,Sports,Yoga Mat,4,35.61,25,106.83,91.63,Pending,NULL,0
ORD-10510,8/31/2024,9/3/2024,CID-3803,Loyalty Member,Nairobi,North,Olivia Clark,Online,Electronics,Laptop Pro 15,4,1344.46,5,5108.95,3350.78,Pending,1,0
ORD-13045,1/6/2023,1/7/2023,CID-1168,VIP,Abuja,East,Mia Scott,Online,Beauty,Shampoo & Conditioner,8,27.05,20,173.12,103.84,Cancelled,NULL,0
ORD-13979,6/22/2024,6/23/2024,CID-3662,Loyalty Member,Johannesburg,North,Olivia Clark,Phone Order,Sports,Gym Bag,5,72.45,20,289.8,250.21,Completed,NULL,0
ORD-15420,3/12/2022,3/14/2022,CID-4606,Loyalty Member,Enugu,East,Karen Davis,Wholesale,Clothing,Casual Sneakers,9,81.45,5,696.4,431.57,Completed,NULL,0
ORD-10627,1/20/2022,1/23/2022,CID-4477,VIP,Abuja,North,Mia Scott,Mobile App,Clothing,Running Shoes,1,94.29,20,75.43,55.2,Returned,4,1
ORD-13111,12/1/2024,12/15/2024,CID-4187,B2B,Dakar,East,Mia Scott,Phone Order,Home & garden,Smart Plug 4pk,6,35.87,30,150.65,133.54,Pending,1,0
ORD-15934,5/1/2022,5/2/2022,CID-1990,Retail,Casablanca,East,Carol White,Mobile App,Clothing,Men's Polo Shirt,10,37.29,0,372.9,192.83,Completed,5,0
ORD-13648,10/1/2023,10/8/2023,CID-3820,Retail,Enugu,West,James Turner,Wholesale,Sports,Water Bottle 1L,10,23.3,20,186.4,136.86,Pending,NULL,0
ORD-10370,8/30/2022,9/2/2022,CID-1878,VIP,Johannesburg,East,Liam Moore,Mobile App,Clothing,Women's Blazer,1,88.97,0,88.97,48.64,Disputed,5,0
ORD-15728,4/5/2024,4/19/2024,CID-1196,B2B,Kaduna,South,Henry Wilson,In-Store,Sports,Gym Bag,8,79.06,10,569.23,415.02,Completed,4,0
ORD-15955,7/22/2023,7/25/2023,CID-1206,B2B,Kaduna,South,Karen Davis,In-Store,Clothing,Women's Blazer,4,76.18,5,289.48,173.8,Completed,4,0
ORD-12991,5/15/2024,5/29/2024,CID-4887,New Customer,Lagos,Central,James Turner,Wholesale,Electronics,Portable Charger,8,41.96,20,268.54,215.66,Disputed,5,0
ORD-12812,7/9/2024,7/23/2024,CID-3509,New Customer,Benin City,South,Karen Davis,Mobile App,Electronics,Mechanical Keyboard,10,148.62,20,1188.96,897.68,Completed,NULL,0
ORD-14550,10/13/2023,10/14/2023,CID-1411,Retail,Ibadan,East,David Lee,In-Store,Electronics,Wireless Earbuds,6,98.61,5,562.08,318.7,Completed,4,0
ORD-14873,11/23/2023,11/30/2023,CID-4505,Retail,Enugu,West,Mia Scott,Phone Order,Beauty,Perfume 50ml,1,64.93,0,64.93,37.72,Completed,2,0
ORD-14350,7/24/2024,8/7/2024,CID-4871,New Customer,Johannesburg,Central,Karen Davis,Phone Order,Sports,Protein Powder 1kg,4,58.06,0,232.24,116.21,Cancelled,NULL,0
ORD-15523,8/7/2023,8/8/2023,CID-1788,Loyalty Member,Johannesburg,East,Henry Wilson,Wholesale,Electronics,Bluetooth Speaker,7,102.29,10,644.43,465.9,Completed,NULL,0
ORD-12490,1/4/2023,1/9/2023,CID-2584,New Customer,Lagos,South,Emma Brown,Wholesale,Electronics,USB-C Hub,5,39.5,20,158,107.84,Returned,NULL,1
ORD-14180,10/28/2023,10/30/2023,CID-1697,VIP,Port Harcourt,South,James Turner,Wholesale,Sports,Foam Roller,9,40.42,15,309.21,192.92,Returned,NULL,1
ORD-13953,8/27/2024,9/10/2024,CID-2285,New Customer,Lagos,East,Grace Chen,Online,Beauty,Face Serum,NULL,60.85,0,492.88,277.83,Returned,5,1
ORD-12091,9/11/2023,9/14/2023,CID-3864,New Customer,Kaduna,Central,Nathan Harris,Online,Home & garden,Throw Pillow Set,4,52.86,0,211.44,114.38,Completed,5,0
ORD-13310,4/8/2023,4/9/2023,CID-3962,Retail,Addis Ababa,West,Nathan Harris,Online,Clothing,Formal Dress,4,116.58,0,466.32,247.5,Completed,NULL,0
ORD-10267,9/24/2022,10/1/2022,CID-3300,Retail,Kaduna,North,James Turner,PHONE ORDER,Electronics,Wireless Earbuds,2,78.23,20,125.17,99.31,Completed,5,0
ORD-15378,5/10/2022,5/15/2022,CID-2438,Retail,Cairo,South,Frank Miller,Phone Order,Home & garden,Plant Pot Set,6,27.68,0,166.08,113.16,Completed,3,0
ORD-14109,6/20/2022,6/27/2022,CID-4617,Loyalty Member,Addis Ababa,East,Karen Davis,Online,Sports,Gym Bag,4,76.61,5,291.12,169.12,Completed,NULL,0
ORD-14702,4/11/2022,4/18/2022,CID-4330,VIP,Kano,East,Olivia Clark,Phone Order,Beauty,Face Serum,5,53.6,0,268,155.79,Completed,NULL,0
ORD-12303,1/19/2022,1/24/2022,CID-3612,B2B,Kaduna,North,Frank Miller,Mobile App,Sports,Foam Roller,5,37.36,0,186.8,84.87,Cancelled,1,0
ORD-14032,9/27/2022,9/28/2022,CID-2877,Loyalty Member,Casablanca,South,Iris Park,Wholesale,Sports,Jump Rope,8,13.81,0,110.48,55.7,Completed,1,0
ORD-13196,8/1/2022,NULL,CID-3984,B2B,Johannesburg,North,Henry Wilson,IN-STORE,Clothing,Women's Blazer,6,80.59,0,483.54,328.59,Returned,NULL,1
ORD-10741,7/26/2024,7/28/2024,CID-4190,VIP,Cairo,East,Nathan Harris,In-Store,Clothing,Running Shoes,4,107,15,363.8,253.53,Completed,3,0
ORD-14096,11/21/2023,11/23/2023,CID-4575,VIP,Cairo,Central,Grace Chen,In-Store,Electronics,Laptop Pro 15,1,1357.05,15,1153.49,864.44,Completed,1,0
ORD-11983,6/3/2022,6/5/2022,CID-2573,New Customer,Kaduna,West,Mia Scott,Phone Order,Electronics,USB-C Hub,1,47.49,25,NULL,221.92,Completed,NULL,0
ORD-12135,10/21/2023,10/23/2023,CID-2161,Loyalty Member,Kano,Central,Bob Smith,Mobile App,Electronics,Laptop Pro 15,6,1278.05,0,7668.3,3860.55,Completed,2,0
ORD-10647,6/6/2024,NULL,CID-2567,B2B,Enugu,West,Henry Wilson,Online,Electronics,Bluetooth Speaker,2,135.92,0,271.84,125.77,Returned,4,1
ORD-13576,8/15/2024,8/16/2024,CID-4067,Loyalty Member,Kano,East,Alice Johnson,Online,Electronics,Wireless Earbuds,2,87.58,0,175.16,100.09,Returned,NULL,1
ORD-12368,8/27/2022,8/30/2022,CID-3979,B2B,Accra,North,Liam Moore,In-Store,Beauty,Eye Cream,5,72.11,0,360.55,251.76,Completed,5,0
ORD-15358,10/6/2024,NULL,CID-2036,B2B,Ibadan,South,Frank Miller,Wholesale,Home & garden,Scented Candle,8,19.03,10,137.02,82.99,Pending,5,0
ORD-11359,10/13/2022,10/27/2022,CID-1101,B2B,Benin City,Central,Bob Smith,Wholesale,Clothing,Formal Dress,6,128.34,0,770.04,519.81,Completed,5,0
ORD-13225,9/28/2023,10/12/2023,CID-3323,Retail,Kano,West,NULL,Online,Sports,Jump Rope,2,16.63,10,29.93,19.26,Disputed,4,0
ORD-12977,12/3/2022,12/4/2022,CID-3452,B2B,Dakar,East,Iris Park,In-Store,Clothing,Sports Socks 3pk,6,14.78,25,66.51,51.86,Completed,NULL,0
ORD-11716,7/23/2024,7/25/2024,CID-3707,Loyalty Member,Casablanca,East,Mia Scott,Wholesale,Electronics,Smart Watch,7,236.93,0,1658.51,833.5,Completed,NULL,0
ORD-14009,7/25/2024,NULL,CID-1851,Retail,Ibadan,South,Emma Brown,Mobile App,Beauty,Lipstick Set,3,46.51,0,139.53,69.59,Returned,NULL,1
ORD-15917,11/25/2024,12/2/2024,CID-1728,Loyalty Member,Casablanca,South,Liam Moore,Online,Sports,Gym Bag,3,62.24,20,149.38,112.09,Completed,5,0
ORD-13084,3/19/2024,3/26/2024,CID-4640,Loyalty Member,Enugu,Central,Liam Moore,Mobile App,Beauty,Lipstick Set,1,41.51,10,37.36,26.97,Completed,NULL,0
ORD-15759,12/21/2022,NULL,CID-2379,Retail,Kano,East,Henry Wilson,Phone Order,Home & garden,Throw Pillow Set,2,58.2,10,104.76,66.46,Completed,5,0
ORD-11448,7/17/2024,7/31/2024,CID-3571,B2B,Nairobi,Central,Carol White,Online,Sports,Foam Roller,4,36.89,20,118.05,89.46,Returned,5,1
ORD-14519,9/5/2023,NULL,CID-2144,Loyalty Member,Addis Ababa,South,James Turner,Online,Electronics,Smart Watch,3,279.19,0,837.57,539.53,Completed,NULL,0
ORD-13992,3/24/2023,3/31/2023,CID-3386,VIP,Abuja,Central,Karen Davis,Phone Order,Electronics,Bluetooth Speaker,NULL,106.62,20,767.66,605.24,Pending,4,0
ORD-10848,8/28/2023,9/11/2023,CID-4921,Loyalty Member,Dakar,South,Emma Brown,Wholesale,Beauty,Lipstick Set,9,37.42,5,319.94,184.47,Pending,NULL,0
ORD-13244,4/23/2024,4/26/2024,CID-3387,Loyalty Member,Ibadan,North,Bob Smith,Phone Order,Sports,Protein Powder 1kg,1,60.23,25,45.17,30.36,Completed,1,0
ORD-13098,6/6/2024,6/7/2024,CID-4363,New Customer,Lagos,Central,Emma Brown,Wholesale,Home & garden,Smart Plug 4pk,1,39.58,15,33.64,21.64,Completed,5,0
ORD-14039,11/15/2022,11/18/2022,CID-4202,New Customer,Kaduna,Central,Alice Johnson,Phone Order,Beauty,Lipstick Set,6,46.69,30,196.1,130.55,Returned,NULL,1
ORD-12213,5/11/2024,NULL,CID-1108,New Customer,Abuja,West,Alice Johnson,Phone Order,Beauty,Nail Polish Kit,9,19.81,15,151.55,99.29,Disputed,NULL,0
ORD-15950,10/28/2023,10/31/2023,CID-3926,B2B,Cairo,East,Karen Davis,Online,Home & garden,Desk Lamp,8,44.85,30,251.16,236.99,Pending,4,0
ORD-12408,3/5/2023,NULL,CID-3234,B2B,Enugu,Central,Mia Scott,Mobile App,Clothing,Men's Polo Shirt,6,38.9,20,186.72,120.68,Completed,5,0
ORD-14740,8/28/2022,NULL,CID-4363,Retail,Ibadan,North,Karen Davis,Mobile App,Beauty,Perfume 50ml,5,78.8,20,315.2,201.81,Completed,1,0
ORD-14001,10/17/2022,10/31/2022,CID-4189,New Customer,Enugu,East,Bob Smith,In-Store,Electronics,Smart Watch,10,253.97,5,2412.71,1665.38,Completed,5,0
ORD-14192,5/21/2022,6/4/2022,CID-4761,B2B,Kaduna,South,David Lee,Phone Order,Electronics,USB-C Hub,4,45.4,0,181.6,100.85,Completed,1,0
ORD-14713,5/23/2024,5/28/2024,CID-3549,Loyalty Member,Addis Ababa,Central,Mia Scott,Online,Clothing,Sports Socks 3pk,6,15.32,0,84.97,35,Pending,NULL,0
ORD-12754,8/20/2023,8/21/2023,CID-3417,Retail,Benin City,East,NULL,In-Store,Electronics,Laptop Pro 15,9,1310.59,0,11795.31,6226.94,Completed,4,0
ORD-11756,7/13/2024,7/27/2024,CID-1427,B2B,Lagos,East,Bob Smith,In-Store,Electronics,Webcam HD,4,69.72,25,209.16,165.2,Returned,NULL,1
ORD-11206,5/4/2024,5/6/2024,CID-1550,Retail,Port Harcourt,East,Nathan Harris,In-Store,Clothing,Denim Jeans,9,71.69,20,516.17,348.46,Completed,5,0
ORD-10079,11/2/2022,11/9/2022,CID-3385,New Customer,NULL,North,Nathan Harris,Wholesale,Beauty,Face Mask Pack,9,15.9,0,143.1,98.2,Completed,1,0
ORD-13755,1/18/2023,1/23/2023,CID-3266,Loyalty Member,Enugu,North,Emma Brown,Online,Clothing,Casual Sneakers,6,88.38,25,397.71,322.29,Pending,3,0
ORD-10403,7/27/2023,NULL,CID-1486,Retail,Kaduna,Central,Karen Davis,Phone Order,Home & garden,Plant Pot Set,2,30.04,20,48.06,38.52,Completed,5,0
ORD-13826,4/1/2022,NULL,CID-2093,B2B,Johannesburg,South,Henry Wilson,Phone Order,Electronics,Wireless Earbuds,9,94.8,20,682.56,485.79,Returned,4,1
ORD-12374,3/21/2022,3/26/2022,CID-3584,VIP,Benin City,East,James Turner,Mobile App,Beauty,Shampoo & Conditioner,8,28.93,30,162.01,145.23,Completed,NULL,0
ORD-12679,9/7/2023,9/8/2023,CID-3736,Loyalty Member,Nairobi,North,Emma Brown,Phone Order,Beauty,Face Mask Pack,8,17.04,25,102.24,85.93,Completed,2,0
ORD-13471,3/22/2022,3/23/2022,CID-2525,Loyalty Member,Cairo,South,NULL,WHOLESALE,Electronics,Webcam HD,6,70.38,0,422.28,279.87,Completed,4,0
ORD-13527,1/22/2024,1/25/2024,CID-4319,Retail,Casablanca,West,Nathan Harris,Online,Home & garden,Scented Candle,3,24.24,0,72.72,43.48,Returned,4,1
ORD-10173,3/9/2023,3/12/2023,CID-1711,B2B,Lagos,North,Carol White,IN-STORE,Sports,Yoga Mat,10,39.7,0,397,199.27,Completed,5,0
ORD-14826,4/28/2024,5/12/2024,CID-4911,VIP,Johannesburg,Central,Liam Moore,Online,Beauty,Eye Cream,8,59.51,25,357.06,326.02,Completed,5,0
ORD-14465,12/21/2024,12/22/2024,CID-2214,VIP,Accra,South,Olivia Clark,Mobile App,Electronics,USB-C Hub,2,42.54,25,63.81,59.1,Cancelled,5,0
ORD-13350,7/23/2024,7/24/2024,CID-3192,Loyalty Member,Kaduna,Central,Emma Brown,In-Store,Beauty,Face Mask Pack,10,20,20,160,122.84,Cancelled,NULL,0
ORD-12156,10/22/2023,NULL,CID-2080,Retail,Enugu,West,David Lee,Online,Electronics,USB-C Hub,10,47.18,25,353.85,327.47,Returned,NULL,1
ORD-11495,10/25/2023,11/8/2023,CID-3921,New Customer,Johannesburg,West,Karen Davis,In-Store,Clothing,Sports Socks 3pk,10,13.14,25,98.55,74.53,Completed,NULL,0
ORD-13472,1/12/2022,1/15/2022,CID-3137,New Customer,Accra,East,Henry Wilson,Online,Clothing,Running Shoes,2,122.16,15,207.67,114.17,Completed,3,0
ORD-15827,4/18/2023,NULL,CID-1786,Loyalty Member,Cairo,Central,Nathan Harris,Wholesale,Electronics,Smart Watch,10,226.51,5,2151.84,1581.98,Returned,NULL,1
ORD-10226,2/21/2024,2/28/2024,CID-3864,New Customer,Ibadan,East,James Turner,Wholesale,Beauty,Perfume 50ml,4,82.95,20,265.44,158.16,Completed,1,0
ORD-15247,6/19/2024,7/3/2024,CID-2011,B2B,Kano,South,Iris Park,Wholesale,Home & garden,Smart Plug 4pk,2,41.06,0,84.97,205.28,Completed,NULL,0
ORD-12243,5/10/2024,5/11/2024,CID-1468,Retail,Benin City,North,James Turner,Wholesale,Clothing,Denim Jeans,2,69.45,0,138.9,75.84,Completed,5,0
ORD-15439,6/14/2022,6/21/2022,CID-2481,VIP,Kaduna,East,Mia Scott,Wholesale,Electronics,Bluetooth Speaker,2,133.76,0,267.52,159.45,Completed,NULL,0
ORD-12452,7/1/2023,7/2/2023,CID-2128,Loyalty Member,Kaduna,South,Henry Wilson,Online,Beauty,Face Serum,2,63.66,5,120.95,73.26,Completed,NULL,0
ORD-14745,7/20/2023,7/21/2023,CID-1612,Loyalty Member,Lagos,South,James Turner,Phone Order,Clothing,Men's Polo Shirt,5,39.12,15,166.26,93.75,Completed,4,0
ORD-14498,2/11/2024,2/18/2024,CID-4534,B2B,Nairobi,South,Nathan Harris,Online,Clothing,Running Shoes,7,99.56,25,522.69,473.35,Cancelled,4,0
ORD-12759,8/27/2022,9/10/2022,CID-2008,B2B,Dakar,Central,NULL,Wholesale,Clothing,Sports Socks 3pk,8,16.49,30,92.34,85.22,Completed,NULL,0
ORD-10107,1/12/2022,NULL,CID-1896,Loyalty Member,Benin City,North,Mia Scott,Mobile App,Clothing,Casual Sneakers,8,73.86,20,472.7,362.81,Completed,1,0
ORD-11295,12/27/2022,12/29/2022,CID-1475,B2B,Johannesburg,North,Henry Wilson,PHONE ORDER,Home & garden,Wall Clock,1,40.74,0,40.74,27.75,Completed,NULL,0
ORD-12680,5/12/2023,5/17/2023,CID-2601,B2B,Dakar,South,NULL,MOBILE APP,Beauty,Lipstick Set,3,46.06,25,103.64,88.59,Completed,5,0
ORD-11950,1/17/2022,1/22/2022,CID-2990,New Customer,Kano,West,NULL,Wholesale,Sports,Yoga Mat,4,36.87,0,147.48,78.98,Completed,NULL,0
ORD-14793,1/30/2024,2/1/2024,CID-3027,New Customer,Kaduna,North,Henry Wilson,Phone Order,Home & garden,Smart Plug 4pk,7,35.88,20,200.93,123.56,Completed,NULL,0
ORD-14408,5/22/2023,NULL,CID-1208,Loyalty Member,Kaduna,North,Bob Smith,Mobile App,Home & garden,Plant Pot Set,4,26.24,10,94.46,66.29,Completed,1,0
ORD-10221,1/4/2023,1/6/2023,CID-4566,B2B,Benin City,South,Bob Smith,Phone Order,Home & garden,Smart Plug 4pk,7,36.93,0,258.51,142.96,Completed,NULL,0
ORD-14957,6/7/2022,6/14/2022,CID-3260,VIP,Addis Ababa,North,Grace Chen,Phone Order,Beauty,Face Serum,6,65.8,0,394.8,266.25,Completed,2,0
ORD-14922,3/10/2024,3/12/2024,CID-1860,Loyalty Member,Accra,West,Nathan Harris,Phone Order,Beauty,Face Serum,9,55.73,10,451.41,349.54,Completed,5,0
ORD-10263,4/2/2024,NULL,CID-1301,VIP,Nairobi,North,Henry Wilson,Mobile App,Electronics,Portable Charger,8,33.86,0,270.88,154.33,Pending,NULL,0
ORD-11519,7/9/2022,7/14/2022,CID-4952,New Customer,Abuja,East,Carol White,In-Store,Home & garden,Smart Plug 4pk,1,40.57,0,40.57,24.37,Cancelled,1,0
ORD-14318,12/20/2023,NULL,CID-1433,Retail,Enugu,West,Alice Johnson,In-Store,Electronics,Smart Watch,5,273.44,15,1162.12,737.98,Completed,NULL,0
ORD-14674,2/5/2024,2/7/2024,CID-3398,B2B,Kano,West,James Turner,Online,Clothing,Men's Polo Shirt,5,32.88,0,164.4,101.01,Completed,5,0
ORD-11659,12/3/2023,12/17/2023,CID-2118,VIP,Enugu,East,Mia Scott,Mobile App,Beauty,Electric Toothbrush,10,96.66,30,676.62,511.89,Completed,4,0
ORD-10223,8/10/2024,8/13/2024,CID-2809,Loyalty Member,Ibadan,Central,Carol White,Online,Clothing,Formal Dress,5,111.19,25,416.96,251.48,Pending,5,0
ORD-15160,1/16/2022,1/18/2022,CID-1390,Retail,Abuja,South,Alice Johnson,Mobile App,Clothing,Men's Polo Shirt,5,37.94,30,132.79,124.32,Returned,NULL,1
ORD-10909,1/19/2024,1/26/2024,CID-4092,Loyalty Member,Casablanca,East,Karen Davis,Mobile App,Clothing,Casual Sneakers,10,74.27,10,668.43,433.76,Completed,NULL,0
ORD-11832,10/3/2022,10/5/2022,CID-4884,Loyalty Member,Dakar,West,Carol White,Phone Order,Beauty,Perfume 50ml,7,67.72,0,474.04,235.41,Completed,4,0
ORD-12358,8/31/2022,9/3/2022,CID-1916,VIP,Addis Ababa,East,Henry Wilson,Mobile App,Sports,Jump Rope,10,13.2,15,112.2,68.8,Pending,4,0
ORD-12219,9/13/2024,9/27/2024,CID-1497,Loyalty Member,Johannesburg,East,Nathan Harris,Online,Electronics,Portable Charger,2,40.1,15,68.17,52.57,Returned,NULL,1
ORD-14371,4/1/2023,4/4/2023,CID-2206,Loyalty Member,Abuja,West,Alice Johnson,Online,Beauty,Electric Toothbrush,6,82.75,5,471.67,243.26,Completed,NULL,0
ORD-11933,8/18/2023,8/21/2023,CID-1872,Loyalty Member,Kaduna,West,Emma Brown,Wholesale,Electronics,Bluetooth Speaker,4,132.63,30,371.36,352.5,Completed,4,0
ORD-14311,7/7/2023,NULL,CID-3389,New Customer,Casablanca,North,Carol White,Online,Electronics,Webcam HD,1,75.26,0,75.26,37.91,Completed,5,0
ORD-15929,4/10/2024,4/15/2024,CID-2071,Retail,Kano,South,Carol White,Wholesale,Beauty,Electric Toothbrush,8,75.5,20,483.2,404.53,Completed,5,0
ORD-13692,1/25/2024,1/28/2024,CID-1523,Loyalty Member,Johannesburg,Central,Carol White,Wholesale,Electronics,Mechanical Keyboard,9,181.6,15,1389.24,995.17,Completed,4,0
ORD-14935,4/29/2023,5/13/2023,CID-4440,B2B,NULL,North,Mia Scott,In-Store,Clothing,Sports Socks 3pk,6,12.81,25,57.64,43.94,Cancelled,5,0
ORD-10764,12/24/2022,NULL,CID-2475,VIP,Kaduna,North,Nathan Harris,Wholesale,Clothing,Formal Dress,5,118.71,10,534.19,281.91,Cancelled,NULL,0
ORD-15554,3/11/2023,3/14/2023,CID-3642,New Customer,Unknown,East,Liam Moore,Phone Order,Sports,Foam Roller,5,38.58,0,192.9,132.6,Completed,5,0
ORD-14938,9/18/2022,10/2/2022,CID-3530,B2B,Accra,North,Iris Park,Mobile App,Home & garden,Coffee Maker,6,104.23,25,469.03,286.54,Completed,4,0
ORD-15800,7/19/2022,7/20/2022,CID-3218,New Customer,Lagos,South,Henry Wilson,In-Store,Sports,Water Bottle 1L,4,20.84,5,79.19,57.83,Completed,4,0
ORD-12995,2/27/2022,3/6/2022,CID-1742,Loyalty Member,Kaduna,West,Bob Smith,Phone Order,Sports,Swim Goggles,4,24.6,20,78.72,61.1,Completed,NULL,0
ORD-15766,9/11/2023,9/16/2023,CID-2904,New Customer,Casablanca,North,Emma Brown,Online,Clothing,Casual Sneakers,3,73.12,5,208.39,139.08,Completed,NULL,0
ORD-12165,7/29/2022,7/31/2022,CID-4051,Retail,Addis Ababa,West,Olivia Clark,Online,Electronics,Portable Charger,7,41.18,0,288.26,198.29,Completed,NULL,0
ORD-11513,3/25/2022,NULL,CID-2987,Retail,Dakar,East,Liam Moore,Phone Order,Clothing,Formal Dress,7,137.83,0,964.81,657.81,Completed,NULL,0
ORD-10840,10/19/2023,10/26/2023,CID-4979,Loyalty Member,Accra,North,Bob Smith,In-Store,Sports,Swim Goggles,0,19672.75,0,210.32,128.9,Disputed,1,0
ORD-14613,6/18/2022,6/25/2022,CID-4598,New Customer,Dakar,West,Nathan Harris,Wholesale,Home & garden,Plant Pot Set,4,25.96,25,77.88,65.62,Completed,NULL,0
ORD-15097,3/29/2022,3/30/2022,CID-1455,Retail,Dakar,East,NULL,Wholesale,Home & garden,Coffee Maker,5,110.11,20,440.44,313.32,Cancelled,5,0
ORD-12943,2/5/2023,2/8/2023,CID-3664,Retail,Benin City,East,NULL,Online,Home & garden,Scented Candle,3,23.68,5,67.49,36.52,Completed,NULL,0
ORD-12669,12/13/2023,12/16/2023,CID-4848,Loyalty Member,Port Harcourt,West,Grace Chen,Phone Order,Clothing,Formal Dress,2,121.82,0,243.64,127.65,Completed,5,0
ORD-14293,11/2/2022,11/9/2022,CID-1229,B2B,Casablanca,West,Henry Wilson,In-Store,Beauty,Face Mask Pack,2,16.46,20,26.34,18.72,Pending,1,0
ORD-15526,12/26/2022,12/27/2022,CID-2565,New Customer,NULL,South,David Lee,Mobile App,Electronics,USB-C Hub,6,42.56,20,204.29,131.97,Returned,NULL,1
ORD-11269,5/10/2022,NULL,CID-4323,New Customer,Enugu,South,Grace Chen,Wholesale,Electronics,Wireless Earbuds,2,91.54,25,137.31,110.56,Cancelled,2,0
ORD-12059,6/1/2024,6/2/2024,CID-3500,B2B,Nairobi,West,David Lee,In-Store,Sports,Foam Roller,8,36.16,0,289.28,156.23,Completed,5,0
ORD-13842,7/12/2024,7/15/2024,CID-1359,Loyalty Member,Casablanca,Central,Nathan Harris,In-Store,Electronics,Portable Charger,6,37.06,25,166.77,148.78,Completed,5,0
ORD-10478,12/21/2024,12/23/2024,CID-1832,Retail,Addis Ababa,West,NULL,Wholesale,Clothing,Formal Dress,1,116.86,30,81.8,64.76,Completed,5,0
ORD-11991,10/27/2023,10/28/2023,CID-2672,VIP,Enugu,Central,Emma Brown,In-Store,Sports,Resistance Bands Set,1,26,15,22.1,18.02,Pending,1,0
ORD-14915,7/29/2023,NULL,CID-2322,Retail,Cairo,West,Henry Wilson,Phone Order,Home & garden,Plant Pot Set,9,26,25,175.5,157.28,Returned,NULL,1
ORD-10666,10/13/2024,10/15/2024,CID-1974,VIP,Port Harcourt,East,Liam Moore,Online,Clothing,Sports Socks 3pk,10,15.63,5,148.49,74.4,Completed,NULL,0
ORD-10736,9/1/2024,9/15/2024,CID-4462,Loyalty Member,Port Harcourt,East,Iris Park,WHOLESALE,Sports,Water Bottle 1L,6,23.23,5,132.41,84.96,Completed,4,0
ORD-13433,3/20/2022,NULL,CID-1002,B2B,Cairo,Central,Frank Miller,Phone Order,Beauty,Lipstick Set,3,42.2,15,107.61,63.18,Completed,NULL,0
ORD-13704,2/3/2023,NULL,CID-2331,Loyalty Member,Dakar,West,James Turner,In-Store,Electronics,Webcam HD,4,73.19,0,292.76,184.06,Returned,3,1
ORD-12427,1/1/2023,1/4/2023,CID-4264,New Customer,Enugu,Central,Bob Smith,In-Store,Sports,Water Bottle 1L,2,19.38,0,38.76,19.54,Completed,NULL,0
ORD-10598,9/10/2022,9/17/2022,CID-2288,B2B,Ibadan,West,Frank Miller,Mobile App,Beauty,Eye Cream,4,72.73,0,290.92,141.1,Cancelled,2,0
ORD-11034,9/21/2024,9/23/2024,CID-3628,New Customer,Accra,North,Alice Johnson,Phone Order,Electronics,Laptop Pro 15,3,1334.46,0,4003.38,2003.77,Cancelled,NULL,0
ORD-14037,1/10/2023,1/13/2023,CID-3620,Loyalty Member,Dakar,North,NULL,Wholesale,Beauty,Nail Polish Kit,5,17.64,20,70.56,57.04,Completed,5,0
ORD-14099,1/4/2022,1/7/2022,CID-4788,Loyalty Member,Port Harcourt,Central,Liam Moore,In-Store,Clothing,Winter Jacket,4,162.36,30,454.61,381.52,Completed,NULL,0
ORD-12938,12/3/2022,NULL,CID-1030,Loyalty Member,Ibadan,South,Carol White,Phone Order,Beauty,Face Serum,6,59.42,0,356.52,193.24,Pending,4,0
ORD-14033,4/30/2022,5/5/2022,CID-3705,New Customer,Johannesburg,West,Olivia Clark,Wholesale,Beauty,Lipstick Set,3,39.39,0,118.17,79.21,Pending,NULL,0
ORD-15943,12/24/2023,12/26/2023,CID-1680,B2B,Johannesburg,Central,Alice Johnson,In-Store,Beauty,Face Mask Pack,8,19.61,25,117.66,73.83,Completed,4,0
ORD-15349,10/17/2024,10/31/2024,CID-4327,B2B,Addis Ababa,South,Alice Johnson,In-Store,Electronics,Laptop Pro 15,7,1339.12,0,9373.84,4250.19,Completed,5,0
ORD-15281,5/14/2023,5/19/2023,CID-2370,Loyalty Member,NULL,North,Mia Scott,Online,Sports,Yoga Mat,8,33.55,0,268.4,139.87,Completed,2,0
ORD-11800,9/30/2023,10/2/2023,CID-1722,VIP,Ibadan,South,David Lee,Mobile App,Clothing,Denim Jeans,4,56.77,30,158.96,143.34,Completed,NULL,0
ORD-15820,1/23/2022,1/28/2022,CID-4935,B2B,Abuja,East,Carol White,Online,Clothing,Casual Sneakers,9,81.91,0,737.19,417.35,Completed,NULL,0
ORD-14393,9/10/2023,9/12/2023,CID-4539,B2B,Ibadan,South,David Lee,Wholesale,Beauty,Shampoo & Conditioner,9,28.01,10,226.88,143.9,Completed,NULL,0
ORD-12567,11/21/2022,11/28/2022,CID-3757,B2B,Port Harcourt,East,Henry Wilson,Mobile App,Electronics,USB-C Hub,6,47.89,15,244.24,151.33,Completed,NULL,0
ORD-11936,7/31/2024,8/3/2024,CID-1021,B2B,Kaduna,East,Frank Miller,Online,Sports,Yoga Mat,8,30.35,25,182.1,109.62,Completed,5,0
ORD-10998,1/20/2023,1/23/2023,CID-4971,B2B,Abuja,North,Carol White,Online,Electronics,Mechanical Keyboard,10,148.13,25,1110.97,897.21,Completed,4,0
ORD-15830,1/23/2023,NULL,CID-3102,Loyalty Member,Johannesburg,Central,Frank Miller,Wholesale,Electronics,Portable Charger,1,34.91,0,34.91,20.45,Disputed,5,0
ORD-13511,12/9/2022,NULL,CID-3719,VIP,Kano,Central,Liam Moore,Wholesale,Home & garden,Desk Lamp,4,38.56,0,154.24,75.16,Completed,NULL,0
ORD-12390,2/16/2024,NULL,CID-4140,Retail,Cairo,East,Olivia Clark,Wholesale,Sports,Foam Roller,3,32.53,30,68.31,61.54,Returned,1,1
ORD-13266,4/20/2023,NULL,CID-3082,Loyalty Member,Addis Ababa,South,David Lee,Online,Beauty,Face Mask Pack,10,15.59,0,155.9,77.16,Pending,2,0
ORD-12867,6/16/2022,6/18/2022,CID-1015,B2B,Kano,North,Liam Moore,Online,Sports,Resistance Bands Set,1,22.75,0,22.75,14.48,Completed,1,0
ORD-11362,1/10/2024,1/15/2024,CID-2514,Retail,Ibadan,South,Liam Moore,Mobile App,Beauty,Nail Polish Kit,10,22.66,30,158.62,153.43,Completed,5,0
ORD-10385,4/11/2024,NULL,CID-1647,New Customer,Benin City,West,Bob Smith,Online,Beauty,Perfume 50ml,5,69.26,25,259.73,225.73,Completed,4,0
ORD-14469,3/18/2024,NULL,CID-4659,Loyalty Member,Accra,Central,Grace Chen,In-Store,Clothing,Casual Sneakers,1,81.5,0,81.5,43.45,Completed,4,0
ORD-14795,7/5/2024,NULL,CID-4103,New Customer,Lagos,East,Henry Wilson,In-Store,Beauty,Shampoo & Conditioner,7,26.4,0,184.8,102.71,Completed,3,0
ORD-13120,3/4/2022,NULL,CID-1965,New Customer,Addis Ababa,East,Bob Smith,Wholesale,Electronics,Webcam HD,7,70.8,20,396.48,281.65,Completed,5,0
ORD-13815,8/7/2024,8/14/2024,CID-3901,VIP,Cairo,Central,Alice Johnson,Wholesale,Electronics,Mechanical Keyboard,2,168.74,25,253.11,223.12,Returned,1,1
ORD-14215,6/1/2022,NULL,CID-3213,Loyalty Member,Addis Ababa,South,Emma Brown,Phone Order,Clothing,Running Shoes,2,118.09,25,177.13,133.6,Completed,5,0
ORD-10258,5/11/2022,5/16/2022,CID-3102,New Customer,Accra,West,Mia Scott,Wholesale,Clothing,Winter Jacket,1,155.51,0,155.51,90.43,Completed,4,0
ORD-13191,8/7/2022,8/12/2022,CID-2662,VIP,Port Harcourt,North,Henry Wilson,Wholesale,Electronics,Smart Watch,2,282.54,0,565.08,337.4,Completed,NULL,0
ORD-12731,1/14/2022,1/21/2022,CID-3406,Retail,Nairobi,North,NULL,Wholesale,Clothing,Casual Sneakers,3,91.52,30,192.19,163.83,Completed,2,0
ORD-11145,11/18/2023,11/23/2023,CID-4420,Loyalty Member,Johannesburg,West,Olivia Clark,Online,Clothing,Formal Dress,3,134.11,25,301.75,235.06,Completed,NULL,0
ORD-15684,7/4/2024,7/5/2024,CID-1877,B2B,Enugu,Central,James Turner,Online,Beauty,Face Serum,5,63.75,25,239.06,165.52,Completed,2,0
ORD-15541,10/1/2022,10/8/2022,CID-2842,VIP,Dakar,East,Frank Miller,Online,Clothing,Winter Jacket,4,130.93,30,366.6,359.24,Completed,1,0
ORD-16034,11/14/2024,11/21/2024,CID-2471,Loyalty Member,Casablanca,West,Liam Moore,In-Store,Sports,Gym Bag,6,68.18,10,368.17,223.71,Completed,5,0
ORD-12873,1/23/2023,2/6/2023,CID-1770,VIP,Casablanca,North,Liam Moore,Online,Electronics,Wireless Earbuds,3,82.68,5,235.64,166.07,Completed,4,0
ORD-11790,3/6/2024,3/20/2024,CID-3602,VIP,Dakar,South,Frank Miller,In-Store,Electronics,Smart Watch,5,256.46,0,1282.3,891.65,Returned,5,1
ORD-12509,3/23/2022,3/24/2022,CID-1205,VIP,Ibadan,West,Henry Wilson,Wholesale,Home & garden,Throw Pillow Set,9,53.93,25,364.03,274.81,Pending,5,0
ORD-14495,6/30/2023,7/2/2023,CID-4394,New Customer,Accra,West,Emma Brown,Mobile App,Electronics,Smart Watch,7,212.69,30,1042.18,1041.02,Completed,NULL,0
ORD-14656,7/2/2024,7/3/2024,CID-3576,Loyalty Member,Cairo,South,Alice Johnson,Phone Order,Beauty,Face Serum,10,56.47,0,564.7,296.23,Completed,2,0
ORD-15286,2/21/2023,2/23/2023,CID-3049,VIP,Benin City,East,Emma Brown,Phone Order,Home & garden,Wall Clock,6,42.14,25,189.63,171.84,Returned,2,1
ORD-14216,11/5/2023,NULL,CID-4255,New Customer,Benin City,North,Mia Scott,Wholesale,Beauty,Face Serum,6,54.51,30,228.94,226.12,Pending,3,0
ORD-12692,6/7/2024,6/21/2024,CID-3296,Loyalty Member,Kaduna,East,Bob Smith,Mobile App,Electronics,Laptop Pro 15,2,1107.39,25,1661.09,1270.72,Completed,NULL,0
ORD-12956,3/13/2022,3/14/2022,CID-2871,B2B,Abuja,East,Carol White,WHOLESALE,Beauty,Nail Polish Kit,2,19.5,10,35.1,17.77,Pending,1,0
ORD-14890,10/29/2022,11/12/2022,CID-4970,Loyalty Member,Nairobi,North,NULL,In-Store,Clothing,Casual Sneakers,1,85.21,0,85.21,43.69,Completed,3,0
ORD-12405,8/27/2024,9/3/2024,CID-1241,VIP,Kaduna,Central,Mia Scott,IN-STORE,Clothing,Formal Dress,10,105.02,5,997.69,578.45,Returned,4,1
ORD-14726,1/3/2023,1/4/2023,CID-4413,Loyalty Member,Nairobi,South,Liam Moore,Wholesale,Electronics,USB-C Hub,7,48.48,0,339.36,217.34,Completed,2,0
ORD-15558,2/15/2022,NULL,CID-1348,Loyalty Member,NULL,West,James Turner,Online,Beauty,Perfume 50ml,8,72.94,0,583.52,278.12,Cancelled,2,0
ORD-14927,7/21/2022,NULL,CID-3657,Retail,Addis Ababa,South,Nathan Harris,Online,Sports,Resistance Bands Set,3,25.17,30,52.86,41.28,Cancelled,5,0
ORD-10927,2/15/2023,2/22/2023,CID-4764,VIP,Johannesburg,North,Liam Moore,Online,Electronics,Portable Charger,7,40.99,15,243.89,158.2,Completed,NULL,0
ORD-12110,2/14/2022,2/19/2022,CID-1861,New Customer,Addis Ababa,North,Henry Wilson,Online,Electronics,Mechanical Keyboard,6,153.79,5,876.6,528.51,Returned,5,1
ORD-12486,3/18/2024,4/1/2024,CID-3737,New Customer,Johannesburg,South,Olivia Clark,Mobile App,Sports,Foam Roller,1,34.12,25,25.59,16.21,Completed,4,0
ORD-13218,7/19/2024,7/22/2024,CID-2840,VIP,Dakar,East,Karen Davis,In-Store,Clothing,Casual Sneakers,1,86.86,25,65.14,50.59,Completed,5,0
ORD-10721,9/11/2023,9/25/2023,CID-2626,Retail,Accra,Central,NULL,Phone Order,Home & garden,Scented Candle,7,21.73,15,129.29,76.75,Completed,5,0
ORD-13380,4/30/2022,5/14/2022,CID-3973,New Customer,Cairo,West,Olivia Clark,In-Store,Electronics,Mechanical Keyboard,8,163.71,25,982.26,717.29,Completed,3,0
ORD-14272,11/5/2023,NULL,CID-1504,B2B,Lagos,West,Carol White,Mobile App,Home & garden,Smart Plug 4pk,6,44.27,0,265.62,135.28,Completed,5,0
ORD-11546,3/19/2024,NULL,CID-1553,Retail,Dakar,East,Bob Smith,In-Store,Beauty,Perfume 50ml,10,79.29,15,673.97,547.72,Completed,NULL,0
ORD-15093,10/26/2022,NULL,CID-2866,New Customer,Port Harcourt,South,Henry Wilson,Online,Beauty,Electric Toothbrush,6,92.1,15,469.71,289.6,Completed,5,0
ORD-13270,6/16/2022,6/17/2022,CID-2798,Loyalty Member,Cairo,South,Henry Wilson,Online,Electronics,Laptop Pro 15,1,1136.1,0,1136.1,726.41,Cancelled,5,0
ORD-14018,7/29/2023,8/3/2023,CID-2836,B2B,Kano,West,Frank Miller,In-Store,Clothing,Denim Jeans,9,73.72,15,NULL,325.66,Returned,4,1
ORD-12435,8/24/2024,8/27/2024,CID-1986,New Customer,Casablanca,East,Iris Park,Online,Electronics,Laptop Pro 15,3,1310.6,30,2752.26,2187.46,Completed,5,0
ORD-15875,6/28/2024,NULL,CID-4110,VIP,Abuja,North,Alice Johnson,Mobile App,Clothing,Casual Sneakers,4,79.24,25,237.72,157.19,Completed,3,0
ORD-14692,9/19/2024,NULL,CID-4896,Loyalty Member,NULL,South,Carol White,Online,Beauty,Perfume 50ml,10,66.66,0,666.6,396.87,Completed,NULL,0
ORD-15896,6/6/2022,6/9/2022,CID-3324,New Customer,Port Harcourt,South,Mia Scott,Wholesale,Beauty,Eye Cream,3,64.94,30,136.37,127.92,Completed,NULL,0
ORD-13013,5/20/2022,5/25/2022,CID-1674,New Customer,Dakar,Central,Bob Smith,Phone Order,Sports,Resistance Bands Set,3,27.68,0,83.04,40.39,Completed,5,0
ORD-14197,8/31/2024,9/2/2024,CID-2780,Retail,Enugu,North,Emma Brown,Phone Order,Beauty,Lipstick Set,9,40.14,0,361.26,178.29,Completed,NULL,0
ORD-12850,2/18/2022,2/23/2022,CID-1213,VIP,Ibadan,East,Olivia Clark,In-Store,Home & garden,Throw Pillow Set,9,62.95,10,509.9,383.03,Completed,5,0
ORD-11202,3/18/2024,4/1/2024,CID-2663,Loyalty Member,Kano,East,Liam Moore,Mobile App,Home & garden,Air Purifier,5,183.19,0,915.95,572.98,Completed,3,0
ORD-14496,2/2/2023,2/7/2023,CID-3806,Retail,Ibadan,North,Olivia Clark,Wholesale,Beauty,Eye Cream,1,70.97,5,67.42,33.36,Completed,NULL,0
ORD-11212,4/30/2023,NULL,CID-4795,VIP,Lagos,Central,Emma Brown,Mobile App,Clothing,Casual Sneakers,10,81.87,0,818.7,541.73,Completed,1,0
ORD-12277,4/25/2024,5/9/2024,CID-4284,B2B,Dakar,Central,James Turner,Online,Beauty,Face Serum,4,50.9,5,193.42,92.13,Completed,1,0
ORD-11095,9/27/2022,9/29/2022,CID-3801,B2B,Ibadan,South,NULL,PHONE ORDER,Clothing,Running Shoes,7,123.52,10,778.18,460.27,Cancelled,NULL,0
ORD-13707,8/1/2022,NULL,CID-2804,VIP,Accra,North,Liam Moore,Mobile App,Sports,Water Bottle 1L,6,24.52,5,139.76,66.64,Completed,2,0
ORD-10718,1/19/2022,1/24/2022,CID-3462,B2B,Ibadan,South,Karen Davis,In-Store,Clothing,Denim Jeans,4,67.96,10,244.66,157.21,Cancelled,NULL,0
ORD-15197,1/31/2024,2/1/2024,CID-2198,New Customer,Accra,South,Carol White,In-Store,Electronics,Smart Watch,10,234.15,0,2341.5,1562.18,Pending,1,0
ORD-11487,10/9/2024,10/10/2024,CID-1780,VIP,Ibadan,South,Liam Moore,In-Store,Electronics,Laptop Pro 15,9,1298.41,20,9348.55,7970.47,Pending,5,0
ORD-11769,8/13/2023,8/27/2023,CID-2601,B2B,Kaduna,West,Frank Miller,Wholesale,Home & garden,Wall Clock,8,38.87,25,233.22,197.25,Completed,4,0
ORD-13460,3/14/2022,NULL,CID-2568,Retail,Johannesburg,East,Carol White,Mobile App,Home & garden,Desk Lamp,2,51.08,10,91.94,66.21,Completed,NULL,0
ORD-15130,4/30/2022,5/2/2022,CID-3097,New Customer,Johannesburg,East,David Lee,Online,Clothing,Casual Sneakers,9,75.17,0,676.53,456.47,Completed,5,0
ORD-15687,8/17/2023,8/20/2023,CID-2063,Loyalty Member,Johannesburg,North,James Turner,Online,Sports,Foam Roller,4,34.22,30,95.82,86.17,Completed,1,0
ORD-14802,1/19/2024,1/21/2024,CID-3844,New Customer,Nairobi,North,Karen Davis,Wholesale,Sports,Jump Rope,1,17.11,20,13.69,10.83,Pending,1,0
ORD-10388,3/27/2024,3/29/2024,CID-1434,New Customer,Abuja,East,Iris Park,Phone Order,Sports,Protein Powder 1kg,6,58.86,15,300.19,234.92,Completed,4,0
ORD-15273,5/24/2024,NULL,CID-1443,Loyalty Member,Kaduna,Central,James Turner,Mobile App,Beauty,Eye Cream,8,70.02,0,560.16,368.9,Completed,5,0
ORD-13115,4/8/2024,4/9/2024,CID-1436,Loyalty Member,Kano,Central,Emma Brown,Wholesale,Beauty,Perfume 50ml,6,70.51,30,296.14,293.26,Cancelled,NULL,0
ORD-13296,11/22/2024,11/24/2024,CID-3164,New Customer,Ibadan,West,Liam Moore,In-Store,Home & garden,Desk Lamp,9,44.98,25,303.62,276.38,Completed,4,0
ORD-13867,3/21/2024,3/23/2024,CID-2410,Loyalty Member,Kano,North,Karen Davis,Online,Clothing,Women's Blazer,7,99.32,15,590.95,383.63,Returned,5,1
ORD-12825,4/24/2024,4/25/2024,CID-3259,New Customer,Addis Ababa,South,David Lee,Wholesale,Beauty,Lipstick Set,8,42.54,0,340.32,191.63,Pending,NULL,0
ORD-11595,9/11/2022,9/12/2022,CID-3344,New Customer,Enugu,North,Henry Wilson,Wholesale,Beauty,Shampoo & Conditioner,1,25.98,15,22.08,14.99,Returned,4,1
ORD-10680,9/10/2024,9/12/2024,CID-1699,Retail,Benin City,North,Alice Johnson,In-Store,Electronics,Bluetooth Speaker,1,105.15,20,84.12,68.98,Completed,NULL,0
ORD-14524,12/21/2022,12/22/2022,CID-1275,VIP,Addis Ababa,South,David Lee,Wholesale,Clothing,Running Shoes,3,125.08,15,318.95,192.05,Completed,5,0
ORD-11894,6/29/2022,7/6/2022,CID-1346,Loyalty Member,Ibadan,East,Nathan Harris,Online,Home & garden,Air Purifier,1,203.48,0,203.48,124.77,Disputed,NULL,0
ORD-12580,11/5/2024,11/6/2024,CID-4467,Retail,Casablanca,East,Iris Park,Phone Order,Clothing,Sports Socks 3pk,1,15.57,20,12.46,99,Returned,1,1
ORD-13790,1/8/2024,1/13/2024,CID-2381,B2B,Kaduna,East,Iris Park,In-Store,Beauty,Electric Toothbrush,3,84.19,0,252.57,132.4,Pending,NULL,0
ORD-10181,12/6/2022,NULL,CID-4773,Retail,Benin City,East,James Turner,Phone Order,Electronics,USB-C Hub,3,49.41,10,133.41,69.35,Completed,NULL,0
ORD-15624,12/10/2022,12/13/2022,CID-4389,B2B,Enugu,West,Emma Brown,Wholesale,Sports,Resistance Bands Set,5,26.75,25,100.31,76.92,Completed,NULL,0
ORD-11505,4/1/2022,4/3/2022,CID-4063,New Customer,Ibadan,West,Nathan Harris,Wholesale,Electronics,Bluetooth Speaker,9,107.1,20,771.12,461.91,Completed,4,0
ORD-15838,2/22/2024,2/23/2024,CID-2037,B2B,Casablanca,East,NULL,Mobile App,Beauty,Eye Cream,1,56.69,10,51.02,29.11,Completed,NULL,0
ORD-12504,1/2/2023,1/7/2023,CID-4564,B2B,Lagos,Central,Mia Scott,Mobile App,Home & garden,Wall Clock,6,43.38,30,182.2,124.39,Returned,5,1
ORD-10497,11/6/2022,11/7/2022,CID-2528,Loyalty Member,Addis Ababa,South,Iris Park,Mobile App,Electronics,Laptop Pro 15,7,1323.32,0,9263.24,4704.41,Completed,NULL,0
ORD-14149,7/28/2024,7/29/2024,CID-3264,Retail,NULL,West,Grace Chen,Wholesale,Home & garden,Desk Lamp,2,40.46,0,80.92,39.24,Completed,NULL,0
ORD-11853,10/4/2024,10/5/2024,CID-4816,Loyalty Member,Abuja,East,Nathan Harris,In-Store,Clothing,Winter Jacket,8,152.2,0,1217.6,828.8,Completed,5,0
ORD-14909,10/2/2023,10/7/2023,CID-4424,New Customer,Addis Ababa,Central,Iris Park,Phone Order,Clothing,Winter Jacket,3,159.06,20,381.74,312.76,Completed,3,0
ORD-10756,1/20/2022,1/23/2022,CID-3713,Loyalty Member,Nairobi,West,Karen Davis,Online,Sports,Jump Rope,8,13.67,0,109.36,67.96,Completed,3,0
ORD-12333,12/1/2023,12/4/2023,CID-2724,B2B,Nairobi,North,Bob Smith,Mobile App,Clothing,Casual Sneakers,10,82.53,0,825.3,535.59,Completed,5,0
ORD-15576,2/12/2024,2/19/2024,CID-3656,VIP,Cairo,East,Bob Smith,Phone Order,Electronics,Wireless Earbuds,1,98.35,0,98.35,47.73,Completed,NULL,0
ORD-13428,8/2/2024,8/7/2024,CID-2574,Loyalty Member,Nairobi,Central,Iris Park,Mobile App,Home & garden,Scented Candle,2,23.45,0,46.9,28.89,Completed,5,0
ORD-11687,5/14/2022,NULL,CID-1224,New Customer,Abuja,South,Alice Johnson,Mobile App,Electronics,Wireless Earbuds,1,85.73,0,85.73,57.66,Completed,2,0
ORD-12432,4/20/2023,4/22/2023,CID-1600,New Customer,Dakar,North,Olivia Clark,Phone Order,Sports,Jump Rope,10,13.69,25,102.68,61.7,Completed,1,0
ORD-13465,1/10/2024,1/12/2024,CID-3157,VIP,Kaduna,South,Nathan Harris,Phone Order,Beauty,Face Serum,10,62.49,0,624.9,282.26,Completed,NULL,0
ORD-14454,7/21/2022,7/24/2022,CID-2541,Retail,Casablanca,East,Emma Brown,In-Store,Electronics,Smart Watch,4,268.8,15,913.92,617.64,Pending,NULL,0
ORD-11937,11/11/2022,11/16/2022,CID-1028,VIP,Kano,North,Olivia Clark,Mobile App,Electronics,Webcam HD,8,69.16,5,525.62,320.12,Completed,5,0
ORD-10481,3/22/2022,NULL,CID-3966,B2B,Benin City,North,David Lee,Phone Order,Electronics,USB-C Hub,1,43.34,10,39.01,26.06,Returned,4,1
ORD-15009,8/28/2022,NULL,CID-4002,VIP,Dakar,South,Carol White,In-Store,Clothing,Denim Jeans,3,58.79,15,149.91,96.07,Completed,5,0
ORD-10891,10/20/2022,NULL,CID-3552,VIP,Port Harcourt,Central,Nathan Harris,In-Store,Sports,Swim Goggles,8,25.64,0,205.12,113.37,Returned,5,1
ORD-11180,8/20/2022,8/23/2022,CID-2156,Loyalty Member,Nairobi,West,NULL,In-Store,Clothing,Sports Socks 3pk,6,14.94,25,67.23,41.8,Returned,3,1
ORD-12107,1/24/2022,2/7/2022,CID-3531,Retail,Nairobi,Central,Carol White,Online,Sports,Protein Powder 1kg,6,48.29,5,275.25,132.24,Returned,5,1
ORD-14151,1/25/2023,NULL,CID-2249,Loyalty Member,Accra,North,Frank Miller,Mobile App,Home & garden,Plant Pot Set,6,26.44,30,111.05,80.17,Returned,4,1
ORD-13733,11/6/2024,NULL,CID-4766,New Customer,Johannesburg,Central,Karen Davis,PHONE ORDER,Beauty,Eye Cream,7,57.48,20,321.89,272.6,Cancelled,5,0
ORD-12723,8/3/2022,NULL,CID-3939,Loyalty Member,Dakar,Central,David Lee,Wholesale,Sports,Protein Powder 1kg,2,58.44,30,81.82,68.24,Returned,4,1
ORD-12610,3/9/2024,3/23/2024,CID-3485,Retail,Abuja,West,David Lee,Wholesale,Home & garden,Wall Clock,10,43.15,25,323.62,296.3,Completed,1,0
ORD-13250,7/9/2024,7/11/2024,CID-1482,B2B,Enugu,Central,Carol White,Online,Clothing,Denim Jeans,4,61,0,244,113.54,Returned,4,1
ORD-11158,2/18/2023,2/19/2023,CID-4272,Loyalty Member,Port Harcourt,West,Iris Park,Online,Clothing,Winter Jacket,3,139.53,0,418.59,192.28,Completed,4,0
ORD-14680,9/24/2023,9/25/2023,CID-3860,VIP,Accra,East,Frank Miller,IN-STORE,Clothing,Casual Sneakers,6,88.27,0,529.62,356.35,Returned,2,1
ORD-15152,9/26/2022,9/27/2022,CID-2900,B2B,Addis Ababa,East,Bob Smith,Mobile App,Clothing,Women's Blazer,8,101.05,10,NULL,485.09,Completed,2,0
ORD-12705,2/19/2023,2/22/2023,CID-4300,VIP,Casablanca,West,Frank Miller,Wholesale,Electronics,Webcam HD,6,0,25,370.39,315.65,Completed,3,0
ORD-15362,3/13/2024,NULL,CID-1984,New Customer,Benin City,East,NULL,Wholesale,Sports,Gym Bag,3,76.97,20,184.73,116.37,Completed,NULL,0
ORD-14994,5/20/2024,5/21/2024,CID-3860,VIP,Accra,Central,David Lee,Online,Electronics,Bluetooth Speaker,5,117.87,5,559.88,361.07,Completed,NULL,0
ORD-14143,8/4/2024,8/6/2024,CID-3125,VIP,Kano,East,Nathan Harris,Mobile App,Electronics,USB-C Hub,10,49.68,30,347.76,237.54,Pending,5,0
ORD-11904,9/6/2023,NULL,CID-3261,VIP,Ibadan,South,Carol White,Phone Order,Home & garden,Throw Pillow Set,2,50.66,0,101.32,50.36,Completed,3,0
ORD-10496,12/13/2022,12/15/2022,CID-4755,Retail,Accra,Central,Henry Wilson,In-Store,Home & garden,Wall Clock,8,34.22,25,205.32,177.6,Pending,1,0
ORD-13629,3/31/2023,NULL,CID-3853,Loyalty Member,Lagos,Central,Grace Chen,Phone Order,Clothing,Casual Sneakers,5,81.12,30,283.92,182.55,Completed,5,0
ORD-16048,11/2/2022,11/5/2022,CID-1783,B2B,NULL,Central,Iris Park,Mobile App,Home & garden,Desk Lamp,1,40.41,0,40.41,28.06,Returned,NULL,1
ORD-13388,1/22/2022,1/24/2022,CID-1321,Retail,Kaduna,South,Karen Davis,Online,Home & garden,Scented Candle,2,22.29,25,33.44,20.94,Completed,2,0
ORD-15430,11/24/2022,11/26/2022,CID-3193,B2B,Enugu,North,Bob Smith,In-Store,Clothing,Denim Jeans,5,56.42,20,225.68,165.42,Returned,4,1
ORD-10995,7/11/2023,7/14/2023,CID-2691,Retail,Port Harcourt,Central,NULL,Wholesale,Home & garden,Air Purifier,7,199.99,5,1329.93,909.94,Completed,3,0
ORD-15221,9/30/2022,10/1/2022,CID-2146,Retail,Abuja,Central,Frank Miller,Mobile App,Electronics,Bluetooth Speaker,5,134.06,10,603.27,448.55,Completed,4,0
ORD-13900,7/5/2023,7/10/2023,CID-2644,VIP,Johannesburg,East,Mia Scott,Mobile App,Home & garden,Smart Plug 4pk,8,44.99,20,287.94,212.69,Completed,5,0
ORD-10276,7/2/2023,7/3/2023,CID-4774,Retail,Port Harcourt,South,Emma Brown,Wholesale,Clothing,Casual Sneakers,9,68.63,30,432.37,421.42,Completed,3,0
ORD-11583,9/16/2023,9/30/2023,CID-1032,Loyalty Member,Nairobi,East,Olivia Clark,WHOLESALE,Sports,Jump Rope,7,16.74,20,93.74,73.26,Cancelled,3,0
ORD-14677,4/9/2024,NULL,CID-2543,New Customer,Lagos,North,David Lee,Phone Order,Clothing,Men's Polo Shirt,3,39.3,30,82.53,69.85,Completed,NULL,0
ORD-14551,9/17/2022,9/20/2022,CID-1628,Loyalty Member,Accra,East,Nathan Harris,In-Store,Sports,Swim Goggles,8,29.16,25,174.96,120.19,Disputed,4,0
ORD-12835,9/22/2023,NULL,CID-4724,New Customer,Benin City,North,Frank Miller,Phone Order,Electronics,Bluetooth Speaker,6,128.77,5,733.99,532.71,Completed,5,0
ORD-14991,7/26/2024,8/2/2024,CID-4374,Retail,Port Harcourt,Central,NULL,Phone Order,Sports,Water Bottle 1L,3,19.31,15,49.24,29.84,Completed,1,0
ORD-14116,1/18/2023,1/23/2023,CID-3164,Retail,Kaduna,Central,Liam Moore,Online,Clothing,Women's Blazer,9,95.17,30,599.57,433.36,Completed,5,0
ORD-10038,12/16/2024,NULL,CID-4804,B2B,Johannesburg,Central,Grace Chen,In-Store,Sports,Protein Powder 1kg,3,62.37,25,140.33,91.92,Completed,4,0
ORD-12545,7/21/2022,7/26/2022,CID-4990,B2B,Cairo,Central,Karen Davis,Mobile App,Home & garden,Coffee Maker,9,106.81,15,817.1,590.28,Completed,1,0
ORD-10112,10/12/2023,NULL,CID-2747,Loyalty Member,Benin City,West,James Turner,Phone Order,Clothing,Women's Blazer,8,97.05,0,776.4,478.96,Cancelled,3,0
ORD-14642,11/20/2022,11/21/2022,CID-3193,B2B,Addis Ababa,South,Liam Moore,Phone Order,Sports,Gym Bag,5,63.1,10,283.95,188.3,Returned,2,1
ORD-11278,2/10/2024,NULL,CID-1330,B2B,Addis Ababa,South,Alice Johnson,Mobile App,Clothing,Men's Polo Shirt,3,38.06,0,114.18,69.43,Completed,2,0
ORD-11797,8/14/2023,NULL,CID-2403,Loyalty Member,Lagos,North,David Lee,Wholesale,Home & garden,Smart Plug 4pk,1,43.5,30,30.45,24.09,Completed,NULL,0
ORD-14277,3/13/2022,3/15/2022,CID-3063,Retail,Accra,East,David Lee,Phone Order,Sports,Resistance Bands Set,2,27.54,20,44.06,36.09,Returned,NULL,1
ORD-14757,8/1/2023,NULL,CID-1817,B2B,Casablanca,South,Bob Smith,Online,Sports,Protein Powder 1kg,1,56.64,0,56.64,34.2,Returned,5,1
ORD-15090,3/29/2023,3/30/2023,CID-3420,VIP,Kaduna,North,Frank Miller,Online,Home & garden,Scented Candle,7,22.04,10,138.85,107.3,Disputed,5,0
ORD-15811,4/1/2023,4/2/2023,CID-2585,VIP,Casablanca,South,Olivia Clark,In-Store,Beauty,Face Serum,5,58.02,0,290.1,189.57,Cancelled,5,0
ORD-11899,11/29/2024,NULL,CID-2822,New Customer,Johannesburg,East,Karen Davis,Phone Order,Clothing,Casual Sneakers,1,75.21,5,71.45,51.64,Completed,NULL,0
ORD-13170,6/26/2022,6/27/2022,CID-1656,Loyalty Member,Kano,South,Carol White,Wholesale,Clothing,Casual Sneakers,4,90.68,30,253.9,229,Completed,5,0
ORD-14261,1/3/2022,1/5/2022,CID-2081,New Customer,Kano,West,David Lee,Online,Beauty,Perfume 50ml,1,85.43,15,72.62,39.24,Completed,5,0
ORD-13089,9/16/2022,NULL,CID-3456,VIP,Abuja,North,David Lee,Online,Beauty,Perfume 50ml,9,67.51,20,486.07,403.73,Disputed,NULL,0
ORD-10299,11/10/2024,11/12/2024,CID-1967,VIP,Kano,East,Frank Miller,In-Store,Clothing,Sports Socks 3pk,3,15.05,0,45.15,21.6,Completed,3,0
ORD-15184,12/3/2023,12/10/2023,CID-4668,Loyalty Member,Port Harcourt,North,Olivia Clark,Wholesale,Electronics,Mechanical Keyboard,9,173.38,5,1482.4,896.04,Completed,1,0
ORD-11857,8/17/2022,8/18/2022,CID-4838,Retail,Nairobi,East,Liam Moore,Phone Order,Beauty,Face Mask Pack,4,16.7,5,63.46,34.92,Completed,5,0
ORD-13766,10/17/2022,10/19/2022,CID-3909,Retail,Abuja,East,Henry Wilson,Online,Beauty,Face Serum,6,62.86,20,301.73,181.64,Completed,5,0
ORD-15609,10/14/2023,10/21/2023,CID-4225,New Customer,Kaduna,South,Liam Moore,Mobile App,Beauty,Nail Polish Kit,2,20.29,0,40.58,25.19,Pending,2,0
ORD-10431,1/11/2022,1/18/2022,CID-2955,VIP,Enugu,South,Grace Chen,Mobile App,Electronics,Webcam HD,6,69.53,25,312.88,268.12,Returned,4,1
ORD-14160,9/9/2024,9/23/2024,CID-3174,New Customer,Addis Ababa,North,Karen Davis,Online,Beauty,Perfume 50ml,7,76.56,25,401.94,308.51,Completed,1,0
ORD-11731,3/16/2022,3/18/2022,CID-2851,New Customer,NULL,South,Olivia Clark,In-Store,Beauty,Perfume 50ml,10,78.11,20,624.88,505.88,Pending,4,0
ORD-13137,8/26/2024,NULL,CID-2255,New Customer,Kaduna,West,Frank Miller,Phone Order,Clothing,Winter Jacket,1,160.32,20,128.26,98.8,Completed,4,0
ORD-14852,11/27/2022,11/30/2022,CID-4057,New Customer,Abuja,West,Liam Moore,Mobile App,Clothing,Winter Jacket,8,130.76,10,941.47,703.36,Completed,NULL,0
ORD-10990,10/7/2022,10/10/2022,CID-1034,New Customer,Casablanca,East,Henry Wilson,Phone Order,Beauty,Perfume 50ml,3,63.99,10,172.77,111.5,Returned,5,1
ORD-15407,6/23/2024,6/28/2024,CID-3497,VIP,Ibadan,West,Carol White,Phone Order,Electronics,USB-C Hub,5,44.61,0,223.05,143.15,Completed,NULL,0
ORD-13687,4/14/2023,4/28/2023,CID-2761,Loyalty Member,Johannesburg,West,NULL,In-Store,Electronics,Smart Watch,2,215.64,0,431.28,251.09,Completed,5,0
ORD-15308,1/8/2022,NULL,CID-4961,Loyalty Member,Cairo,East,Nathan Harris,Phone Order,Electronics,USB-C Hub,2,44.24,30,61.94,42.34,Completed,NULL,0
ORD-11957,3/20/2022,3/23/2022,CID-2746,B2B,Abuja,South,Olivia Clark,In-Store,Clothing,Denim Jeans,10,59.72,0,597.2,288.49,Completed,1,0
ORD-11720,2/14/2024,2/28/2024,CID-2759,B2B,Addis Ababa,East,Frank Miller,Phone Order,Electronics,Wireless Earbuds,3,96.87,0,290.61,144.7,Disputed,1,0
ORD-14022,5/26/2024,NULL,CID-2792,B2B,Casablanca,West,Frank Miller,Online,Home & garden,Scented Candle,8,19.15,25,114.9,95.45,Pending,5,0
ORD-13198,1/20/2023,1/25/2023,CID-2760,New Customer,Kano,Central,David Lee,Online,Beauty,Face Serum,9,59.33,10,480.57,337.72,Completed,NULL,0
ORD-15291,6/1/2023,6/6/2023,CID-4785,New Customer,Dakar,South,Olivia Clark,Phone Order,Clothing,Women's Blazer,5,88.25,20,353,208.63,Completed,4,0
ORD-12440,8/12/2024,NULL,CID-1875,B2B,Kaduna,East,Liam Moore,Mobile App,Sports,Gym Bag,6,60.03,0,360.18,195.01,Completed,5,0
ORD-15077,7/29/2024,NULL,CID-4721,Retail,Casablanca,East,Frank Miller,In-Store,Sports,Resistance Bands Set,5,22.14,0,110.7,73.07,Completed,NULL,0
ORD-13848,7/6/2022,NULL,CID-1924,Loyalty Member,Lagos,East,Nathan Harris,In-Store,Beauty,Eye Cream,1,55.27,0,55.27,31.02,Returned,3,1
ORD-15217,2/20/2024,2/21/2024,CID-3479,Retail,Johannesburg,Central,Carol White,Phone Order,Sports,Water Bottle 1L,4,21.49,5,81.66,48.38,Completed,4,0
ORD-10550,5/23/2024,5/28/2024,CID-3579,New Customer,Kaduna,South,Mia Scott,Mobile App,Clothing,Denim Jeans,9,66.01,0,594.09,316.5,Completed,1,0
ORD-12354,5/23/2024,5/26/2024,CID-4101,B2B,Lagos,East,Grace Chen,Wholesale,Home & garden,Coffee Maker,10,110.8,30,775.6,659.21,Completed,NULL,0
ORD-10751,4/4/2022,4/7/2022,CID-3442,New Customer,Addis Ababa,East,Henry Wilson,Phone Order,Clothing,Women's Blazer,7,91.37,30,447.71,314.52,Completed,NULL,0
ORD-13271,10/29/2024,11/12/2024,CID-2068,Loyalty Member,Dakar,East,NULL,Wholesale,Sports,Yoga Mat,3,33.03,15,84.23,61.24,Completed,3,0
ORD-15303,2/21/2024,2/28/2024,CID-1366,Retail,Johannesburg,South,Mia Scott,Online,Clothing,Denim Jeans,6,71.73,20,344.3,291.54,Pending,1,0
ORD-10463,2/2/2022,NULL,CID-3432,Loyalty Member,Cairo,South,Bob Smith,Online,Home & garden,Throw Pillow Set,2,60.11,0,120.22,66.7,Completed,1,0
ORD-10304,7/8/2024,7/22/2024,CID-2323,VIP,Port Harcourt,Central,Karen Davis,Phone Order,Clothing,Women's Blazer,3,88.04,25,198.09,156.08,Pending,5,0
ORD-14301,2/23/2023,3/2/2023,CID-4044,Retail,Cairo,West,James Turner,Online,Electronics,USB-C Hub,1,40.57,25,30.43,19.21,Completed,5,0
ORD-12098,8/23/2022,8/25/2022,CID-4963,New Customer,Kaduna,West,Bob Smith,Wholesale,Home & garden,Scented Candle,4,23.83,5,90.55,56.04,Cancelled,5,0
ORD-10953,3/31/2024,4/3/2024,CID-1537,B2B,Dakar,West,Carol White,Phone Order,Beauty,Face Mask Pack,4,19.08,20,61.06,41.45,Disputed,2,0
ORD-14198,11/2/2023,11/16/2023,CID-1204,Loyalty Member,Dakar,South,Henry Wilson,Phone Order,Beauty,Perfume 50ml,7,82.46,15,490.64,290.44,Completed,2,0
ORD-10314,6/15/2024,6/20/2024,CID-1650,VIP,Kaduna,Central,NULL,Phone Order,Electronics,Bluetooth Speaker,2,125.26,30,175.36,115.19,Completed,NULL,0
ORD-14809,6/28/2023,6/30/2023,CID-3308,Retail,Nairobi,North,Mia Scott,Online,Clothing,Denim Jeans,8,70.88,25,425.28,267.74,Completed,5,0
ORD-12820,4/11/2024,4/16/2024,CID-2818,New Customer,Enugu,West,Henry Wilson,Mobile App,Sports,Water Bottle 1L,7,24.24,0,169.68,91.33,Disputed,5,0
ORD-15148,10/14/2022,10/21/2022,CID-4706,Loyalty Member,Nairobi,West,Grace Chen,In-Store,Sports,Protein Powder 1kg,9,50.48,20,363.46,236.19,Pending,2,0
ORD-13146,1/12/2023,1/13/2023,CID-1381,VIP,Port Harcourt,South,Emma Brown,Mobile App,Clothing,Sports Socks 3pk,7,17.06,15,101.51,76.18,Completed,1,0
ORD-14257,5/13/2024,NULL,CID-2405,VIP,Port Harcourt,West,Grace Chen,Online,Beauty,Lipstick Set,8,46.48,0,371.84,217.96,Pending,NULL,0
ORD-10744,11/21/2022,11/26/2022,CID-2776,New Customer,Kaduna,North,Carol White,Phone Order,Electronics,Laptop Pro 15,8,1095.38,10,7886.74,5638.01,Completed,5,0
ORD-14561,12/18/2022,NULL,CID-3910,B2B,Kaduna,East,Liam Moore,Mobile App,Home & garden,Smart Plug 4pk,NULL,36.31,30,228.75,207.42,Cancelled,3,0
ORD-13370,9/4/2022,9/7/2022,CID-2632,B2B,Nairobi,South,Mia Scott,Wholesale,Electronics,Smart Watch,4,235.08,30,658.22,502.33,Completed,4,0
ORD-10660,10/5/2024,10/12/2024,CID-1155,B2B,Nairobi,East,Carol White,Mobile App,Home & garden,Desk Lamp,10,49.55,5,470.72,323.36,Completed,NULL,0
ORD-16053,6/25/2023,6/30/2023,CID-3325,Retail,Dakar,North,Nathan Harris,PHONE ORDER,Electronics,USB-C Hub,10,38.34,20,306.72,180.7,Cancelled,2,0
ORD-13637,1/31/2023,2/14/2023,CID-4226,New Customer,Dakar,East,Emma Brown,Online,Clothing,Winter Jacket,2,141.91,0,283.82,173.86,Completed,2,0
ORD-13041,10/10/2024,10/15/2024,CID-3093,B2B,Ibadan,Central,James Turner,Wholesale,Sports,Gym Bag,1,63.47,0,63.47,43.38,Completed,1,0
ORD-12608,2/13/2023,NULL,CID-2802,Retail,Abuja,South,James Turner,Phone Order,Home & garden,Coffee Maker,6,107.64,20,516.67,343.21,Pending,4,0
ORD-11326,3/1/2023,NULL,CID-4013,Loyalty Member,Addis Ababa,North,James Turner,Wholesale,Home & garden,Coffee Maker,5,106.51,20,426.04,332.58,Pending,NULL,0
ORD-15383,1/11/2023,NULL,CID-3144,B2B,Accra,East,Bob Smith,Online,Beauty,Perfume 50ml,3,73.52,30,154.39,136.51,Completed,4,0
ORD-13467,11/3/2024,11/8/2024,CID-2144,B2B,Port Harcourt,West,Iris Park,Mobile App,Home & garden,Scented Candle,7,25.01,0,175.07,116.6,Completed,NULL,0
ORD-13470,5/14/2024,5/17/2024,CID-2179,B2B,Ibadan,East,Mia Scott,Phone Order,Sports,Foam Roller,5,39.51,30,138.28,125.09,Completed,NULL,0
ORD-10689,3/13/2022,3/20/2022,CID-4278,Loyalty Member,Port Harcourt,Central,Olivia Clark,Phone Order,Sports,Water Bottle 1L,8,19.22,10,138.38,103.89,Completed,NULL,0
ORD-14977,12/19/2023,12/20/2023,CID-4719,VIP,Port Harcourt,West,Emma Brown,Mobile App,Home & garden,Plant Pot Set,1,27.4,0,27.4,17.65,Completed,5,0
ORD-10001,6/28/2022,7/5/2022,CID-1383,Loyalty Member,Nairobi,West,Alice Johnson,Online,Electronics,Portable Charger,4,34.78,5,132.16,66.17,Completed,1,0
ORD-14309,10/24/2022,NULL,CID-2200,B2B,Port Harcourt,South,Mia Scott,Wholesale,Electronics,Mechanical Keyboard,5,146.83,10,660.74,340.24,Pending,5,0
ORD-11242,9/24/2022,9/29/2022,CID-4670,B2B,Ibadan,Central,Mia Scott,In-Store,Sports,Water Bottle 1L,10,23.37,0,233.7,112.17,Completed,4,0
ORD-14346,7/4/2022,7/5/2022,CID-4269,Loyalty Member,Dakar,East,Bob Smith,Mobile App,Electronics,Laptop Pro 15,1,1207.59,30,845.31,775.31,Completed,2,0
ORD-13344,4/14/2024,4/15/2024,CID-3517,Retail,Abuja,South,NULL,Wholesale,Home & garden,Throw Pillow Set,8,58.9,30,329.84,274.31,Returned,5,1
ORD-10286,6/17/2022,6/20/2022,CID-2989,New Customer,Ibadan,West,Karen Davis,Mobile App,Electronics,Laptop Pro 15,3,1291.6,0,3874.8,1791.86,Completed,4,0
ORD-10518,2/8/2024,2/13/2024,CID-3706,Loyalty Member,NULL,South,NULL,Phone Order,Electronics,Portable Charger,8,35.82,25,214.92,168.57,Completed,4,0
ORD-10374,10/12/2022,10/14/2022,CID-3269,New Customer,Casablanca,West,Alice Johnson,Wholesale,Clothing,Sports Socks 3pk,9,13.3,5,113.72,59.88,Completed,NULL,0
ORD-12066,9/22/2022,9/27/2022,CID-4899,Retail,Cairo,East,Iris Park,Phone Order,Home & garden,Plant Pot Set,7,33.21,20,185.98,157.91,Completed,5,0
ORD-13561,12/3/2023,12/17/2023,CID-1800,New Customer,NULL,North,Henry Wilson,Online,Electronics,Smart Watch,10,276.52,0,2765.2,1319.13,Completed,2,0
ORD-14694,5/29/2022,6/3/2022,CID-1724,VIP,Kaduna,Central,James Turner,Mobile App,Clothing,Casual Sneakers,10,68.27,0,682.7,378.38,Completed,NULL,0
ORD-15391,5/5/2024,5/7/2024,CID-4461,New Customer,Kano,West,Carol White,Phone Order,Home & garden,Smart Plug 4pk,6,42.26,5,240.88,158.38,Completed,NULL,0
ORD-14226,2/16/2022,3/2/2022,CID-3581,Retail,Benin City,Central,Karen Davis,Phone Order,Beauty,Shampoo & Conditioner,5,28.64,15,121.72,96.21,Cancelled,5,0
ORD-12702,5/25/2023,5/28/2023,CID-2329,VIP,Casablanca,West,Mia Scott,Online,Electronics,Mechanical Keyboard,5,174.19,15,740.31,466.84,Completed,3,0
ORD-14562,12/11/2022,12/14/2022,CID-4531,VIP,Johannesburg,East,Olivia Clark,In-Store,Sports,Jump Rope,7,13.31,25,69.88,55.54,Cancelled,5,0
ORD-11930,1/22/2024,NULL,CID-4901,New Customer,Kaduna,South,Iris Park,Wholesale,Sports,Swim Goggles,3,31.39,30,65.92,46.49,Completed,3,0
ORD-15971,7/23/2023,7/28/2023,CID-1492,B2B,Dakar,South,Alice Johnson,MOBILE APP,Beauty,Electric Toothbrush,3,88.36,30,185.56,128,Returned,2,1
ORD-12900,10/2/2024,10/7/2024,CID-1274,B2B,Casablanca,Central,Olivia Clark,Wholesale,Home & garden,Air Purifier,7,206.38,0,1444.66,679.46,Completed,4,0
ORD-12472,10/23/2023,11/6/2023,CID-4560,B2B,Kaduna,North,Karen Davis,Wholesale,Sports,Foam Roller,6,39.8,20,191.04,161.27,Pending,5,0
ORD-10792,7/23/2024,7/26/2024,CID-4344,New Customer,Enugu,East,Nathan Harris,Online,Electronics,Laptop Pro 15,2,1340.44,10,2412.79,1583.28,Completed,NULL,0
ORD-11929,5/20/2024,6/3/2024,CID-2000,Loyalty Member,Cairo,Central,Liam Moore,Wholesale,Electronics,Webcam HD,1,88.74,5,84.3,56.48,Disputed,NULL,0
ORD-12528,12/11/2023,NULL,CID-4499,B2B,Accra,West,Carol White,Mobile App,Home & garden,Scented Candle,8,18.78,30,105.17,80.4,Returned,3,1
ORD-10716,12/1/2022,NULL,CID-2167,Retail,Port Harcourt,East,Liam Moore,Online,Sports,Swim Goggles,3,28.73,25,64.64,46.32,Completed,NULL,0
ORD-10433,12/9/2024,12/14/2024,CID-2917,Retail,Enugu,South,Nathan Harris,Phone Order,Home & garden,Air Purifier,6,196.27,10,1059.86,718.73,Completed,3,0
ORD-11909,12/1/2022,12/6/2022,CID-3771,B2B,Accra,West,Bob Smith,Wholesale,Beauty,Shampoo & Conditioner,9,25.99,10,NULL,143.26,Completed,4,0
ORD-15886,8/12/2023,NULL,CID-2005,Loyalty Member,Cairo,West,NULL,Wholesale,Beauty,Perfume 50ml,5,83.68,30,292.88,246.4,Completed,NULL,0
ORD-15976,1/2/2022,1/7/2022,CID-1170,Retail,Enugu,West,Bob Smith,Wholesale,Home & garden,Scented Candle,4,19.57,15,66.54,52.33,Completed,NULL,0
ORD-12559,3/26/2024,NULL,CID-3935,New Customer,Kaduna,North,Frank Miller,Mobile App,Sports,Yoga Mat,8,38.44,25,230.64,142.98,Pending,2,0
ORD-12578,9/2/2022,9/16/2022,CID-2881,Retail,Dakar,South,Frank Miller,Mobile App,Clothing,Winter Jacket,4,129.78,5,493.16,312.59,Completed,NULL,0
ORD-12924,5/8/2022,5/15/2022,CID-3845,Retail,Dakar,West,Karen Davis,Mobile App,Home & garden,Air Purifier,7,213.98,15,1273.18,858.44,Completed,4,0
ORD-11834,4/17/2024,4/22/2024,CID-1326,New Customer,Abuja,Central,Bob Smith,In-Store,Clothing,Men's Polo Shirt,3,32.47,5,92.54,65.81,Completed,4,0
ORD-13985,11/18/2023,11/25/2023,CID-2695,B2B,Ibadan,West,Frank Miller,Wholesale,Home & garden,Throw Pillow Set,2,56.88,15,96.7,77.25,Returned,NULL,1
ORD-14636,5/23/2022,5/28/2022,CID-2943,Loyalty Member,Nairobi,South,James Turner,Online,Electronics,Webcam HD,7,71.58,5,476.01,233.14,Completed,3,0
ORD-13925,1/23/2024,1/26/2024,CID-1148,B2B,Benin City,Central,Karen Davis,Online,Home & garden,Desk Lamp,8,39.1,30,218.96,213.3,Completed,3,0
ORD-11069,9/28/2022,10/1/2022,CID-4052,New Customer,Ibadan,North,Henry Wilson,Phone Order,Sports,Resistance Bands Set,4,23.42,20,74.94,51.39,Completed,2,0
ORD-15040,3/3/2023,3/8/2023,CID-2931,Retail,Abuja,South,Grace Chen,Online,Clothing,Formal Dress,2,110.81,0,221.62,127.27,Returned,4,1
ORD-14827,3/12/2022,3/15/2022,CID-3555,VIP,Port Harcourt,Central,Frank Miller,In-Store,Beauty,Face Serum,4,55.59,30,155.65,113.29,Completed,NULL,0
ORD-10900,9/24/2022,NULL,CID-4673,New Customer,Accra,Central,Nathan Harris,Online,Sports,Yoga Mat,9,37.65,30,237.19,160.38,Pending,5,0
ORD-11124,1/14/2023,1/16/2023,CID-1150,Retail,Cairo,North,Karen Davis,Wholesale,Clothing,Winter Jacket,10,158.93,30,1112.51,797.68,Completed,NULL,0
ORD-10562,10/7/2023,NULL,CID-4545,Retail,Benin City,West,James Turner,Online,Beauty,Lipstick Set,9,41.87,0,376.83,182.79,Completed,3,0
ORD-12028,6/11/2022,6/13/2022,CID-4404,B2B,Casablanca,North,Alice Johnson,Phone Order,Electronics,Mechanical Keyboard,10,136.59,0,1365.9,739.38,Cancelled,3,0
ORD-13035,10/20/2023,10/22/2023,CID-1710,VIP,Cairo,West,James Turner,Phone Order,Clothing,Running Shoes,5,116.17,5,551.81,313.87,Completed,4,0
ORD-10048,6/4/2022,6/9/2022,CID-3671,Retail,Abuja,Central,Bob Smith,Online,Sports,Swim Goggles,3,25.34,20,60.82,43,Disputed,NULL,0
ORD-13366,2/14/2024,2/17/2024,CID-4782,Retail,Accra,West,Karen Davis,Online,Sports,Protein Powder 1kg,7,48.29,10,304.23,198.64,Cancelled,5,0
ORD-14236,2/10/2022,2/24/2022,CID-1987,Retail,Lagos,North,Bob Smith,Phone Order,Electronics,Mechanical Keyboard,1,144.46,15,122.79,89.32,Cancelled,4,0
ORD-10524,5/13/2023,5/20/2023,CID-1694,VIP,Ibadan,Central,Carol White,Mobile App,Electronics,Portable Charger,7,42.27,20,236.71,186.77,Completed,5,0
ORD-15740,1/29/2024,1/30/2024,CID-2224,VIP,Nairobi,South,James Turner,Wholesale,Sports,Resistance Bands Set,10,21.74,30,152.18,124.1,Completed,3,0
ORD-14125,10/27/2024,11/10/2024,CID-2716,Loyalty Member,Cairo,North,Frank Miller,Phone Order,Clothing,Formal Dress,10,136.43,25,1023.23,653.77,Completed,4,0
ORD-10207,9/4/2023,NULL,CID-4544,Loyalty Member,Benin City,Central,James Turner,Mobile App,Beauty,Nail Polish Kit,9,21.92,10,177.55,102.73,Completed,5,0
ORD-12176,4/19/2022,4/20/2022,CID-1269,VIP,Kano,Central,Emma Brown,IN-STORE,Beauty,Shampoo & Conditioner,1,31.86,5,30.27,16.09,Completed,NULL,0
ORD-12082,9/13/2024,9/18/2024,CID-4955,VIP,Addis Ababa,Central,Liam Moore,In-Store,Beauty,Nail Polish Kit,5,18.19,0,90.95,62.34,Returned,NULL,1
ORD-14181,7/7/2024,7/8/2024,CID-3167,Retail,Enugu,North,Frank Miller,Online,Beauty,Shampoo & Conditioner,9,27.91,15,213.51,151.65,Pending,4,0
ORD-12397,9/20/2024,9/21/2024,CID-1099,B2B,Lagos,South,Emma Brown,Wholesale,Electronics,Laptop Pro 15,1,1056.91,30,739.84,580.76,Completed,4,0
ORD-11322,10/11/2022,NULL,CID-3567,Retail,Dakar,West,NULL,Wholesale,Clothing,Formal Dress,10,137.15,0,1371.5,776.19,Completed,2,0
ORD-10895,2/19/2023,2/26/2023,CID-4385,Retail,Port Harcourt,Central,Karen Davis,Mobile App,Sports,Resistance Bands Set,4,24.14,20,77.25,46.07,Completed,5,0
ORD-13231,1/1/2024,1/2/2024,CID-1803,VIP,Lagos,West,Henry Wilson,Phone Order,Beauty,Perfume 50ml,5,77.9,5,370.02,240.5,Pending,5,0
ORD-15467,6/26/2023,6/27/2023,CID-3371,Loyalty Member,Benin City,West,Liam Moore,In-Store,Electronics,Webcam HD,6,73.79,5,420.6,204.07,Completed,3,0
ORD-11016,12/13/2023,NULL,CID-1087,VIP,Johannesburg,West,Liam Moore,In-Store,Sports,Resistance Bands Set,3,23,25,51.75,47.98,Returned,3,1
ORD-11337,10/31/2022,11/5/2022,CID-3132,Retail,Ibadan,South,Nathan Harris,In-Store,Clothing,Winter Jacket,2,130.42,0,260.84,124.68,Disputed,NULL,0
ORD-13083,5/19/2023,5/24/2023,CID-3922,Loyalty Member,Casablanca,South,Liam Moore,Online,Clothing,Running Shoes,4,112.44,15,382.3,233.79,Completed,1,0
ORD-10266,5/1/2024,5/15/2024,CID-2280,VIP,Port Harcourt,North,Frank Miller,Mobile App,Beauty,Eye Cream,4,61.86,20,197.95,139.4,Returned,5,1
ORD-13188,9/2/2023,9/3/2023,CID-2277,New Customer,Abuja,West,Mia Scott,Online,Home & garden,Air Purifier,9,186.89,30,1177.41,989.18,Pending,5,0
ORD-12861,2/17/2022,NULL,CID-1995,VIP,Abuja,South,Mia Scott,Online,Electronics,Mechanical Keyboard,2,176.24,15,299.61,237.56,Completed,3,0
ORD-12556,6/27/2024,6/29/2024,CID-3627,Loyalty Member,Dakar,South,Henry Wilson,Phone Order,Electronics,Laptop Pro 15,4,1185.31,25,3555.93,2943.92,Completed,5,0
ORD-12292,3/20/2023,NULL,CID-2777,Retail,Casablanca,North,Frank Miller,Phone Order,Sports,Foam Roller,1,42.82,15,36.4,28.98,Pending,2,0
ORD-12704,10/20/2024,NULL,CID-3524,B2B,Enugu,North,Frank Miller,Wholesale,Sports,Foam Roller,7,41.2,15,245.14,142.19,Completed,4,0
ORD-10773,4/22/2024,4/27/2024,N/A,Loyalty Member,Casablanca,North,NULL,Wholesale,Home & garden,Coffee Maker,3,111.49,25,250.85,159.96,Completed,NULL,0
ORD-15298,9/21/2022,9/24/2022,CID-3822,B2B,Lagos,North,Alice Johnson,Online,Home & garden,Plant Pot Set,10,34.4,0,344,197.63,Pending,NULL,0
ORD-14502,3/8/2022,3/22/2022,CID-2065,VIP,Nairobi,West,Mia Scott,Wholesale,Beauty,Electric Toothbrush,9,86.02,0,774.18,533.78,Completed,NULL,0
ORD-15964,9/22/2024,NULL,CID-1373,VIP,Addis Ababa,Central,Bob Smith,Phone Order,Clothing,Sports Socks 3pk,4,16.35,30,45.78,30.01,Cancelled,1,0
ORD-14279,4/25/2023,4/27/2023,CID-2841,VIP,Abuja,West,Emma Brown,Mobile App,Sports,Swim Goggles,8,31.88,15,216.78,128.95,Completed,NULL,0
ORD-14050,7/19/2024,7/21/2024,CID-4510,B2B,Abuja,South,Alice Johnson,Wholesale,Clothing,Running Shoes,8,118.2,20,756.48,484.57,Completed,5,0
ORD-13358,4/13/2023,4/20/2023,CID-3744,VIP,Cairo,Central,David Lee,Wholesale,Beauty,Face Serum,8,0,0,498.72,263.01,Returned,NULL,1
ORD-10437,1/31/2023,2/2/2023,CID-4387,VIP,Abuja,Central,Nathan Harris,Mobile App,Home & garden,Desk Lamp,1,48.93,15,41.59,28.96,Completed,NULL,0
ORD-13443,4/6/2024,4/13/2024,CID-2406,VIP,Abuja,South,Nathan Harris,In-Store,Beauty,Lipstick Set,6,37.81,20,181.49,134.72,Completed,4,0
ORD-13711,1/7/2024,1/10/2024,CID-4382,Loyalty Member,Addis Ababa,East,Grace Chen,Online,Home & garden,Desk Lamp,5,41.68,10,187.56,128.69,Completed,5,0
ORD-12605,4/17/2024,4/20/2024,CID-1079,B2B,Kano,South,Henry Wilson,Wholesale,Sports,Gym Bag,7,75.51,0,528.57,291.25,Cancelled,4,0
ORD-13654,3/19/2024,3/21/2024,CID-2682,B2B,Abuja,West,Frank Miller,In-Store,Beauty,Shampoo & Conditioner,7,25.71,0,179.97,107.8,Disputed,NULL,0
ORD-15762,2/6/2024,2/11/2024,CID-1621,B2B,Accra,South,James Turner,Wholesale,Beauty,Perfume 50ml,2,75.76,20,121.22,101.35,Completed,5,0
ORD-12218,8/24/2023,8/25/2023,CID-3744,Loyalty Member,Benin City,West,Carol White,Mobile App,Home & garden,Throw Pillow Set,10,52.91,30,370.37,320.22,Completed,NULL,0
ORD-12629,8/19/2022,8/26/2022,CID-4466,Loyalty Member,NULL,South,Mia Scott,Phone Order,Home & garden,Smart Plug 4pk,2,40.78,0,81.56,56.57,Pending,5,0
ORD-12960,7/14/2023,7/17/2023,CID-2964,B2B,Kano,North,Liam Moore,Phone Order,Clothing,Men's Polo Shirt,2,37.36,0,74.72,42.13,Completed,2,0
ORD-11537,6/3/2023,6/6/2023,CID-4148,Retail,Johannesburg,East,James Turner,Online,Electronics,Webcam HD,7,78.16,0,547.12,344.73,Completed,5,0
ORD-12894,10/31/2023,11/14/2023,CID-3596,New Customer,Casablanca,South,Olivia Clark,Wholesale,Electronics,Laptop Pro 15,8,1170.12,15,7956.82,4702.61,Pending,NULL,0
ORD-12463,11/15/2022,11/22/2022,CID-2420,VIP,Kano,Central,David Lee,Mobile App,Sports,Swim Goggles,3,31.78,0,95.34,56.85,Completed,5,0
ORD-10419,9/6/2024,9/13/2024,CID-2882,VIP,Accra,West,Frank Miller,In-Store,Beauty,Face Serum,NULL,52.91,30,111.11,84.33,Pending,NULL,0
ORD-11050,12/23/2023,12/26/2023,CID-2688,New Customer,Dakar,Central,Frank Miller,Wholesale,Beauty,Nail Polish Kit,3,22.99,30,48.28,38.68,Returned,5,1
ORD-11808,11/9/2022,11/16/2022,CID-2899,VIP,Kaduna,South,Emma Brown,Mobile App,Electronics,Webcam HD,7,85.13,0,595.91,405.45,Completed,NULL,0
ORD-11879,11/21/2024,12/5/2024,CID-4972,New Customer,Kano,East,James Turner,Mobile App,Electronics,Wireless Earbuds,6,80.45,25,362.03,223.55,Completed,1,0
ORD-13478,1/15/2022,1/29/2022,CID-1241,Retail,Addis Ababa,East,James Turner,Online,Clothing,Denim Jeans,2,59.15,0,118.3,57.47,Completed,2,0
ORD-10607,2/21/2023,NULL,CID-2600,Retail,Ibadan,South,Iris Park,Wholesale,Sports,Protein Powder 1kg,5,51.86,0,259.3,149.83,Completed,5,0
ORD-13808,6/30/2024,7/14/2024,CID-1688,New Customer,Johannesburg,West,Alice Johnson,In-Store,Electronics,Laptop Pro 15,3,1309.96,15,3340.4,2460.26,Completed,NULL,0
ORD-13927,2/4/2023,2/5/2023,CID-2233,Loyalty Member,Johannesburg,West,Alice Johnson,Phone Order,Electronics,Portable Charger,3,38.57,15,98.35,76.56,Completed,2,0
ORD-16040,11/28/2024,12/5/2024,CID-1418,B2B,Casablanca,North,Nathan Harris,Wholesale,Beauty,Eye Cream,2,62.26,0,124.52,76.56,Pending,NULL,0
ORD-12766,8/23/2023,9/6/2023,CID-2544,Retail,Benin City,West,Grace Chen,Mobile App,Beauty,Electric Toothbrush,5,75.7,15,321.72,242.57,Completed,2,0
ORD-11808,11/9/2022,11/16/2022,CID-2899,VIP,Kaduna,South,Emma Brown,MOBILE APP,Electronics,Webcam HD,7,85.13,0,595.91,405.45,Completed,NULL,0
ORD-10345,10/20/2024,10/27/2024,CID-3355,B2B,Ibadan,Central,Alice Johnson,Phone Order,Electronics,USB-C Hub,7,39.1,25,205.27,180.42,Completed,5,0
ORD-15643,1/31/2023,2/3/2023,CID-3964,B2B,Kano,North,Bob Smith,Wholesale,Sports,Resistance Bands Set,3,25.11,0,75.33,36.81,Completed,2,0
ORD-15704,7/29/2023,8/5/2023,CID-2945,Retail,Kano,East,Nathan Harris,Phone Order,Beauty,Perfume 50ml,6,0,30,288.41,285.69,Completed,NULL,0
ORD-12205,11/14/2022,11/15/2022,CID-2769,Retail,Ibadan,East,Carol White,In-Store,Home & garden,Desk Lamp,6,48.85,10,263.79,168.68,Completed,4,0
ORD-12687,9/24/2024,NULL,CID-1422,Loyalty Member,Nairobi,East,David Lee,Phone Order,Beauty,Face Mask Pack,10,20.03,0,200.3,124.76,Completed,5,0
ORD-12381,4/17/2024,4/18/2024,CID-2071,New Customer,Kaduna,Central,NULL,Wholesale,Electronics,Portable Charger,5,35.67,30,124.85,118.2,Returned,NULL,1
ORD-14775,1/30/2024,1/31/2024,CID-4633,New Customer,Ibadan,South,Liam Moore,Phone Order,Clothing,Men's Polo Shirt,7,32.26,20,180.66,148.43,Completed,NULL,0
ORD-12593,8/11/2022,NULL,CID-3055,Loyalty Member,Benin City,South,David Lee,Wholesale,Electronics,Mechanical Keyboard,6,174.39,30,732.44,521.49,Completed,2,0
ORD-12712,10/9/2024,10/11/2024,CID-2803,B2B,Port Harcourt,South,David Lee,In-Store,Electronics,USB-C Hub,9,47.26,0,425.34,220.52,Completed,NULL,0
ORD-10693,6/10/2024,6/12/2024,CID-2056,Retail,Abuja,South,Nathan Harris,Phone Order,Clothing,Running Shoes,4,97.66,5,371.11,217.13,Completed,5,0
ORD-15747,6/24/2023,7/8/2023,CID-1911,New Customer,Accra,South,Karen Davis,Wholesale,Home & garden,Coffee Maker,8,94.89,0,759.12,399.11,Disputed,5,0
ORD-14017,6/16/2024,6/19/2024,CID-1771,VIP,Kano,North,Henry Wilson,Wholesale,Sports,Yoga Mat,3,36.54,0,109.62,75.97,Disputed,5,0
ORD-13945,11/12/2022,11/26/2022,CID-2658,B2B,Dakar,South,Carol White,Wholesale,Clothing,Men's Polo Shirt,2,32.41,10,58.34,31.66,Completed,NULL,0
ORD-10411,9/5/2023,9/12/2023,CID-3180,Loyalty Member,Ibadan,East,Iris Park,Phone Order,Clothing,Sports Socks 3pk,10,13.48,15,114.58,94.04,Completed,5,0
ORD-11252,10/1/2024,10/6/2024,CID-3212,New Customer,Johannesburg,West,Grace Chen,Online,Home & garden,Desk Lamp,6,46.01,20,220.85,159.8,Completed,5,0
ORD-12379,8/21/2022,8/24/2022,CID-4169,New Customer,Nairobi,West,Liam Moore,In-Store,Clothing,Casual Sneakers,2,79.15,0,158.3,83.86,Pending,5,0
ORD-12514,10/7/2024,10/12/2024,CID-3822,Loyalty Member,Nairobi,East,Frank Miller,Mobile App,Clothing,Women's Blazer,9,79.02,0,711.18,345.75,Completed,5,0
ORD-12181,12/8/2022,12/10/2022,CID-1580,New Customer,Kaduna,East,Olivia Clark,Mobile App,Clothing,Formal Dress,5,108.13,5,513.62,335.4,Disputed,5,0
ORD-15772,1/27/2023,2/3/2023,CID-1318,Loyalty Member,Cairo,West,Bob Smith,Online,Beauty,Perfume 50ml,6,64.58,20,309.98,219.07,Completed,1,0
ORD-13215,5/3/2022,5/17/2022,CID-1834,VIP,Port Harcourt,West,Iris Park,Wholesale,Beauty,Face Serum,5,56.84,0,284.2,139.16,Completed,4,0
ORD-13519,3/7/2022,3/12/2022,CID-3710,Loyalty Member,Casablanca,South,Liam Moore,WHOLESALE,Beauty,Shampoo & Conditioner,3,24.15,0,72.45,43.79,Returned,5,1
ORD-10935,5/28/2023,6/11/2023,CID-2980,VIP,Casablanca,West,Grace Chen,Phone Order,Home & garden,Air Purifier,9,221.45,10,1793.74,1302.03,Returned,NULL,1
ORD-10824,2/21/2024,2/26/2024,CID-4956,Retail,Johannesburg,West,Mia Scott,Wholesale,Beauty,Electric Toothbrush,9,89.92,10,728.35,373.68,Completed,4,0
ORD-14737,5/31/2022,6/7/2022,CID-2410,Retail,Johannesburg,East,Iris Park,Online,Home & garden,Smart Plug 4pk,7,45.66,5,303.64,146.79,Completed,2,0
ORD-11695,1/16/2023,1/18/2023,CID-1247,Loyalty Member,Kaduna,South,Mia Scott,Online,Sports,Jump Rope,6,14.92,20,71.62,54.18,Completed,NULL,0
ORD-10657,7/30/2023,7/31/2023,CID-4140,B2B,Port Harcourt,West,Iris Park,Wholesale,Home & garden,Desk Lamp,1,46.31,15,39.36,21.18,Completed,2,0
ORD-12718,4/26/2023,4/29/2023,CID-4924,VIP,Dakar,Central,Frank Miller,Online,Home & garden,Plant Pot Set,7,28.78,15,171.24,137.27,Returned,4,1
ORD-14536,6/4/2022,6/9/2022,CID-2522,Retail,NULL,West,Emma Brown,Phone Order,Electronics,Wireless Earbuds,3,101.47,5,289.19,167.54,Completed,NULL,0
ORD-13726,11/6/2022,11/7/2022,CID-2605,B2B,Addis Ababa,Central,Henry Wilson,Online,Beauty,Lipstick Set,9,38.7,5,330.88,225.73,Pending,NULL,0
ORD-12792,6/20/2023,6/21/2023,CID-4892,New Customer,Kano,North,Grace Chen,In-Store,Clothing,Winter Jacket,7,146.58,10,923.45,534.76,Completed,3,0
ORD-14721,8/18/2023,NULL,CID-4257,New Customer,Ibadan,North,Emma Brown,In-Store,Sports,Foam Roller,8,40.94,0,327.52,200.74,Pending,2,0
ORD-12081,7/13/2024,NULL,CID-3742,B2B,Dakar,West,Iris Park,In-Store,Electronics,Smart Watch,2,241.91,10,435.44,253.8,Pending,1,0
ORD-13920,10/17/2024,10/18/2024,CID-3632,Retail,Johannesburg,North,Henry Wilson,In-Store,Sports,Swim Goggles,5,30.89,10,139,94.62,Disputed,NULL,0
ORD-12488,1/4/2022,1/11/2022,CID-4746,B2B,Port Harcourt,Central,Mia Scott,Mobile App,Clothing,Running Shoes,4,105.46,15,358.56,242.71,Completed,5,0
ORD-13850,12/10/2024,NULL,CID-4726,Retail,Cairo,North,Iris Park,Phone Order,Beauty,Lipstick Set,2,36.55,0,73.1,49.47,Completed,5,0
ORD-11064,11/3/2022,NULL,CID-1627,New Customer,Benin City,Central,NULL,In-Store,Sports,Yoga Mat,7,32.95,0,230.65,106.17,Completed,NULL,0
ORD-11710,1/14/2024,1/15/2024,CID-3272,VIP,Benin City,North,Frank Miller,Online,Home & garden,Scented Candle,4,19.92,20,63.74,55.57,Completed,4,0
ORD-14283,7/9/2023,7/12/2023,CID-3634,Loyalty Member,Benin City,South,Nathan Harris,Phone Order,Electronics,Laptop Pro 15,8,1055.89,10,7602.41,4255.43,Completed,NULL,0
ORD-13699,7/5/2024,7/8/2024,CID-3794,Retail,Benin City,Central,James Turner,Mobile App,Electronics,Wireless Earbuds,3,79.77,5,227.34,150.34,Pending,5,0
ORD-12953,12/5/2022,12/10/2022,CID-2168,B2B,Abuja,West,Iris Park,Phone Order,Beauty,Face Mask Pack,6,20.61,25,92.75,74.25,Cancelled,NULL,0
ORD-13749,8/26/2023,9/2/2023,CID-3972,Loyalty Member,Kaduna,South,Grace Chen,Phone Order,Electronics,Bluetooth Speaker,9,117.48,5,1004.45,620.71,Completed,3,0
ORD-10908,12/6/2024,NULL,CID-3681,VIP,Kaduna,Central,Alice Johnson,Mobile App,Beauty,Perfume 50ml,4,79.71,0,318.84,206.4,Completed,5,0
ORD-12132,5/29/2024,NULL,CID-1297,VIP,Enugu,South,Frank Miller,In-Store,Sports,Foam Roller,7,33.61,0,235.27,153.46,Completed,3,0
ORD-14415,1/28/2022,1/30/2022,CID-4331,Retail,Casablanca,East,Olivia Clark,Mobile App,Sports,Yoga Mat,2,38.23,0,76.46,35.03,Completed,5,0
ORD-10251,1/13/2024,1/14/2024,CID-1248,B2B,Abuja,East,Iris Park,Wholesale,Electronics,Bluetooth Speaker,4,118.01,25,354.03,240.28,Completed,5,0
ORD-11868,9/5/2023,NULL,CID-2606,New Customer,Enugu,South,Alice Johnson,Phone Order,Clothing,Denim Jeans,1,71.96,0,71.96,45.47,Completed,5,0
ORD-10346,12/8/2024,12/11/2024,CID-3078,Loyalty Member,Accra,North,Iris Park,Phone Order,Sports,Foam Roller,4,34.44,20,110.21,85.01,Cancelled,1,0
ORD-11992,8/6/2022,8/20/2022,CID-4563,Loyalty Member,Accra,West,Karen Davis,Wholesale,Home & garden,Throw Pillow Set,5,50.97,0,254.85,115.68,Completed,4,0
ORD-14268,1/8/2022,1/15/2022,CID-3197,VIP,Nairobi,South,Carol White,PHONE ORDER,Electronics,Webcam HD,8,73.32,20,469.25,374.84,Returned,NULL,1
ORD-15990,2/21/2024,2/24/2024,CID-3196,New Customer,Benin City,West,Mia Scott,Phone Order,Electronics,Bluetooth Speaker,7,137.75,0,964.25,585.23,Returned,3,1
ORD-13157,6/5/2022,NULL,CID-4849,Loyalty Member,Dakar,East,Iris Park,Phone Order,Clothing,Formal Dress,4,102.08,20,326.66,188.62,Completed,4,0
ORD-11367,12/11/2024,12/14/2024,CID-4097,Retail,Kaduna,North,Olivia Clark,PHONE ORDER,Sports,Resistance Bands Set,3,23.52,5,67.03,49.19,Completed,4,0
ORD-13103,1/24/2024,1/25/2024,CID-4618,New Customer,Kaduna,Central,James Turner,Online,Beauty,Nail Polish Kit,10,19.08,25,143.1,101.44,Completed,NULL,0
ORD-10305,6/1/2022,6/4/2022,CID-1233,VIP,Abuja,West,Henry Wilson,Online,Beauty,Eye Cream,5,66.78,10,300.51,179.63,Completed,2,0
ORD-13375,1/14/2022,1/28/2022,CID-2600,New Customer,Abuja,Central,Grace Chen,Phone Order,Home & garden,Coffee Maker,1,98.36,0,98.36,49.76,Pending,1,0
ORD-15371,9/18/2023,9/21/2023,CID-3440,VIP,Kaduna,North,Frank Miller,Online,Sports,Foam Roller,9,36.36,0,327.24,209.69,Completed,5,0
ORD-12761,7/22/2022,NULL,CID-4735,Loyalty Member,Johannesburg,Central,Bob Smith,Wholesale,Beauty,Face Serum,6,65.25,0,391.5,266.33,Completed,NULL,0
ORD-14482,11/2/2023,11/9/2023,CID-4180,B2B,Cairo,West,Grace Chen,Wholesale,Beauty,Electric Toothbrush,10,91.18,20,729.44,628.46,Completed,5,0
ORD-10344,3/18/2023,NULL,CID-3161,VIP,Kano,South,NULL,Phone Order,Beauty,Eye Cream,10,72.91,0,729.1,331.56,Completed,4,0
ORD-10731,2/22/2022,3/8/2022,CID-4714,New Customer,Johannesburg,West,NULL,Wholesale,Clothing,Men's Polo Shirt,10,36.69,20,293.52,227.55,Completed,1,0
ORD-15195,10/17/2023,10/31/2023,CID-3393,VIP,Cairo,North,James Turner,Mobile App,Beauty,Face Mask Pack,8,18.53,0,148.24,75.28,Cancelled,4,0
ORD-12875,5/23/2024,5/26/2024,CID-3173,VIP,Ibadan,East,Liam Moore,In-Store,Beauty,Perfume 50ml,10,75.15,20,601.2,391.8,Completed,3,0
ORD-13864,2/6/2023,2/20/2023,CID-4013,Retail,Port Harcourt,North,Karen Davis,In-Store,Sports,Resistance Bands Set,2,28.55,20,45.68,39.35,Completed,NULL,0
ORD-12866,11/30/2023,NULL,CID-3386,New Customer,Cairo,Central,Bob Smith,In-Store,Clothing,Women's Blazer,2,94.96,0,189.92,120.43,Completed,5,0
ORD-15174,9/3/2024,9/10/2024,CID-4265,Retail,Port Harcourt,North,Grace Chen,Online,Sports,Protein Powder 1kg,9,60.3,0,542.7,332.13,Returned,3,1
ORD-13584,5/14/2022,5/16/2022,CID-3806,New Customer,Unknown,West,James Turner,Mobile App,Sports,Swim Goggles,7,32.11,30,157.34,137.05,Completed,NULL,0
ORD-14567,7/5/2022,NULL,CID-2006,Retail,Ibadan,South,Mia Scott,In-Store,Clothing,Casual Sneakers,4,89.14,10,320.9,218.05,Pending,NULL,0
ORD-15057,9/14/2024,9/28/2024,CID-3185,VIP,Lagos,South,Karen Davis,Wholesale,Home & garden,Plant Pot Set,4,33.76,25,101.28,74.92,Cancelled,NULL,0
ORD-10018,10/7/2023,10/9/2023,CID-1585,B2B,Johannesburg,West,Grace Chen,Mobile App,Beauty,Perfume 50ml,2,84.3,5,160.17,99.78,Completed,NULL,0
ORD-15549,11/4/2023,11/5/2023,CID-4287,B2B,Lagos,East,Henry Wilson,Online,Home & garden,Throw Pillow Set,6,60.6,0,363.6,206.37,Completed,1,0
ORD-12951,6/1/2023,6/3/2023,CID-1050,B2B,NULL,Central,Alice Johnson,Wholesale,Home & garden,Wall Clock,1,38.76,5,36.82,26.01,Completed,5,0
ORD-10065,6/28/2023,7/3/2023,CID-2872,Retail,Lagos,South,Karen Davis,Wholesale,Sports,Foam Roller,5,39.93,5,189.67,105.52,Completed,5,0
ORD-14351,6/18/2022,NULL,CID-2056,Retail,Lagos,Central,Grace Chen,Mobile App,Beauty,Face Serum,9,54.52,15,417.08,342.13,Completed,1,0
ORD-10392,5/6/2024,5/8/2024,CID-4824,VIP,Kano,South,Nathan Harris,Wholesale,Clothing,Running Shoes,2,103.08,0,206.16,112.57,Completed,3,0
ORD-12037,6/13/2023,6/20/2023,CID-2735,VIP,Abuja,Central,NULL,In-Store,Clothing,Men's Polo Shirt,7,36.89,20,206.58,172.75,Pending,NULL,0
ORD-15145,10/23/2022,10/30/2022,CID-2192,B2B,Dakar,East,Karen Davis,Phone Order,Home & garden,Wall Clock,1,43.66,5,41.48,21.97,Completed,2,0
ORD-10841,6/10/2024,6/24/2024,CID-1097,VIP,Lagos,North,Liam Moore,In-Store,Clothing,Denim Jeans,7,59.26,0,414.82,272.61,Completed,2,0
ORD-11349,2/25/2023,3/4/2023,CID-2408,New Customer,Accra,North,Karen Davis,Wholesale,Electronics,Bluetooth Speaker,10,117.87,0,1178.7,639.35,Completed,3,0
ORD-12484,12/19/2022,12/22/2022,CID-1967,New Customer,Abuja,East,Bob Smith,In-Store,Beauty,Lipstick Set,8,44,0,352,176.04,Pending,4,0
ORD-13948,9/7/2024,NULL,CID-3177,New Customer,Cairo,South,Bob Smith,Online,Clothing,Sports Socks 3pk,1,13.84,20,11.07,9.33,Completed,5,0
ORD-14046,4/13/2022,4/27/2022,CID-4534,VIP,Johannesburg,North,Henry Wilson,Online,Sports,Yoga Mat,4,40.07,15,136.24,94.28,Cancelled,1,0
ORD-15706,11/21/2022,11/28/2022,CID-3201,VIP,Abuja,Central,Henry Wilson,Wholesale,Electronics,Mechanical Keyboard,6,167.76,15,855.58,631.39,Returned,2,1
ORD-15776,4/30/2023,5/14/2023,CID-2737,B2B,Enugu,Central,Mia Scott,Phone Order,Electronics,Webcam HD,3,84.91,0,254.73,137.88,Completed,4,0
ORD-14780,12/4/2022,12/5/2022,CID-1586,Retail,Nairobi,South,Karen Davis,Online,Sports,Resistance Bands Set,1,25.65,5,24.37,15.34,Completed,4,0
ORD-10571,5/22/2023,5/25/2023,CID-2427,Retail,Benin City,North,Henry Wilson,Wholesale,Electronics,Mechanical Keyboard,9,182.36,5,1559.18,780.58,Pending,NULL,0
ORD-10577,7/5/2023,NULL,CID-1309,Retail,Kaduna,West,Grace Chen,Mobile App,Clothing,Sports Socks 3pk,4,14.95,20,47.84,35.54,Completed,NULL,0
ORD-11253,7/5/2022,7/8/2022,CID-1329,VIP,Cairo,Central,Nathan Harris,Wholesale,Sports,Foam Roller,6,36.87,10,199.1,134.52,Cancelled,4,0
ORD-12644,1/4/2024,1/18/2024,CID-1861,Loyalty Member,Enugu,East,Grace Chen,In-Store,Clothing,Women's Blazer,3,78.86,5,224.75,135.39,Disputed,5,0
ORD-14951,10/29/2022,11/12/2022,CID-3085,Loyalty Member,Casablanca,West,David Lee,Online,Home & garden,Wall Clock,6,40.35,25,181.58,118.64,Completed,4,0
ORD-11616,9/22/2024,9/23/2024,CID-2727,VIP,Addis Ababa,South,Carol White,Phone Order,Clothing,Women's Blazer,6,102.11,10,551.39,322.15,Completed,4,0
ORD-13058,6/17/2022,6/22/2022,CID-4027,Loyalty Member,Casablanca,West,Henry Wilson,In-Store,Clothing,Winter Jacket,7,142.66,20,798.9,507.34,Pending,5,0
ORD-11176,8/11/2024,8/16/2024,CID-4527,VIP,Addis Ababa,South,David Lee,In-Store,Clothing,Women's Blazer,8,87.81,0,702.48,436.32,Pending,5,0
ORD-14367,2/2/2022,NULL,CID-4728,Loyalty Member,Port Harcourt,South,Liam Moore,Phone Order,Beauty,Lipstick Set,1,36.44,0,36.44,17.65,Completed,NULL,0
ORD-15020,9/7/2023,9/8/2023,CID-1897,Loyalty Member,Johannesburg,East,Henry Wilson,Wholesale,Home & garden,Throw Pillow Set,9,56.97,0,512.73,284.12,Completed,5,0
ORD-14231,5/16/2024,5/23/2024,CID-1366,VIP,Johannesburg,South,David Lee,Wholesale,Electronics,Bluetooth Speaker,6,122.17,0,733.02,407.78,Completed,NULL,0
ORD-14332,9/25/2022,9/26/2022,CID-1206,Loyalty Member,Addis Ababa,West,Emma Brown,Online,Sports,Resistance Bands Set,10,25.54,0,255.4,146.26,Completed,4,0
ORD-14900,3/22/2024,NULL,CID-1434,B2B,Kano,Central,Mia Scott,Wholesale,Electronics,Smart Watch,10,270.42,15,2298.57,1568.44,Completed,4,0
ORD-11329,10/19/2023,10/22/2023,CID-2135,VIP,Enugu,East,Iris Park,Mobile App,Sports,Resistance Bands Set,8,26.9,5,204.44,137.78,Completed,5,0
ORD-10264,12/22/2024,12/25/2024,CID-2762,Retail,Dakar,West,Iris Park,Phone Order,Clothing,Winter Jacket,10,154.23,30,1079.61,840.9,Completed,NULL,0
ORD-14857,9/16/2024,9/17/2024,CID-4983,Retail,Kaduna,East,Karen Davis,Phone Order,Sports,Protein Powder 1kg,3,54.18,5,154.41,99.27,Cancelled,NULL,0
ORD-13073,12/2/2024,12/3/2024,CID-3543,B2B,NULL,South,NULL,Online,Clothing,Casual Sneakers,5,73.5,0,367.5,194,Completed,NULL,0
ORD-16027,7/19/2022,7/24/2022,CID-4269,VIP,Kano,South,Alice Johnson,In-Store,Beauty,Electric Toothbrush,9,84.45,30,532.03,400.9,Cancelled,NULL,0
ORD-15031,4/21/2024,4/28/2024,CID-2009,Retail,Kaduna,East,Iris Park,Mobile App,Clothing,Denim Jeans,6,59.39,10,320.71,219.09,Returned,2,1
ORD-11877,2/5/2023,2/19/2023,CID-1417,B2B,Kaduna,North,Frank Miller,Phone Order,Clothing,Formal Dress,8,134.3,10,966.96,539.82,Returned,NULL,1
ORD-15448,10/3/2022,10/17/2022,CID-4783,Loyalty Member,Kano,West,Mia Scott,Mobile App,Beauty,Lipstick Set,7,43.07,5,286.42,165.88,Cancelled,1,0
ORD-10196,10/17/2024,10/31/2024,CID-1833,B2B,Addis Ababa,West,Mia Scott,Online,Electronics,Mechanical Keyboard,7,144.1,0,1008.7,545.15,Completed,4,0
ORD-15569,5/8/2023,NULL,CID-2752,New Customer,Dakar,East,Nathan Harris,Mobile App,Beauty,Shampoo & Conditioner,5,30.89,0,154.45,82.26,Returned,NULL,1
ORD-13205,9/3/2022,9/17/2022,CID-1945,Retail,Johannesburg,South,Carol White,Online,Sports,Water Bottle 1L,5,22.51,0,112.55,73.56,Disputed,2,0
ORD-14376,6/14/2023,6/17/2023,CID-4975,B2B,Addis Ababa,West,Liam Moore,Online,Beauty,Face Mask Pack,7,16.51,15,98.23,75.55,Pending,3,0
ORD-14602,3/26/2022,3/29/2022,CID-3112,VIP,Abuja,West,Carol White,In-Store,Sports,Foam Roller,4,41.9,20,134.08,81.15,Completed,1,0
ORD-14821,3/12/2023,3/15/2023,CID-3476,B2B,Addis Ababa,West,Karen Davis,Online,Beauty,Electric Toothbrush,4,85.41,0,341.64,178.79,Completed,NULL,0
ORD-13308,2/24/2023,NULL,CID-1795,VIP,Nairobi,South,Mia Scott,Wholesale,Home & garden,Coffee Maker,5,113.65,0,568.25,297.11,Cancelled,5,0
ORD-14750,3/28/2024,4/11/2024,CID-3703,Loyalty Member,Lagos,East,Karen Davis,Online,Beauty,Face Mask Pack,3,16.59,0,49.77,27.02,Completed,3,0
ORD-13339,5/30/2024,6/6/2024,CID-3343,New Customer,Kaduna,Central,Carol White,Mobile App,Electronics,Smart Watch,4,278.69,10,1003.28,600.8,Completed,NULL,0
ORD-13424,4/27/2023,5/4/2023,CID-2956,B2B,Lagos,West,NULL,Mobile App,Sports,Swim Goggles,1,24.57,25,18.43,16.73,Completed,NULL,0
ORD-13761,10/24/2022,10/27/2022,CID-2649,New Customer,Ibadan,North,James Turner,Phone Order,Clothing,Women's Blazer,2,93.62,30,131.07,123.33,Pending,3,0
ORD-15397,11/20/2023,11/21/2023,CID-4854,VIP,Lagos,West,Liam Moore,Mobile App,Sports,Gym Bag,4,76.09,0,304.36,154.83,Completed,5,0
ORD-12921,10/14/2024,10/15/2024,CID-1418,B2B,Abuja,North,Carol White,In-Store,Home & garden,Coffee Maker,9,105.62,0,950.58,597.36,Completed,5,0
ORD-15035,6/8/2022,6/13/2022,CID-3759,Retail,Abuja,North,Frank Miller,In-Store,Sports,Protein Powder 1kg,5,56.49,25,211.84,143.79,Pending,5,0
ORD-11743,12/11/2023,NULL,CID-4103,New Customer,Cairo,West,Grace Chen,Phone Order,Sports,Protein Powder 1kg,9,46.89,10,379.81,221.5,Returned,NULL,1
ORD-12586,9/24/2024,NULL,CID-2760,Retail,Johannesburg,Central,Alice Johnson,Phone Order,Beauty,Shampoo & Conditioner,8,24.64,5,187.26,117.75,Pending,5,0
ORD-15649,5/1/2022,NULL,CID-1655,B2B,Casablanca,Central,Karen Davis,IN-STORE,Beauty,Shampoo & Conditioner,7,29.6,20,165.76,98.07,Returned,2,1
ORD-12114,3/6/2022,3/7/2022,CID-3514,Retail,Port Harcourt,East,Frank Miller,Mobile App,Clothing,Running Shoes,5,123.32,0,616.6,379.16,Completed,NULL,0
ORD-14620,8/14/2022,NULL,CID-1167,Loyalty Member,Kaduna,Central,Emma Brown,Wholesale,Electronics,Laptop Pro 15,3,1191.14,25,2680.07,2229.62,Returned,1,1
ORD-15914,2/1/2024,2/4/2024,CID-4450,Loyalty Member,Cairo,North,Bob Smith,MOBILE APP,Home & garden,Desk Lamp,10,0,0,428.9,296.44,Completed,5,0
ORD-15699,5/24/2024,5/31/2024,CID-2986,New Customer,Accra,East,Karen Davis,Mobile App,Home & garden,Throw Pillow Set,1,61.57,20,49.26,35.62,Pending,1,0
ORD-11360,7/24/2023,7/26/2023,CID-4479,Retail,Accra,North,Bob Smith,Phone Order,Home & garden,Coffee Maker,10,101.48,5,964.06,513.02,Completed,5,0
ORD-11518,1/12/2022,1/15/2022,CID-4894,Loyalty Member,Port Harcourt,North,NULL,Phone Order,Electronics,Wireless Earbuds,8,87.77,25,526.62,483.65,Completed,4,0
ORD-10842,6/14/2023,6/19/2023,CID-2773,New Customer,NULL,West,Henry Wilson,Mobile App,Electronics,Smart Watch,5,216.91,30,759.18,710.82,Completed,2,0
ORD-15616,1/26/2024,1/31/2024,CID-2535,Loyalty Member,Abuja,East,James Turner,Phone Order,Sports,Protein Powder 1kg,10,58.97,0,589.7,370.33,Completed,4,0
ORD-14950,5/16/2022,5/21/2022,CID-2307,New Customer,Accra,South,Carol White,Phone Order,Electronics,USB-C Hub,7,51.13,20,286.33,233.93,Completed,4,0
ORD-14209,11/19/2024,NULL,CID-4076,Loyalty Member,Johannesburg,Central,Emma Brown,Phone Order,Sports,Jump Rope,5,15.68,0,78.4,42.92,Pending,5,0
ORD-10234,6/4/2022,6/6/2022,CID-4961,Loyalty Member,Enugu,South,Nathan Harris,Mobile App,Home & garden,Wall Clock,5,41.47,15,176.25,117.58,Cancelled,2,0
ORD-14787,8/28/2023,9/11/2023,CID-3581,B2B,Lagos,East,NULL,WHOLESALE,Electronics,Smart Watch,8,280.17,15,1905.16,1539.55,Completed,NULL,0
ORD-12475,1/17/2023,NULL,CID-2869,New Customer,Johannesburg,North,Henry Wilson,Phone Order,Home & garden,Air Purifier,3,187.43,15,477.95,318.66,Completed,5,0
ORD-13594,12/18/2022,12/19/2022,CID-4444,Retail,Cairo,North,Grace Chen,Online,Electronics,USB-C Hub,8,45.21,0,361.68,99,Completed,4,0
ORD-10042,11/24/2023,11/25/2023,CID-3410,Retail,Johannesburg,Central,Iris Park,In-Store,Home & garden,Wall Clock,9,33.68,25,227.34,153.43,Completed,1,0
ORD-10461,8/6/2024,8/20/2024,CID-2553,B2B,Benin City,Central,Grace Chen,Phone Order,Beauty,Lipstick Set,4,45.23,0,180.92,125.67,Cancelled,5,0
ORD-12797,3/5/2024,3/7/2024,CID-1990,VIP,Benin City,North,Mia Scott,Online,Electronics,Mechanical Keyboard,8,140.46,0,1123.68,516.34,Completed,3,0
ORD-14687,9/18/2022,9/20/2022,CID-2651,Loyalty Member,Casablanca,West,Alice Johnson,Mobile App,Sports,Foam Roller,5,36.99,20,147.96,129.42,Cancelled,NULL,0
ORD-14410,2/19/2023,2/21/2023,CID-1430,Loyalty Member,Dakar,North,Liam Moore,In-Store,Beauty,Lipstick Set,2,40.55,30,56.77,56.52,Completed,NULL,0
ORD-11974,9/19/2022,9/21/2022,CID-4651,Loyalty Member,Enugu,West,Iris Park,Wholesale,Home & garden,Plant Pot Set,8,30.3,5,230.28,118.39,Pending,5,0
ORD-10557,3/6/2024,3/13/2024,CID-2425,New Customer,Nairobi,West,James Turner,Online,Beauty,Shampoo & Conditioner,5,28.23,25,105.86,86.07,Completed,NULL,0
ORD-13026,12/3/2023,12/10/2023,CID-2030,VIP,Dakar,Central,James Turner,Online,Sports,Protein Powder 1kg,8,48.25,15,328.1,220.95,Completed,4,0
ORD-11371,8/16/2023,8/23/2023,CID-4418,New Customer,Accra,West,Alice Johnson,Wholesale,Clothing,Formal Dress,10,109.17,0,1091.7,718.42,Completed,5,0
ORD-11618,4/2/2022,4/7/2022,CID-3317,VIP,Casablanca,West,James Turner,Wholesale,Clothing,Formal Dress,1,121.71,0,121.71,56.83,Completed,5,0
ORD-16050,8/14/2022,8/21/2022,CID-2557,Loyalty Member,Casablanca,North,Liam Moore,In-Store,Beauty,Shampoo & Conditioner,5,24.15,15,102.64,82.8,Returned,2,1
ORD-15923,9/22/2023,9/24/2023,CID-4419,Loyalty Member,Lagos,Central,Nathan Harris,Online,Sports,Gym Bag,6,61.82,25,278.19,250.74,Completed,4,0
ORD-15179,5/17/2023,5/22/2023,CID-3333,Loyalty Member,Addis Ababa,East,Mia Scott,In-Store,Electronics,Portable Charger,3,35.4,10,95.58,48.85,Returned,3,1
ORD-13059,12/3/2023,12/6/2023,CID-3521,New Customer,Nairobi,North,Henry Wilson,Phone Order,Sports,Jump Rope,4,14.71,25,44.13,39.35,Completed,4,0
ORD-13819,7/12/2022,7/14/2022,CID-3525,Loyalty Member,Enugu,East,Olivia Clark,Phone Order,Beauty,Face Serum,9,50.42,10,408.4,265.77,Pending,5,0
ORD-13756,8/1/2024,8/6/2024,CID-3748,New Customer,Ibadan,West,NULL,Online,Beauty,Nail Polish Kit,6,18.89,30,79.34,78.13,Returned,5,1
ORD-15045,10/14/2022,10/19/2022,CID-1482,Retail,Ibadan,East,James Turner,In-Store,Sports,Gym Bag,8,78.48,30,439.49,285.53,Completed,NULL,0
ORD-10456,2/13/2024,2/18/2024,CID-1544,VIP,NULL,North,Karen Davis,Phone Order,Clothing,Running Shoes,7,126.26,15,751.25,482.23,Returned,3,1
ORD-12308,1/4/2023,1/7/2023,N/A,B2B,Port Harcourt,East,Emma Brown,Mobile App,Electronics,Portable Charger,10,36.82,30,257.74,171.59,Completed,NULL,0
ORD-11611,1/27/2024,1/28/2024,CID-1451,Loyalty Member,Ibadan,Central,Nathan Harris,Mobile App,Sports,Resistance Bands Set,4,24.8,25,74.4,63.15,Completed,NULL,0
ORD-15045,10/14/2022,10/19/2022,CID-1482,Retail,Ibadan,East,James Turner,In-Store,Sports,Gym Bag,8,78.48,30,439.49,285.53,Completed,5,0
ORD-14007,3/30/2023,3/31/2023,CID-3255,B2B,Ibadan,North,David Lee,Phone Order,Sports,Jump Rope,4,15.88,10,57.17,34.88,Completed,3,0
ORD-12515,7/27/2022,8/1/2022,CID-2383,VIP,Kaduna,Central,Liam Moore,Online,Electronics,Bluetooth Speaker,6,107.28,0,643.68,446.85,Pending,5,0
ORD-11333,8/22/2023,8/27/2023,CID-1771,New Customer,NULL,Central,Frank Miller,Online,Sports,Resistance Bands Set,8,26.34,30,147.5,122.89,Pending,2,0
ORD-11890,9/12/2022,NULL,CID-1740,B2B,Lagos,South,Karen Davis,Online,Beauty,Shampoo & Conditioner,9,29.8,30,187.74,173.66,Pending,NULL,0
ORD-14577,3/22/2022,3/23/2022,CID-1204,Retail,Nairobi,South,James Turner,Online,Home & garden,Scented Candle,4,19.14,0,76.56,50.45,Returned,4,1
ORD-13140,6/12/2022,NULL,CID-1604,New Customer,Port Harcourt,Central,Olivia Clark,Online,Home & garden,Throw Pillow Set,4,49.2,25,147.6,96.2,Completed,3,0
ORD-10501,7/17/2023,7/24/2023,CID-4330,New Customer,Casablanca,East,Alice Johnson,PHONE ORDER,Electronics,Laptop Pro 15,9,1168.08,30,7358.9,4774.68,Returned,NULL,1
ORD-11678,7/8/2024,7/11/2024,CID-2370,Loyalty Member,Casablanca,North,Grace Chen,In-Store,Sports,Yoga Mat,4,32.67,0,130.68,72.53,Completed,1,0
ORD-14650,1/12/2022,1/17/2022,CID-3716,Retail,Enugu,West,Karen Davis,Wholesale,Electronics,Mechanical Keyboard,9,154.91,0,1394.19,802.36,Completed,NULL,0
ORD-14441,1/17/2024,1/31/2024,CID-1224,New Customer,Addis Ababa,South,Bob Smith,Wholesale,Home & garden,Air Purifier,7,183.83,0,1286.81,852.42,Returned,4,1
ORD-13924,5/30/2024,6/4/2024,CID-1798,Retail,Ibadan,East,Grace Chen,In-Store,Home & garden,Desk Lamp,4,44.5,25,133.5,85.98,Completed,1,0
ORD-11430,1/2/2024,1/7/2024,CID-2014,VIP,Nairobi,East,Alice Johnson,In-Store,Home & garden,Coffee Maker,6,87.04,20,417.79,280.07,Completed,NULL,0
ORD-11786,7/25/2023,8/8/2023,CID-1275,New Customer,Ibadan,Central,Frank Miller,Online,Beauty,Nail Polish Kit,1,18.28,20,14.62,9.23,Pending,NULL,0
ORD-14137,2/16/2022,2/21/2022,CID-1584,New Customer,Kaduna,East,Karen Davis,Mobile App,Home & garden,Scented Candle,1,23.57,25,17.68,15.83,Returned,NULL,1
ORD-10778,6/5/2024,6/19/2024,CID-3718,New Customer,Port Harcourt,South,Henry Wilson,Wholesale,Clothing,Sports Socks 3pk,9,15.85,30,99.86,86.24,Returned,NULL,1
ORD-12988,9/6/2024,9/20/2024,CID-3781,Retail,Benin City,Central,James Turner,Online,Home & garden,Scented Candle,6,20.7,5,117.99,75.12,Completed,5,0
ORD-13595,11/16/2024,11/23/2024,CID-2837,Retail,Abuja,Central,Olivia Clark,Phone Order,Sports,Resistance Bands Set,4,26.38,15,89.69,67.29,Pending,NULL,0
ORD-13066,12/8/2023,12/11/2023,CID-2787,New Customer,Abuja,West,Alice Johnson,Mobile App,Electronics,USB-C Hub,2,47.88,25,71.82,43.62,Returned,NULL,1
ORD-14624,9/4/2022,9/11/2022,CID-2722,New Customer,Addis Ababa,South,Carol White,In-Store,Beauty,Eye Cream,8,55.68,5,423.17,245.5,Completed,NULL,0
ORD-15114,9/16/2022,NULL,CID-4808,VIP,Benin City,Central,Mia Scott,Online,Sports,Jump Rope,6,14.11,5,80.43,51.08,Returned,NULL,1
ORD-11745,8/17/2024,8/31/2024,CID-2282,New Customer,Casablanca,West,Frank Miller,Online,Beauty,Electric Toothbrush,4,84.35,5,320.53,195.34,Cancelled,5,0
ORD-10645,6/22/2022,6/29/2022,CID-1089,B2B,Addis Ababa,Central,Emma Brown,Online,Electronics,Laptop Pro 15,4,1091.33,0,4365.32,2401.56,Disputed,NULL,0
ORD-12769,8/12/2023,NULL,CID-1770,VIP,Addis Ababa,North,Iris Park,Online,Sports,Swim Goggles,10,26.37,20,210.96,184.08,Pending,NULL,0
ORD-13978,11/9/2023,11/10/2023,CID-2445,B2B,Benin City,North,Grace Chen,In-Store,Clothing,Casual Sneakers,6,84.58,20,405.98,232.65,Completed,4,0
ORD-10006,1/14/2022,NULL,CID-2393,B2B,Casablanca,South,Liam Moore,Mobile App,Clothing,Casual Sneakers,4,82.14,25,246.42,214.34,Completed,NULL,0
ORD-14148,6/28/2023,NULL,CID-1682,Loyalty Member,Casablanca,East,Alice Johnson,Phone Order,Sports,Resistance Bands Set,7,27.07,10,170.54,110.55,Returned,5,1
ORD-10831,11/26/2022,12/3/2022,CID-2910,B2B,Lagos,East,Alice Johnson,Wholesale,Electronics,Webcam HD,1,73.76,20,59.01,38.06,Returned,3,1
ORD-10817,1/27/2022,2/3/2022,CID-1595,Retail,Kano,North,Alice Johnson,Mobile App,Sports,Gym Bag,9,77.93,10,631.23,389.68,Completed,4,0
ORD-12785,9/27/2023,9/29/2023,CID-2703,New Customer,Ibadan,East,Grace Chen,Online,Sports,Water Bottle 1L,10,24.52,10,220.68,136.26,Cancelled,4,0
ORD-10704,5/2/2023,5/3/2023,CID-4674,VIP,Dakar,West,Olivia Clark,Wholesale,Sports,Gym Bag,1,78.18,20,62.54,41.66,Completed,NULL,0
ORD-16036,4/25/2022,4/26/2022,CID-1153,VIP,Lagos,South,Carol White,In-Store,Clothing,Sports Socks 3pk,3,16.25,25,36.56,29.64,Completed,5,0
ORD-13390,12/8/2023,12/13/2023,CID-2832,Loyalty Member,Ibadan,North,NULL,In-Store,Beauty,Electric Toothbrush,9,75.63,15,578.57,390.66,Completed,4,0
ORD-16015,9/3/2024,NULL,CID-1407,Loyalty Member,Benin City,South,Alice Johnson,In-Store,Home & garden,Scented Candle,6,20.29,5,115.65,69.08,Completed,2,0
ORD-12643,3/4/2023,3/9/2023,CID-2635,New Customer,Nairobi,North,Henry Wilson,Mobile App,Clothing,Formal Dress,2,102.92,20,164.67,137.27,Completed,2,0
ORD-13234,2/3/2022,2/17/2022,CID-4669,New Customer,Dakar,North,Bob Smith,Phone Order,Beauty,Electric Toothbrush,9,84.83,15,648.95,425.79,Completed,NULL,0
ORD-12659,11/30/2024,12/7/2024,CID-4112,VIP,Kaduna,Central,Olivia Clark,Wholesale,Home & garden,Desk Lamp,5,47.84,15,203.32,135.28,Pending,5,0
ORD-15634,12/15/2024,NULL,CID-3841,Loyalty Member,Nairobi,Central,Frank Miller,In-Store,Beauty,Nail Polish Kit,9,19.1,0,171.9,118.22,Completed,5,0
ORD-11237,3/26/2022,3/27/2022,CID-4916,Loyalty Member,Addis Ababa,Central,Karen Davis,Wholesale,Home & garden,Wall Clock,7,43.26,15,257.4,187.97,Cancelled,NULL,0
ORD-15579,4/10/2022,4/12/2022,CID-1600,B2B,Johannesburg,West,Frank Miller,Mobile App,Clothing,Formal Dress,0,19672.75,15,821.92,618.61,Completed,NULL,0
ORD-15006,10/7/2022,10/10/2022,CID-1950,Loyalty Member,Port Harcourt,North,Alice Johnson,Wholesale,Beauty,Electric Toothbrush,4,75.84,30,212.35,146.8,Pending,3,0
ORD-10157,5/21/2024,6/4/2024,CID-3878,VIP,Ibadan,Central,Frank Miller,Wholesale,Clothing,Winter Jacket,10,143.84,15,1222.64,838.2,Completed,4,0
ORD-10515,7/20/2022,7/25/2022,CID-2395,Loyalty Member,Nairobi,South,Nathan Harris,Online,Beauty,Lipstick Set,2,45.09,30,63.13,48.38,Completed,5,0
ORD-13015,3/19/2024,3/20/2024,CID-2600,B2B,Johannesburg,South,Karen Davis,Wholesale,Home & garden,Scented Candle,1,18.98,20,15.18,10.06,Completed,3,0
ORD-12224,6/4/2024,6/6/2024,CID-4352,B2B,NULL,North,Carol White,In-Store,Clothing,Winter Jacket,10,160.63,25,1204.72,970.67,Returned,NULL,1
ORD-11941,7/6/2023,7/7/2023,CID-1662,New Customer,Lagos,West,Karen Davis,Mobile App,Home & garden,Plant Pot Set,6,33.53,20,160.94,117.51,Completed,5,0
ORD-10882,7/30/2023,8/1/2023,CID-2483,Retail,Cairo,South,Carol White,In-Store,Electronics,Smart Watch,NULL,228.83,0,1830.64,1059.27,Completed,4,0
ORD-14902,7/28/2023,7/30/2023,CID-2198,B2B,Abuja,West,Grace Chen,MOBILE APP,Beauty,Face Serum,6,55.86,30,234.61,203,Pending,5,0
ORD-13212,2/17/2023,NULL,CID-2446,B2B,Benin City,South,David Lee,Mobile App,Home & garden,Scented Candle,7,23.19,30,113.63,91.04,Completed,NULL,0
ORD-15956,2/6/2024,2/8/2024,CID-1990,Retail,Enugu,West,Carol White,Online,Clothing,Running Shoes,5,124.3,25,466.12,283.04,Completed,2,0
ORD-11785,3/1/2023,3/8/2023,CID-1951,VIP,Enugu,West,Grace Chen,Online,Beauty,Shampoo & Conditioner,6,28.52,15,145.45,85.11,Completed,NULL,0
ORD-12596,3/22/2024,NULL,N/A,VIP,Accra,South,Nathan Harris,In-Store,Sports,Water Bottle 1L,10,20.84,0,NULL,103.78,Returned,NULL,1
ORD-14056,11/9/2023,11/10/2023,CID-4294,VIP,Nairobi,East,Henry Wilson,Online,Electronics,Portable Charger,9,38.99,30,245.64,210.48,Completed,5,0
ORD-12774,9/13/2023,9/18/2023,CID-1214,New Customer,Johannesburg,South,Frank Miller,Phone Order,Sports,Protein Powder 1kg,6,55.57,0,333.42,153.97,Cancelled,NULL,0
ORD-13817,3/19/2023,3/22/2023,CID-1485,VIP,Port Harcourt,North,David Lee,Phone Order,Electronics,Laptop Pro 15,1,1123.62,20,898.9,695.95,Completed,NULL,0
ORD-15205,10/22/2022,NULL,CID-3642,B2B,Johannesburg,South,David Lee,Mobile App,Clothing,Women's Blazer,5,90.48,25,339.3,298.68,Returned,1,1
ORD-15773,7/7/2023,7/14/2023,CID-2771,B2B,Accra,North,Henry Wilson,Phone Order,Electronics,Mechanical Keyboard,1,157.09,20,125.67,101.74,Returned,5,1
ORD-15252,7/13/2022,NULL,CID-1177,VIP,Accra,West,Frank Miller,Phone Order,Sports,Protein Powder 1kg,5,53.15,0,265.75,163.4,Completed,4,0
ORD-12845,12/6/2023,12/9/2023,CID-1282,Loyalty Member,Ibadan,North,Olivia Clark,Wholesale,Sports,Protein Powder 1kg,8,62.76,0,502.08,344.75,Completed,NULL,0
ORD-13337,3/10/2024,3/15/2024,CID-2582,New Customer,Abuja,Central,Bob Smith,Online,Electronics,Laptop Pro 15,4,1207.29,0,4829.16,2418.42,Completed,5,0
ORD-15018,2/25/2024,3/1/2024,CID-3304,VIP,Benin City,East,Nathan Harris,Wholesale,Clothing,Sports Socks 3pk,7,14.26,0,99.82,49.35,Cancelled,5,0
ORD-13672,5/21/2024,NULL,CID-1623,New Customer,Kaduna,South,Bob Smith,In-Store,Home & garden,Smart Plug 4pk,4,34.11,0,136.44,93.19,Completed,5,0
ORD-10755,4/9/2022,4/23/2022,CID-1197,New Customer,Benin City,North,Karen Davis,Online,Home & garden,Coffee Maker,7,107.06,10,674.48,453.99,Returned,5,1
ORD-11478,11/1/2023,11/6/2023,CID-3627,New Customer,Casablanca,North,Mia Scott,Online,Sports,Resistance Bands Set,6,25.77,20,123.7,101.02,Completed,NULL,0
ORD-15129,7/14/2023,7/17/2023,CID-1339,B2B,Benin City,West,Olivia Clark,Online,Beauty,Nail Polish Kit,7,18.44,25,96.81,72.68,Completed,5,0
ORD-10291,9/23/2024,9/30/2024,CID-2618,Retail,Lagos,East,Alice Johnson,In-Store,Electronics,Bluetooth Speaker,7,112.2,0,785.4,486.65,Disputed,4,0
ORD-11457,2/18/2023,2/20/2023,CID-2058,VIP,Cairo,East,Carol White,Online,Beauty,Eye Cream,9,63.48,20,457.06,386.45,Cancelled,NULL,0
ORD-10685,4/27/2024,NULL,CID-1249,Loyalty Member,Kaduna,Central,David Lee,Phone Order,Home & garden,Coffee Maker,3,86.7,0,260.1,139.4,Cancelled,NULL,0
ORD-12376,1/2/2024,1/9/2024,CID-1896,VIP,Kaduna,West,Emma Brown,Online,Home & garden,Throw Pillow Set,5,54.84,25,205.65,166.58,Completed,5,0
ORD-11024,1/22/2024,1/27/2024,CID-2552,Retail,Nairobi,North,Mia Scott,Phone Order,Clothing,Women's Blazer,9,87.65,0,788.85,516.58,Returned,5,1
ORD-10712,7/16/2023,7/19/2023,CID-3602,Retail,Kano,West,Iris Park,Mobile App,Clothing,Men's Polo Shirt,8,39.39,0,315.12,197.32,Pending,5,0
ORD-11825,11/27/2022,11/28/2022,CID-3639,New Customer,Kaduna,North,Mia Scott,Online,Sports,Swim Goggles,3,25.88,10,69.88,46.16,Returned,NULL,1
ORD-11475,10/3/2024,10/8/2024,CID-3938,Retail,Dakar,West,Olivia Clark,Wholesale,Beauty,Nail Polish Kit,7,18.64,0,130.48,61.33,Completed,3,0
ORD-13905,1/17/2022,1/24/2022,CID-4756,Loyalty Member,Abuja,East,Olivia Clark,Phone Order,Clothing,Women's Blazer,3,83.27,15,212.34,113.8,Pending,5,0
ORD-15709,8/30/2022,NULL,CID-2738,B2B,Ibadan,Central,James Turner,Mobile App,Sports,Gym Bag,3,68.82,20,165.17,132.17,Completed,NULL,0
ORD-11850,7/3/2022,7/4/2022,CID-1656,VIP,Addis Ababa,West,NULL,Online,Beauty,Shampoo & Conditioner,8,25.82,30,144.59,103.88,Pending,5,0
ORD-11312,12/4/2024,12/9/2024,CID-4428,Retail,Johannesburg,South,James Turner,Mobile App,Clothing,Running Shoes,10,121.72,30,852.04,574.05,Completed,NULL,0
ORD-15178,10/10/2022,10/15/2022,N/A,New Customer,Kano,Central,Liam Moore,Wholesale,Clothing,Formal Dress,2,114.81,30,160.73,112.24,Completed,5,0
ORD-10573,2/28/2023,NULL,CID-3335,VIP,Nairobi,South,Mia Scott,Online,Clothing,Sports Socks 3pk,10,13.5,20,108,65.45,Completed,NULL,0
ORD-13003,3/11/2024,3/12/2024,CID-4228,Loyalty Member,Cairo,East,Alice Johnson,Phone Order,Sports,Yoga Mat,4,31.3,5,118.94,60.51,Completed,4,0
ORD-13050,5/3/2022,5/4/2022,CID-3947,New Customer,Kano,North,Frank Miller,Phone Order,Home & garden,Desk Lamp,2,41.02,20,65.63,55.2,Completed,4,0
ORD-14978,5/17/2022,5/24/2022,CID-4010,New Customer,Addis Ababa,Central,Mia Scott,Wholesale,Electronics,Webcam HD,4,84.96,25,254.88,185.18,Pending,NULL,0
ORD-14111,8/11/2022,8/12/2022,CID-3719,B2B,Kano,North,David Lee,In-Store,Beauty,Eye Cream,2,63.71,5,121.05,67.05,Completed,4,0
ORD-14444,10/27/2024,10/28/2024,CID-2234,New Customer,Nairobi,South,NULL,Online,Sports,Water Bottle 1L,10,20.6,0,206,136.75,Pending,2,0
ORD-10168,4/8/2023,NULL,CID-4721,Loyalty Member,Kaduna,Central,Grace Chen,Mobile App,Clothing,Winter Jacket,2,128.4,5,243.96,164.64,Completed,NULL,0
ORD-15733,12/16/2023,12/21/2023,CID-4289,Retail,Port Harcourt,West,NULL,In-Store,Sports,Resistance Bands Set,2,26.58,0,53.16,34.83,Completed,2,0
ORD-13131,6/18/2022,6/19/2022,CID-4233,New Customer,Dakar,Central,Alice Johnson,In-Store,Electronics,Laptop Pro 15,3,1138.85,10,3074.89,1570.71,Completed,NULL,0
ORD-11647,6/21/2022,NULL,CID-2529,B2B,Casablanca,Central,David Lee,In-Store,Electronics,USB-C Hub,9,42.36,0,381.24,210.32,Completed,4,0
ORD-13828,3/15/2024,3/20/2024,CID-2368,B2B,Port Harcourt,West,Grace Chen,In-Store,Sports,Jump Rope,5,16.63,15,70.68,37.84,Completed,5,0
ORD-11510,11/6/2022,11/13/2022,CID-1608,B2B,Lagos,West,Alice Johnson,In-Store,Home & garden,Smart Plug 4pk,7,37.79,0,264.53,184.81,Completed,NULL,0
ORD-15951,6/5/2024,6/10/2024,CID-4875,Loyalty Member,Kano,East,Mia Scott,Wholesale,Beauty,Eye Cream,10,69.37,0,693.7,442.22,Completed,4,0
ORD-11539,10/5/2023,10/12/2023,CID-3555,VIP,NULL,West,Mia Scott,Mobile App,Clothing,Casual Sneakers,1,77.99,0,77.99,48.83,Cancelled,3,0
ORD-14994,5/20/2024,5/21/2024,CID-3860,VIP,Accra,Central,David Lee,Online,Electronics,Bluetooth Speaker,5,117.87,5,559.88,361.07,Completed,1,0
ORD-10353,1/9/2023,NULL,CID-1151,Retail,Casablanca,South,Bob Smith,Mobile App,Sports,Foam Roller,3,43.48,25,97.83,74.3,Completed,4,0
ORD-11378,1/2/2024,1/4/2024,CID-2718,VIP,Lagos,North,Emma Brown,Wholesale,Sports,Yoga Mat,3,34.59,15,88.2,64.68,Completed,4,0
ORD-14597,12/12/2022,12/15/2022,CID-2260,VIP,Abuja,Central,David Lee,Mobile App,Sports,Water Bottle 1L,3,23.3,10,62.91,32.17,Completed,5,0
ORD-11996,3/20/2024,3/22/2024,CID-2509,New Customer,Abuja,West,David Lee,Mobile App,Clothing,Sports Socks 3pk,5,15.37,5,73.01,50.1,Completed,5,0
ORD-13148,1/19/2022,2/2/2022,CID-4277,VIP,Lagos,East,Liam Moore,Wholesale,Clothing,Formal Dress,5,127.95,5,607.76,354.72,Completed,2,0
ORD-15337,5/24/2022,NULL,CID-4552,Retail,Accra,South,James Turner,Wholesale,Beauty,Shampoo & Conditioner,7,27.86,15,165.77,116.17,Completed,NULL,0
ORD-12222,2/20/2022,NULL,CID-1227,VIP,Kaduna,Central,Henry Wilson,Mobile App,Clothing,Women's Blazer,9,82.25,0,740.25,352.29,Pending,5,0
ORD-10596,5/21/2022,5/28/2022,CID-3662,VIP,Johannesburg,Central,Alice Johnson,Phone Order,Home & garden,Desk Lamp,7,46.91,0,328.37,203.35,Completed,4,0
ORD-15414,5/25/2024,5/27/2024,CID-3994,B2B,Dakar,Central,Bob Smith,Online,Home & garden,Air Purifier,8,220.33,5,1674.51,1017.59,Completed,NULL,0
ORD-15622,6/30/2022,7/7/2022,CID-2262,New Customer,Dakar,West,Grace Chen,Online,Clothing,Running Shoes,2,95.31,10,171.56,88.98,Completed,4,0
ORD-10863,6/17/2022,NULL,CID-4650,VIP,Johannesburg,East,NULL,In-Store,Beauty,Nail Polish Kit,5,20.31,25,76.16,50.16,Completed,NULL,0
ORD-10099,10/22/2023,10/27/2023,CID-3093,B2B,Cairo,West,Henry Wilson,In-Store,Beauty,Face Serum,5,52.96,10,238.32,171.18,Completed,2,0
ORD-10536,5/22/2022,NULL,CID-1570,B2B,Ibadan,West,Karen Davis,Mobile App,Clothing,Men's Polo Shirt,8,34.35,5,261.06,143.67,Completed,3,0
ORD-13052,10/11/2023,NULL,CID-1832,Retail,Port Harcourt,South,Carol White,Mobile App,Sports,Jump Rope,9,16.53,15,126.45,72.59,Completed,2,0
ORD-13660,6/9/2024,6/14/2024,CID-2338,VIP,Port Harcourt,West,Grace Chen,Online,Home & garden,Scented Candle,7,23.88,10,150.44,106.17,Cancelled,1,0
ORD-10338,6/14/2024,6/15/2024,CID-4623,Retail,NULL,South,Nathan Harris,Mobile App,Electronics,Smart Watch,5,279.28,25,1047.3,679.82,Completed,1,0
ORD-10612,7/5/2023,7/19/2023,CID-2372,VIP,Accra,North,Mia Scott,Online,Sports,Jump Rope,3,13.32,15,33.97,25.79,Cancelled,2,0
ORD-11532,9/8/2023,NULL,CID-2210,Loyalty Member,Abuja,South,NULL,Mobile App,Beauty,Shampoo & Conditioner,8,25.05,10,180.36,96.58,Completed,1,0
ORD-15284,11/7/2022,11/12/2022,CID-1133,VIP,Accra,North,Alice Johnson,Phone Order,Electronics,Wireless Earbuds,1,86.25,0,86.25,56.68,Completed,NULL,0
ORD-11998,1/5/2023,NULL,CID-1667,New Customer,Cairo,East,Alice Johnson,Wholesale,Beauty,Lipstick Set,3,42.88,5,122.21,88.23,Pending,NULL,0
ORD-13002,2/4/2024,2/11/2024,CID-4976,B2B,Nairobi,East,Henry Wilson,Online,Electronics,Smart Watch,2,261.3,0,522.6,293.45,Cancelled,5,0
ORD-10153,5/8/2023,5/22/2023,CID-2835,Retail,Ibadan,West,Karen Davis,Mobile App,Electronics,USB-C Hub,2,47.97,5,91.14,54.89,Cancelled,NULL,0
ORD-15905,6/4/2022,6/7/2022,CID-3882,New Customer,Lagos,Central,Frank Miller,Phone Order,Home & garden,Smart Plug 4pk,8,36.75,0,294,161.8,Completed,2,0
ORD-12180,7/4/2023,7/9/2023,CID-2423,Loyalty Member,Ibadan,South,Carol White,In-Store,Beauty,Face Mask Pack,2,19.26,5,36.59,25.8,Completed,1,0
ORD-11155,10/7/2023,NULL,CID-1355,B2B,Enugu,North,Emma Brown,Mobile App,Sports,Gym Bag,3,77.66,0,232.98,148.61,Completed,5,0
ORD-12089,7/19/2022,7/20/2022,CID-2721,B2B,Nairobi,South,Liam Moore,In-Store,Sports,Yoga Mat,8,36.41,0,291.28,177.6,Returned,5,1
ORD-11764,7/19/2023,7/21/2023,CID-1262,Loyalty Member,Casablanca,North,Carol White,Mobile App,Sports,Jump Rope,10,15.01,5,142.59,93.24,Cancelled,4,0
ORD-15068,2/15/2023,2/18/2023,CID-2238,B2B,Lagos,Central,Olivia Clark,Wholesale,Electronics,Laptop Pro 15,4,1071.98,10,3859.13,2953.06,Completed,4,0
ORD-15512,12/16/2022,12/30/2022,CID-3151,B2B,Casablanca,East,Bob Smith,Phone Order,Home & garden,Coffee Maker,3,88.09,10,237.84,130.26,Pending,1,0
ORD-12588,10/5/2024,10/19/2024,CID-2979,VIP,Ibadan,South,Frank Miller,Phone Order,Sports,Swim Goggles,1,30.14,10,27.13,18.09,Completed,NULL,0
ORD-11427,2/13/2024,2/20/2024,CID-2312,Loyalty Member,Lagos,East,Mia Scott,Wholesale,Sports,Protein Powder 1kg,9,53.21,0,478.89,274.73,Completed,3,0
ORD-14373,5/23/2022,6/6/2022,CID-2417,VIP,Cairo,South,Mia Scott,Wholesale,Sports,Foam Roller,2,33.62,30,47.07,37.3,Completed,5,0
ORD-13499,10/17/2024,NULL,CID-3472,Loyalty Member,Benin City,North,Carol White,Mobile App,Sports,Foam Roller,5,38.88,10,174.96,133.8,Cancelled,1,0
ORD-10135,3/23/2023,NULL,CID-1687,Retail,Casablanca,East,Mia Scott,Wholesale,Clothing,Denim Jeans,3,68.3,25,153.67,121.09,Completed,3,0
ORD-11354,7/27/2024,7/30/2024,CID-4996,VIP,Benin City,South,Alice Johnson,Phone Order,Home & garden,Air Purifier,1,224.73,20,179.78,144.31,Completed,4,0
ORD-12974,10/30/2022,NULL,CID-2670,New Customer,Abuja,West,Karen Davis,Phone Order,Clothing,Casual Sneakers,6,91.6,25,412.2,352.75,Completed,NULL,0
ORD-13769,11/24/2024,11/26/2024,CID-3937,Retail,Port Harcourt,South,Liam Moore,Wholesale,Electronics,Wireless Earbuds,8,93.06,30,521.14,504.83,Completed,5,0
ORD-13069,11/20/2022,11/22/2022,CID-3641,Loyalty Member,Casablanca,South,Nathan Harris,Phone Order,Home & garden,Throw Pillow Set,5,61.79,15,262.61,159.1,Completed,4,0
ORD-14805,12/24/2024,12/29/2024,CID-4471,Loyalty Member,Kano,West,Liam Moore,Wholesale,Beauty,Shampoo & Conditioner,10,30.17,0,301.7,206.09,Returned,5,1
ORD-14828,2/7/2022,2/21/2022,CID-3073,New Customer,Kaduna,West,Henry Wilson,Wholesale,Electronics,Mechanical Keyboard,5,141.46,0,707.3,406,Completed,3,0
ORD-15408,9/5/2023,NULL,CID-2525,Retail,Addis Ababa,West,Olivia Clark,Phone Order,Home & garden,Plant Pot Set,4,30.19,0,120.76,75.69,Completed,1,0
ORD-14554,9/12/2023,NULL,CID-1169,New Customer,Dakar,Central,Henry Wilson,Mobile App,Home & garden,Air Purifier,10,213.09,0,2130.9,1475.18,Completed,NULL,0
ORD-11413,10/3/2022,NULL,CID-4400,Retail,Port Harcourt,North,Liam Moore,Online,Clothing,Formal Dress,2,111.02,0,222.04,127.52,Completed,5,0
ORD-15559,7/6/2024,7/7/2024,CID-4396,New Customer,Johannesburg,East,Grace Chen,Mobile App,Electronics,USB-C Hub,9,49,10,396.9,303.31,Completed,5,0
ORD-10801,3/15/2024,3/17/2024,CID-3935,New Customer,Lagos,West,Nathan Harris,In-Store,Clothing,Casual Sneakers,2,82.66,10,148.79,82.15,Completed,NULL,0
ORD-15574,4/13/2024,NULL,CID-3749,VIP,Accra,Central,Nathan Harris,Online,Electronics,Webcam HD,4,82.48,30,230.94,195.72,Completed,5,0
ORD-10121,9/4/2023,NULL,CID-3204,Loyalty Member,Casablanca,West,Nathan Harris,Mobile App,Sports,Yoga Mat,10,34.76,20,278.08,238.34,Returned,NULL,1
ORD-12532,12/9/2023,12/10/2023,CID-2512,VIP,Benin City,South,Liam Moore,Phone Order,Home & garden,Scented Candle,1,22.87,0,22.87,13.5,Completed,5,0
ORD-10951,6/16/2023,6/18/2023,CID-2103,Loyalty Member,Enugu,Central,Emma Brown,In-Store,Electronics,USB-C Hub,7,42.64,0,298.48,180.04,Completed,5,0
ORD-10847,10/26/2024,10/27/2024,CID-3484,New Customer,Kaduna,East,Mia Scott,Wholesale,Electronics,Wireless Earbuds,NULL,94.36,0,943.6,441.74,Completed,5,0
ORD-11963,10/21/2023,10/23/2023,CID-4721,New Customer,Port Harcourt,East,Henry Wilson,Wholesale,Home & garden,Coffee Maker,3,84.17,0,252.51,155.32,Completed,4,0
ORD-12013,10/30/2022,11/4/2022,CID-4336,Loyalty Member,Kaduna,West,Liam Moore,Mobile App,Home & garden,Air Purifier,1,215.58,0,215.58,104.91,Completed,4,0
ORD-11923,4/14/2023,4/17/2023,CID-4156,Retail,Cairo,North,Emma Brown,MOBILE APP,Sports,Jump Rope,5,15.09,20,60.36,47.5,Completed,2,0
ORD-15631,1/21/2024,1/22/2024,CID-1035,Loyalty Member,Enugu,Central,Karen Davis,In-Store,Beauty,Perfume 50ml,2,65.78,5,124.98,65.9,Completed,4,0
ORD-12584,5/17/2023,5/19/2023,CID-3495,VIP,Abuja,West,Carol White,Online,Sports,Water Bottle 1L,4,23.96,10,86.26,47.51,Completed,4,0
ORD-11224,5/6/2022,5/20/2022,CID-3346,VIP,Casablanca,West,James Turner,IN-STORE,Clothing,Men's Polo Shirt,10,37.38,10,336.42,220.89,Completed,NULL,0
ORD-15359,5/7/2024,5/10/2024,CID-3075,VIP,Accra,Central,David Lee,Wholesale,Home & garden,Scented Candle,7,25.14,30,123.19,108.34,Completed,4,0
ORD-10354,6/3/2023,6/4/2023,CID-4531,VIP,Ibadan,South,Emma Brown,Wholesale,Home & garden,Plant Pot Set,9,34.4,20,247.68,181.35,Cancelled,NULL,0
ORD-11085,7/23/2022,7/26/2022,CID-3177,B2B,Accra,West,Nathan Harris,Phone Order,Electronics,Portable Charger,7,44.61,5,296.66,180.22,Completed,5,0
ORD-11630,12/25/2024,12/27/2024,CID-2004,Loyalty Member,Benin City,North,Emma Brown,In-Store,Electronics,USB-C Hub,8,50.36,30,282.02,193.41,Cancelled,2,0
ORD-12403,1/28/2024,2/2/2024,CID-2361,Retail,Abuja,Central,Bob Smith,Wholesale,Beauty,Electric Toothbrush,10,82.38,0,823.8,418.51,Completed,NULL,0
ORD-10161,7/16/2023,7/17/2023,CID-3856,New Customer,Abuja,North,Iris Park,Wholesale,Clothing,Sports Socks 3pk,3,12.81,10,34.59,22.43,Pending,1,0
ORD-10632,7/28/2023,7/29/2023,CID-4675,New Customer,Johannesburg,North,Olivia Clark,In-Store,Clothing,Casual Sneakers,8,91.34,0,730.72,354.83,Cancelled,5,0
ORD-10335,5/28/2023,5/29/2023,CID-3271,Loyalty Member,Dakar,West,Nathan Harris,WHOLESALE,Sports,Gym Bag,3,76.33,5,217.54,110.97,Pending,2,0
ORD-15012,9/3/2023,9/10/2023,CID-1709,Loyalty Member,Kaduna,West,Grace Chen,Online,Home & garden,Desk Lamp,4,40.76,10,146.74,89.66,Completed,5,0
ORD-10077,4/15/2022,4/16/2022,CID-1180,B2B,Cairo,West,Nathan Harris,Wholesale,Home & garden,Throw Pillow Set,5,0,0,191.84,185.35,Completed,4,0
ORD-11246,10/25/2023,10/28/2023,CID-2135,New Customer,Kaduna,South,NULL,Online,Electronics,Mechanical Keyboard,5,168.17,20,672.68,518.72,Cancelled,5,0
ORD-13354,4/23/2022,4/28/2022,CID-3285,New Customer,Cairo,Central,Liam Moore,Online,Home & garden,Desk Lamp,7,45.86,20,256.82,221.55,Completed,2,0
ORD-13498,9/8/2022,9/13/2022,CID-1896,New Customer,Ibadan,West,Liam Moore,Mobile App,Sports,Water Bottle 1L,6,24.9,30,104.58,77.19,Completed,4,0
ORD-14375,5/24/2024,5/25/2024,CID-1120,VIP,Accra,East,Bob Smith,In-Store,Electronics,Smart Watch,4,254.06,0,1016.24,708.88,Returned,5,1
ORD-10223,8/10/2024,8/13/2024,CID-2809,Loyalty Member,Ibadan,Central,Carol White,Online,Clothing,Formal Dress,5,111.19,25,416.96,251.48,Pending,5,0
ORD-13008,9/10/2024,NULL,CID-2959,Retail,Port Harcourt,South,David Lee,Mobile App,Sports,Yoga Mat,5,33.11,0,165.55,84.58,Completed,NULL,0
ORD-15646,3/21/2022,3/23/2022,CID-2215,New Customer,Accra,North,Mia Scott,Wholesale,Home & garden,Smart Plug 4pk,4,45.43,0,181.72,96.34,Completed,2,0
ORD-12269,4/12/2023,4/13/2023,CID-3188,New Customer,Cairo,North,Alice Johnson,In-Store,Home & garden,Scented Candle,8,23.86,10,171.79,127.72,Completed,NULL,0
ORD-15200,8/27/2022,NULL,CID-2879,B2B,Cairo,Central,Emma Brown,Online,Home & garden,Wall Clock,10,42.08,25,315.6,203.77,Completed,NULL,0
ORD-13974,6/10/2024,6/15/2024,CID-2834,VIP,Addis Ababa,West,Emma Brown,Phone Order,Electronics,Smart Watch,7,246.33,30,1207.02,907.92,Completed,2,0
ORD-13477,12/10/2022,12/13/2022,CID-3153,B2B,Johannesburg,East,David Lee,Online,Clothing,Men's Polo Shirt,3,38.63,15,98.51,80.68,Completed,NULL,0
ORD-10116,5/5/2023,5/8/2023,CID-1960,VIP,Addis Ababa,West,Bob Smith,Wholesale,Beauty,Perfume 50ml,4,80.98,10,291.53,187.98,Completed,NULL,0
ORD-12412,1/28/2022,1/30/2022,CID-1680,Retail,Lagos,Central,Liam Moore,Online,Sports,Resistance Bands Set,2,26.49,20,42.38,28.82,Completed,5,0
ORD-14685,7/12/2023,NULL,CID-1486,Loyalty Member,Benin City,Central,Iris Park,IN-STORE,Beauty,Nail Polish Kit,5,22.83,0,114.15,76.3,Completed,NULL,0
ORD-12816,3/6/2024,3/9/2024,CID-2768,B2B,Lagos,South,Frank Miller,Online,Sports,Foam Roller,4,35.57,0,142.28,90.03,Cancelled,5,0
ORD-13165,5/21/2022,5/22/2022,CID-4494,B2B,Abuja,South,Nathan Harris,Online,Clothing,Sports Socks 3pk,2,14.14,10,25.45,16.56,Pending,4,0
ORD-15901,10/9/2022,10/23/2022,CID-2662,New Customer,Enugu,North,Alice Johnson,Wholesale,Home & garden,Smart Plug 4pk,5,38.78,0,193.9,112.94,Completed,1,0
ORD-13780,4/24/2024,4/27/2024,CID-2142,Retail,Kaduna,South,James Turner,Wholesale,Sports,Swim Goggles,7,28.61,30,140.19,133.44,Disputed,2,0
ORD-15796,7/10/2024,7/12/2024,CID-1591,Loyalty Member,Dakar,Central,Alice Johnson,Wholesale,Electronics,Wireless Earbuds,9,77.93,15,596.16,382.61,Completed,NULL,0
ORD-11795,11/7/2022,11/12/2022,CID-1975,Loyalty Member,Benin City,South,Karen Davis,Online,Clothing,Women's Blazer,1,85.65,0,85.65,44.89,Pending,5,0
ORD-11491,1/23/2023,1/28/2023,CID-1117,VIP,Kano,South,Grace Chen,In-Store,Clothing,Casual Sneakers,4,91.88,5,349.14,191.38,Completed,NULL,0
ORD-12840,2/20/2024,2/25/2024,CID-4142,VIP,Addis Ababa,West,Henry Wilson,In-Store,Clothing,Women's Blazer,3,78.24,25,176.04,107.93,Completed,NULL,0
ORD-11104,2/20/2023,NULL,CID-4797,New Customer,Dakar,South,Bob Smith,In-Store,Beauty,Face Serum,5,53.17,20,212.68,164.25,Disputed,NULL,0
ORD-15105,7/23/2023,7/28/2023,CID-3154,Loyalty Member,Nairobi,East,Nathan Harris,In-Store,Sports,Protein Powder 1kg,3,55.93,0,167.79,87.41,Completed,NULL,0
ORD-13799,1/16/2024,1/21/2024,CID-1748,Retail,Nairobi,South,David Lee,Phone Order,Electronics,Webcam HD,6,81.84,25,368.28,264.23,Returned,1,1
ORD-12324,5/15/2023,5/18/2023,CID-1945,Retail,Johannesburg,South,Mia Scott,Wholesale,Beauty,Nail Polish Kit,5,22.02,5,104.59,57.61,Completed,NULL,0
ORD-10310,3/26/2022,3/31/2022,CID-2316,Loyalty Member,Port Harcourt,Central,Karen Davis,In-Store,Sports,Gym Bag,8,79.54,30,445.42,403.89,Completed,1,0
ORD-13563,8/13/2023,8/16/2023,CID-2229,New Customer,Port Harcourt,Central,Emma Brown,Mobile App,Electronics,Mechanical Keyboard,4,138.95,15,472.43,256.75,Completed,2,0
ORD-14297,5/14/2023,5/16/2023,CID-4955,New Customer,Kano,East,Mia Scott,Phone Order,Beauty,Eye Cream,10,55.84,15,474.64,264.65,Completed,NULL,0
ORD-14064,10/16/2023,NULL,CID-3323,New Customer,Abuja,South,Carol White,Wholesale,Beauty,Electric Toothbrush,5,83.78,0,418.9,240.66,Completed,5,0
ORD-14475,12/19/2024,12/24/2024,CID-3487,Retail,Casablanca,Central,Nathan Harris,Mobile App,Beauty,Eye Cream,7,62.23,0,435.61,209.68,Completed,4,0
ORD-12458,5/21/2023,5/24/2023,CID-2271,VIP,Port Harcourt,South,Liam Moore,In-Store,Electronics,Smart Watch,1,259.3,5,246.34,146.53,Completed,4,0
ORD-12283,1/22/2024,NULL,CID-3157,VIP,Johannesburg,Central,Emma Brown,In-Store,Clothing,Formal Dress,6,117.97,5,672.43,372.09,Pending,NULL,0
ORD-14707,5/17/2022,5/20/2022,CID-4809,Loyalty Member,Johannesburg,East,Alice Johnson,Mobile App,Clothing,Women's Blazer,3,86.4,0,259.2,118.54,Completed,2,0
ORD-10852,4/22/2022,NULL,CID-1299,Retail,Ibadan,Central,Henry Wilson,Phone Order,Clothing,Winter Jacket,4,131.14,0,524.56,340.92,Completed,2,0
ORD-14886,1/13/2024,1/18/2024,CID-1053,Retail,Benin City,Central,Emma Brown,Phone Order,Clothing,Winter Jacket,6,147.4,0,884.4,422.19,Completed,4,0
ORD-12345,7/10/2024,NULL,CID-3867,B2B,Johannesburg,West,Emma Brown,MOBILE APP,Electronics,Laptop Pro 15,2,1361.97,15,2315.35,1845.93,Completed,NULL,0
ORD-11866,9/6/2024,9/20/2024,CID-3884,Retail,Casablanca,South,Henry Wilson,Wholesale,Electronics,Bluetooth Speaker,5,137.65,30,481.77,330.96,Disputed,5,0
ORD-12866,11/30/2023,NULL,CID-3386,New Customer,NULL,Central,Bob Smith,In-Store,Clothing,Women's Blazer,2,94.96,0,189.92,120.43,Completed,5,0
ORD-14168,1/6/2023,1/7/2023,CID-1966,VIP,Benin City,Central,NULL,Wholesale,Beauty,Lipstick Set,6,45.38,20,217.82,135.07,Completed,NULL,0
ORD-15904,5/3/2023,5/17/2023,CID-3190,Retail,Kaduna,Central,David Lee,Mobile App,Clothing,Men's Polo Shirt,1,0,15,298.18,201.13,Returned,1,1
ORD-14249,7/11/2024,7/25/2024,CID-4525,New Customer,Kano,South,Bob Smith,WHOLESALE,Sports,Foam Roller,7,36.48,0,255.36,175.92,Completed,NULL,0
ORD-11241,7/2/2024,7/5/2024,CID-2031,Retail,Nairobi,South,Liam Moore,Wholesale,Electronics,Wireless Earbuds,1,78.26,20,62.61,37.25,Completed,2,0
ORD-15224,3/15/2022,3/18/2022,CID-1250,VIP,Kano,East,Karen Davis,Online,Sports,Yoga Mat,4,37.45,30,104.86,89.02,Completed,2,0
ORD-10788,7/6/2024,7/7/2024,CID-1486,Retail,Abuja,West,Henry Wilson,Wholesale,Beauty,Face Mask Pack,4,17.78,0,71.12,46.25,Disputed,5,0
ORD-12877,1/29/2024,2/3/2024,CID-2283,B2B,Kano,East,Mia Scott,Mobile App,Sports,Jump Rope,6,14.36,25,64.62,56.24,Completed,NULL,0
ORD-15674,10/4/2024,10/11/2024,CID-2813,New Customer,NULL,Central,Olivia Clark,Phone Order,Beauty,Nail Polish Kit,6,21.83,20,104.78,66.16,Returned,5,1
ORD-13321,12/10/2023,12/12/2023,CID-3472,Retail,Dakar,North,Bob Smith,Wholesale,Electronics,Webcam HD,1,76.43,5,72.61,46.04,Completed,NULL,0
ORD-13712,10/19/2023,10/21/2023,CID-3198,Loyalty Member,Accra,Central,NULL,In-Store,Beauty,Electric Toothbrush,8,74.98,30,419.89,366.17,Completed,NULL,0
ORD-14584,8/16/2022,8/30/2022,CID-2941,B2B,Kaduna,West,Nathan Harris,Online,Clothing,Formal Dress,8,113.53,0,908.24,472.51,Disputed,4,0
ORD-15690,7/10/2022,7/24/2022,CID-3619,Loyalty Member,Enugu,West,Henry Wilson,In-Store,Clothing,Winter Jacket,8,147.64,0,1181.12,705.28,Completed,4,0
ORD-13514,8/20/2024,8/21/2024,CID-3047,Retail,Port Harcourt,South,Karen Davis,Phone Order,Sports,Water Bottle 1L,NULL,24.72,5,23.48,14.69,Completed,NULL,0
ORD-11528,8/7/2024,8/21/2024,CID-4812,Loyalty Member,Abuja,South,Karen Davis,In-Store,Clothing,Casual Sneakers,7,68.97,0,482.79,258.5,Completed,4,0
ORD-12373,1/19/2023,2/2/2023,CID-1813,Retail,Accra,West,Emma Brown,In-Store,Clothing,Casual Sneakers,4,74.37,5,282.61,145.13,Completed,4,0
ORD-11715,6/21/2023,7/5/2023,CID-2007,Retail,Port Harcourt,South,Frank Miller,Phone Order,Home & garden,Coffee Maker,1,90.03,5,85.53,44.43,Completed,4,0
ORD-14514,2/14/2022,2/16/2022,CID-3724,Retail,Nairobi,North,Iris Park,Online,Home & garden,Coffee Maker,7,113.66,25,596.72,507.91,Returned,3,1
ORD-10622,9/15/2023,9/29/2023,CID-2508,New Customer,Casablanca,Central,David Lee,Mobile App,Electronics,Mechanical Keyboard,1,144.72,15,123.01,85.52,Completed,4,0
ORD-10960,5/3/2022,5/5/2022,CID-2842,VIP,Enugu,East,Henry Wilson,Online,Home & garden,Plant Pot Set,9,29.09,0,261.81,163.01,Returned,5,1
ORD-10887,4/10/2024,4/17/2024,CID-4598,VIP,Abuja,Central,Karen Davis,Online,Sports,Protein Powder 1kg,1,51.01,0,51.01,25.25,Returned,4,1
ORD-16003,2/23/2023,2/28/2023,CID-2065,VIP,Nairobi,West,Olivia Clark,Online,Sports,Foam Roller,2,36.25,10,65.25,37.77,Completed,1,0
ORD-13697,5/29/2024,6/1/2024,CID-2168,VIP,Johannesburg,East,Karen Davis,Wholesale,Home & garden,Plant Pot Set,6,25.92,10,139.97,96.26,Returned,3,1
ORD-12340,5/10/2023,5/24/2023,CID-4675,VIP,Nairobi,East,Bob Smith,Wholesale,Sports,Gym Bag,7,62.18,15,369.97,271.7,Cancelled,NULL,0
ORD-13448,11/28/2024,12/1/2024,CID-2328,VIP,Casablanca,West,Nathan Harris,Phone Order,Electronics,Webcam HD,6,67.76,15,345.58,248.59,Completed,5,0
ORD-12890,12/20/2024,12/23/2024,CID-4305,B2B,Enugu,East,Liam Moore,Wholesale,Home & garden,Plant Pot Set,10,31,20,248,185.93,Returned,NULL,1
ORD-10575,7/15/2022,7/17/2022,CID-2135,B2B,Johannesburg,West,Olivia Clark,Online,Home & garden,Plant Pot Set,5,34.07,10,153.31,98.57,Pending,3,0
ORD-13565,12/17/2024,12/31/2024,CID-3881,VIP,NULL,East,Henry Wilson,Mobile App,Electronics,Laptop Pro 15,10,1085.42,20,8683.36,6327.16,Completed,1,0
ORD-15597,6/5/2022,NULL,CID-3669,Retail,Nairobi,West,Mia Scott,In-Store,Electronics,Portable Charger,10,37.25,25,279.38,195.38,Cancelled,NULL,0
ORD-14088,10/24/2022,10/26/2022,CID-1070,Retail,Lagos,North,David Lee,In-Store,Home & garden,Desk Lamp,2,47.9,0,95.8,53.56,Completed,NULL,0
ORD-15223,1/2/2022,1/3/2022,CID-2195,New Customer,Enugu,North,Olivia Clark,Wholesale,Home & garden,Smart Plug 4pk,2,38.49,5,73.13,50.52,Completed,NULL,0
ORD-13241,4/30/2023,5/7/2023,CID-4240,B2B,Lagos,North,Bob Smith,Wholesale,Beauty,Shampoo & Conditioner,5,31.3,25,117.38,74.08,Completed,NULL,0
ORD-14461,10/21/2024,10/26/2024,CID-4299,New Customer,Accra,North,Frank Miller,Mobile App,Electronics,Mechanical Keyboard,2,157.13,0,314.26,146.22,Completed,NULL,0
ORD-15482,3/23/2023,3/28/2023,CID-1363,B2B,Accra,Central,Iris Park,Online,Clothing,Casual Sneakers,2,82.32,20,131.71,99.15,Completed,NULL,0
ORD-13132,10/11/2022,10/12/2022,CID-1644,Loyalty Member,Abuja,West,James Turner,Wholesale,Home & garden,Plant Pot Set,10,26.15,30,183.05,157.73,Completed,5,0
ORD-10761,7/2/2022,7/3/2022,CID-1610,Loyalty Member,Abuja,Central,Karen Davis,Mobile App,Sports,Swim Goggles,4,26.58,25,79.74,47.92,Pending,NULL,0
ORD-12516,6/19/2023,6/22/2023,CID-4498,Retail,Enugu,Central,Iris Park,Phone Order,Clothing,Winter Jacket,2,165.23,20,264.37,214.27,Cancelled,NULL,0
ORD-13333,10/5/2024,10/10/2024,CID-3127,Retail,Johannesburg,West,Grace Chen,Online,Beauty,Face Serum,6,62.84,0,377.04,201.48,Returned,3,1
ORD-14673,2/21/2024,3/6/2024,CID-2368,New Customer,Addis Ababa,South,Karen Davis,Wholesale,Clothing,Winter Jacket,5,132.75,10,597.38,431.95,Disputed,NULL,0
ORD-12868,10/11/2024,10/18/2024,CID-3996,Retail,Benin City,South,Henry Wilson,Wholesale,Beauty,Nail Polish Kit,9,19.86,5,169.8,89.25,Returned,3,1
ORD-11217,12/14/2024,NULL,CID-1320,Loyalty Member,Abuja,East,NULL,Phone Order,Beauty,Nail Polish Kit,2,22.77,25,34.16,21.4,Completed,NULL,0
ORD-15806,5/15/2022,5/29/2022,CID-3043,VIP,Accra,West,Carol White,Online,Home & garden,Coffee Maker,8,103.58,20,662.91,515.63,Completed,NULL,0
ORD-14426,8/16/2022,NULL,CID-1531,Loyalty Member,Addis Ababa,Central,Henry Wilson,In-Store,Electronics,Webcam HD,2,67.8,20,108.48,84.42,Pending,NULL,0
ORD-13309,7/20/2024,7/27/2024,CID-3229,B2B,Kano,West,Liam Moore,Online,Beauty,Electric Toothbrush,3,74.55,0,223.65,140.41,Completed,NULL,0
ORD-13619,5/13/2024,5/27/2024,CID-2541,B2B,Johannesburg,East,Nathan Harris,Phone Order,Sports,Gym Bag,3,72.94,10,196.94,146.87,Completed,4,0
ORD-12746,2/26/2022,NULL,CID-4519,B2B,Kano,Central,James Turner,Wholesale,Clothing,Men's Polo Shirt,9,29.8,0,268.2,146.49,Completed,NULL,0
ORD-12234,12/16/2023,12/30/2023,CID-1257,B2B,Enugu,Central,Grace Chen,Phone Order,Electronics,Smart Watch,6,275.58,30,1157.44,952.08,Completed,NULL,0
ORD-11727,11/8/2024,11/11/2024,CID-1733,VIP,Accra,West,Iris Park,MOBILE APP,Electronics,Mechanical Keyboard,10,143.14,0,1431.4,783.02,Completed,5,0
ORD-11132,5/19/2022,NULL,CID-1265,B2B,Abuja,West,Nathan Harris,Phone Order,Electronics,Wireless Earbuds,5,85.49,15,363.33,232.85,Completed,4,0
ORD-11074,1/19/2024,NULL,CID-3432,VIP,Port Harcourt,South,Frank Miller,Wholesale,Home & garden,Scented Candle,6,19.44,0,116.64,64.55,Returned,5,1
ORD-14889,10/22/2023,10/27/2023,CID-3772,VIP,Nairobi,South,James Turner,Wholesale,Beauty,Eye Cream,5,74.24,30,259.84,168.35,Completed,NULL,0
ORD-11669,7/30/2023,8/13/2023,CID-4343,VIP,Casablanca,East,David Lee,Online,Beauty,Nail Polish Kit,4,17.06,25,51.18,43.39,Completed,4,0
ORD-14323,8/8/2023,8/22/2023,CID-4624,New Customer,Accra,Central,Mia Scott,Phone Order,Electronics,Smart Watch,7,277.45,30,1359.5,1356.28,Completed,5,0
ORD-13681,1/31/2022,2/1/2022,CID-2622,New Customer,Accra,West,James Turner,Phone Order,Sports,Gym Bag,1,75.47,0,75.47,52.44,Completed,3,0
ORD-14164,9/9/2023,9/10/2023,CID-1478,VIP,Nairobi,West,Carol White,In-Store,Home & garden,Scented Candle,9,24.1,20,173.52,117.9,Completed,NULL,0
ORD-14976,7/12/2022,7/17/2022,CID-2341,VIP,Ibadan,West,James Turner,Online,Beauty,Electric Toothbrush,7,81.38,25,427.25,361.79,Completed,5,0
ORD-12803,4/7/2023,4/9/2023,CID-1103,Retail,Dakar,South,Frank Miller,Mobile App,Electronics,Webcam HD,7,89.59,0,627.13,361.48,Pending,NULL,0
ORD-10653,2/9/2022,2/14/2022,CID-4200,Loyalty Member,Accra,East,Henry Wilson,Phone Order,Clothing,Casual Sneakers,4,73.98,30,207.14,206.71,Completed,5,0
ORD-14877,6/10/2023,NULL,CID-4153,Loyalty Member,Benin City,East,Emma Brown,Online,Beauty,Nail Polish Kit,5,17.64,15,74.97,43.55,Completed,4,0
ORD-11554,9/26/2024,9/28/2024,CID-2728,Loyalty Member,NULL,North,NULL,Online,Beauty,Perfume 50ml,1,72.74,25,54.55,42.07,Completed,4,0
ORD-11673,5/14/2022,5/16/2022,CID-4504,Loyalty Member,Johannesburg,East,NULL,Phone Order,Sports,Water Bottle 1L,10,19.13,0,191.3,92.22,Completed,4,0
ORD-13717,5/5/2022,5/8/2022,CID-3879,New Customer,Abuja,East,Henry Wilson,Phone Order,Beauty,Face Mask Pack,10,18.08,30,126.56,88.37,Completed,4,0
ORD-10555,2/26/2023,3/1/2023,CID-4274,B2B,Enugu,North,James Turner,Online,Clothing,Formal Dress,10,116,20,928,726.37,Pending,5,0
ORD-15591,5/6/2023,5/9/2023,CID-1566,B2B,Benin City,Central,Liam Moore,Wholesale,Beauty,Perfume 50ml,8,77.55,15,527.34,385.29,Completed,NULL,0
ORD-14470,2/12/2024,2/26/2024,CID-4873,B2B,Enugu,South,Carol White,Mobile App,Beauty,Face Mask Pack,7,16.03,10,100.99,62.99,Completed,4,0
ORD-15388,6/2/2024,6/3/2024,CID-3394,Retail,Abuja,Central,Nathan Harris,Online,Home & garden,Smart Plug 4pk,2,45.45,15,84.97,117.01,Completed,5,0
ORD-14286,8/30/2024,9/1/2024,CID-2666,B2B,Enugu,West,Emma Brown,Phone Order,Electronics,Smart Watch,3,252.29,10,681.18,428.69,Completed,NULL,0
ORD-11197,11/11/2024,11/16/2024,CID-1255,Loyalty Member,Lagos,South,Nathan Harris,Wholesale,Sports,Jump Rope,7,17.21,15,102.4,71.76,Completed,1,0
ORD-11090,11/18/2022,11/19/2022,CID-2455,B2B,Accra,East,Karen Davis,Wholesale,Electronics,Laptop Pro 15,4,1129.77,30,3163.36,2587.1,Completed,4,0
ORD-10956,11/3/2022,11/8/2022,CID-3046,Loyalty Member,Accra,North,Carol White,Mobile App,Clothing,Casual Sneakers,7,71.5,5,475.47,345.24,Completed,5,0
ORD-15846,4/23/2023,NULL,CID-4114,B2B,Kano,North,Karen Davis,Mobile App,Clothing,Winter Jacket,6,152.67,25,687.01,565.25,Completed,3,0
ORD-12570,10/31/2022,11/7/2022,CID-3953,Loyalty Member,Kaduna,North,Emma Brown,Wholesale,Beauty,Perfume 50ml,4,82.9,0,331.6,197.57,Completed,5,0
ORD-11521,11/12/2022,11/13/2022,CID-4014,VIP,Addis Ababa,East,Henry Wilson,Mobile App,Clothing,Casual Sneakers,7,83.53,10,526.24,402.64,Cancelled,NULL,0
ORD-15538,12/14/2024,12/19/2024,CID-2042,Loyalty Member,Kaduna,West,Olivia Clark,Phone Order,Home & garden,Throw Pillow Set,4,50.19,10,180.68,108.96,Returned,5,1
ORD-11514,11/7/2024,NULL,CID-1869,Retail,Accra,East,James Turner,Phone Order,Home & garden,Air Purifier,4,179.94,10,647.78,354.18,Completed,NULL,0
ORD-15843,7/17/2024,NULL,CID-4545,Retail,Lagos,West,Henry Wilson,Mobile App,Home & garden,Throw Pillow Set,4,53.11,25,159.33,109.35,Returned,5,1
ORD-12163,9/24/2022,9/26/2022,CID-4554,B2B,Casablanca,East,Grace Chen,Mobile App,Home & garden,Plant Pot Set,8,33.13,0,265.04,126.27,Completed,5,0
ORD-14214,10/1/2024,10/4/2024,CID-1517,Retail,Dakar,Central,Frank Miller,Phone Order,Home & garden,Wall Clock,3,42.68,30,89.63,69.49,Pending,NULL,0
ORD-12968,7/6/2024,NULL,CID-4577,New Customer,Accra,North,Karen Davis,Online,Clothing,Winter Jacket,1,165.15,10,148.64,82.08,Completed,5,0
ORD-15936,11/4/2023,11/9/2023,CID-4599,Retail,Accra,Central,Mia Scott,Online,Clothing,Casual Sneakers,5,74.21,0,371.05,256.02,Completed,4,0
ORD-12982,3/15/2024,3/17/2024,CID-3817,Retail,Kano,Central,Frank Miller,Mobile App,Beauty,Shampoo & Conditioner,6,28.41,15,144.89,93.54,Returned,5,1
ORD-14067,11/19/2022,11/21/2022,CID-1292,New Customer,NULL,Central,Emma Brown,Online,Sports,Resistance Bands Set,3,21.46,0,64.38,34.91,Completed,1,0
ORD-11232,12/9/2022,12/11/2022,CID-1222,Retail,Lagos,Central,Liam Moore,Wholesale,Beauty,Face Mask Pack,7,18.87,5,125.49,83.41,Completed,3,0
ORD-15882,2/26/2022,NULL,CID-3898,Retail,NULL,West,James Turner,Wholesale,Sports,Water Bottle 1L,5,21.2,10,95.4,68.57,Completed,NULL,0
ORD-13307,10/22/2024,10/29/2024,CID-2358,B2B,Benin City,South,Nathan Harris,Wholesale,Sports,Yoga Mat,4,33.62,0,134.48,79.21,Returned,NULL,1
ORD-15982,7/16/2022,NULL,CID-3457,Loyalty Member,Accra,North,Liam Moore,In-Store,Electronics,Laptop Pro 15,2,1295.5,10,2331.9,1436.45,Completed,NULL,0
ORD-15395,9/1/2024,9/4/2024,CID-4117,Retail,Port Harcourt,West,Liam Moore,In-Store,Home & garden,Scented Candle,2,24.28,0,48.56,29.96,Completed,5,0
ORD-13775,6/27/2022,7/4/2022,CID-3301,VIP,Kano,Central,Mia Scott,Wholesale,Sports,Foam Roller,1,43.21,0,43.21,22.21,Returned,3,1
ORD-12811,4/30/2022,NULL,CID-1490,Retail,Nairobi,West,Mia Scott,Phone Order,Electronics,Smart Watch,2,212.09,5,402.97,191.24,Pending,NULL,0
ORD-15302,2/19/2022,2/26/2022,CID-4374,Retail,Kaduna,East,Emma Brown,In-Store,Electronics,Wireless Earbuds,5,96.74,20,386.96,256.32,Completed,4,0
ORD-10365,11/24/2022,11/25/2022,CID-3777,Retail,Port Harcourt,South,Nathan Harris,Phone Order,Electronics,Wireless Earbuds,7,89.35,15,531.63,398.71,Cancelled,NULL,0
ORD-12278,5/16/2023,5/19/2023,CID-2960,Retail,Abuja,South,James Turner,Mobile App,Electronics,Smart Watch,8,232.76,0,1862.08,984.17,Returned,4,1
ORD-11917,12/24/2024,12/31/2024,CID-2953,VIP,Lagos,Central,Olivia Clark,Mobile App,Clothing,Sports Socks 3pk,7,14.3,0,100.1,63.6,Completed,NULL,0
ORD-14161,4/18/2023,4/21/2023,CID-1538,Retail,Kaduna,East,Emma Brown,Wholesale,Electronics,USB-C Hub,7,50.25,15,298.99,169.09,Completed,5,0
ORD-11843,7/25/2022,7/26/2022,CID-3970,B2B,Lagos,West,Nathan Harris,Mobile App,Beauty,Face Mask Pack,10,20.57,0,205.7,137.46,Cancelled,NULL,0
ORD-14374,4/16/2024,4/17/2024,CID-3300,B2B,Benin City,North,Bob Smith,In-Store,Electronics,Laptop Pro 15,8,1098.86,0,8790.88,4537.2,Completed,2,0
ORD-13895,5/6/2023,5/8/2023,CID-4641,Retail,Enugu,East,Henry Wilson,In-Store,Electronics,Webcam HD,5,71.91,5,341.57,192.25,Completed,NULL,0
ORD-15857,4/15/2022,4/20/2022,CID-2256,VIP,Ibadan,Central,Henry Wilson,Mobile App,Sports,Jump Rope,8,16.49,20,105.54,62.83,Pending,NULL,0
ORD-12948,2/26/2023,2/28/2023,CID-4411,B2B,Addis Ababa,Central,Liam Moore,Wholesale,Beauty,Electric Toothbrush,3,73.31,0,219.93,143.21,Returned,NULL,1
ORD-13175,3/27/2022,3/28/2022,CID-3338,VIP,Cairo,West,David Lee,Online,Beauty,Eye Cream,7,67.78,15,403.29,237.12,Completed,5,0
ORD-10007,3/30/2022,4/13/2022,CID-4985,Retail,Accra,West,Iris Park,Online,Electronics,Webcam HD,2,87.24,15,148.31,104.85,Pending,4,0
ORD-11319,1/26/2022,2/9/2022,CID-2468,Retail,Lagos,West,David Lee,In-Store,Beauty,Eye Cream,2,64.91,25,97.36,61.12,Completed,NULL,0
ORD-11167,8/23/2022,8/24/2022,CID-1419,VIP,Accra,Central,Iris Park,Phone Order,Home & garden,Smart Plug 4pk,8,37.27,0,298.16,145.91,Completed,5,0
ORD-15665,4/2/2022,4/5/2022,CID-3893,Loyalty Member,Kaduna,Central,Olivia Clark,Online,Beauty,Shampoo & Conditioner,3,24.54,15,62.58,39.29,Pending,1,0
ORD-14204,2/10/2024,2/24/2024,CID-1215,Loyalty Member,NULL,West,Emma Brown,Wholesale,Clothing,Denim Jeans,7,66.71,0,466.97,277.33,Completed,NULL,0
ORD-13153,4/14/2024,4/21/2024,CID-4805,Loyalty Member,Nairobi,North,Henry Wilson,Mobile App,Beauty,Perfume 50ml,9,64.75,25,437.06,310.69,Completed,4,0
ORD-10950,3/8/2022,3/15/2022,CID-2872,Loyalty Member,Benin City,East,Grace Chen,In-Store,Sports,Protein Powder 1kg,1,59.94,30,41.96,34.14,Disputed,5,0
ORD-15995,1/4/2022,1/18/2022,CID-2832,B2B,Benin City,Central,NULL,Wholesale,Electronics,Laptop Pro 15,8,1277.23,0,10217.84,4998.04,Completed,4,0
ORD-11221,1/23/2022,1/28/2022,CID-3350,New Customer,Enugu,West,NULL,Mobile App,Electronics,Portable Charger,10,43.72,0,437.2,255.22,Returned,4,1
ORD-13414,12/6/2024,12/20/2024,CID-1568,New Customer,Benin City,South,Bob Smith,Phone Order,Beauty,Shampoo & Conditioner,5,28.58,20,114.32,90.47,Completed,NULL,0
ORD-14242,9/6/2023,9/8/2023,CID-1285,Loyalty Member,Benin City,West,NULL,Mobile App,Sports,Resistance Bands Set,1,23.71,10,21.34,15.88,Pending,4,0
ORD-15601,2/15/2023,NULL,CID-1130,Retail,Dakar,South,Grace Chen,Mobile App,Clothing,Sports Socks 3pk,7,13.86,15,82.47,66.79,Completed,1,0
ORD-13740,1/9/2023,1/10/2023,CID-4864,Loyalty Member,Kaduna,East,Nathan Harris,Wholesale,Electronics,USB-C Hub,1,49.53,25,37.15,27.29,Completed,5,0
ORD-14731,1/12/2023,NULL,CID-2126,VIP,Accra,East,Nathan Harris,Wholesale,Clothing,Formal Dress,4,118.55,5,450.49,235.9,Cancelled,NULL,0
ORD-14132,9/23/2023,9/30/2023,CID-4649,VIP,NULL,Central,James Turner,Phone Order,Sports,Foam Roller,10,33.88,0,338.8,190.42,Disputed,4,0
ORD-15083,1/15/2023,NULL,CID-2037,VIP,Port Harcourt,North,Grace Chen,Phone Order,Home & garden,Throw Pillow Set,6,53.53,0,321.18,197.8,Cancelled,NULL,0
ORD-12204,8/3/2023,NULL,CID-3000,New Customer,Enugu,Central,Bob Smith,Online,Beauty,Perfume 50ml,2,64.1,10,115.38,59,Completed,1,0
ORD-11059,6/9/2023,NULL,CID-2637,B2B,Johannesburg,East,Bob Smith,PHONE ORDER,Clothing,Running Shoes,5,122.86,15,522.15,314.81,Completed,2,0
ORD-13741,3/9/2024,3/14/2024,CID-1053,New Customer,Addis Ababa,East,Bob Smith,Online,Home & garden,Coffee Maker,1,97.01,20,77.61,65.41,Pending,5,0
ORD-12021,10/1/2022,10/2/2022,CID-2478,B2B,Ibadan,North,Olivia Clark,Wholesale,Home & garden,Coffee Maker,4,94.91,0,379.64,215.82,Cancelled,5,0
ORD-11693,1/30/2023,1/31/2023,CID-3921,B2B,Addis Ababa,North,Alice Johnson,Phone Order,Sports,Resistance Bands Set,6,24.66,0,147.96,78.72,Completed,NULL,0
ORD-13363,8/30/2022,9/1/2022,CID-2398,B2B,Kaduna,Central,James Turner,Mobile App,Clothing,Men's Polo Shirt,5,39.17,0,195.85,135.14,Completed,NULL,0
ORD-15346,2/4/2022,NULL,CID-1073,B2B,Enugu,South,James Turner,In-Store,Beauty,Eye Cream,6,74.6,25,335.7,271.52,Completed,1,0
ORD-12127,5/12/2022,5/17/2022,CID-4924,Loyalty Member,Kaduna,South,Olivia Clark,Online,Beauty,Face Mask Pack,4,17.32,15,58.89,42.13,Completed,4,0
ORD-12097,4/22/2024,4/23/2024,CID-4797,New Customer,Accra,West,Liam Moore,Phone Order,Sports,Resistance Bands Set,2,21.92,0,43.84,19.91,Completed,NULL,0
ORD-15332,11/20/2024,11/21/2024,CID-2833,Retail,Kaduna,Central,Liam Moore,In-Store,Sports,Protein Powder 1kg,3,53.88,20,129.31,90.67,Completed,5,0
ORD-11410,7/14/2023,NULL,CID-3730,New Customer,Benin City,West,NULL,Mobile App,Clothing,Casual Sneakers,8,86.36,10,621.79,443.19,Completed,NULL,0
ORD-13510,3/5/2024,3/19/2024,CID-4502,VIP,Abuja,North,Nathan Harris,Phone Order,Electronics,Laptop Pro 15,4,1120.13,0,4480.52,2354.63,Cancelled,5,0
ORD-11835,7/26/2022,7/27/2022,CID-3725,Retail,Abuja,North,NULL,Online,Home & garden,Coffee Maker,10,98.34,5,934.23,607.94,Completed,4,0
ORD-13483,8/6/2024,8/9/2024,CID-4141,Loyalty Member,Johannesburg,North,Iris Park,In-Store,Clothing,Casual Sneakers,5,71.84,25,269.4,226.08,Completed,2,0
ORD-12427,1/1/2023,1/4/2023,CID-4264,New Customer,Enugu,Central,Bob Smith,In-Store,Sports,Water Bottle 1L,2,19.38,0,38.76,19.54,Completed,NULL,0
ORD-13093,2/2/2022,2/4/2022,CID-2842,B2B,Cairo,West,Mia Scott,In-Store,Beauty,Face Mask Pack,5,15.43,15,65.58,44.11,Pending,4,0
ORD-11680,7/18/2022,7/19/2022,CID-3427,VIP,Dakar,West,Grace Chen,Online,Beauty,Shampoo & Conditioner,0,19672.75,5,95.68,53.15,Cancelled,4,0
ORD-10412,2/24/2022,3/3/2022,CID-3365,Retail,Nairobi,West,Emma Brown,Phone Order,Home & garden,Smart Plug 4pk,2,41,20,65.6,53.23,Completed,5,0
ORD-11735,6/22/2022,6/25/2022,CID-1942,New Customer,Accra,West,Iris Park,Wholesale,Beauty,Lipstick Set,6,42.64,10,230.26,123.72,Completed,NULL,0
ORD-10609,4/23/2022,4/26/2022,CID-3899,Retail,Port Harcourt,South,Bob Smith,Online,Electronics,USB-C Hub,2,39.82,20,63.71,48.03,Completed,5,0
ORD-15367,4/16/2024,NULL,CID-3690,VIP,NULL,Central,Iris Park,In-Store,Beauty,Face Serum,9,53.54,10,433.67,309.97,Cancelled,4,0
ORD-15739,3/20/2024,3/21/2024,CID-4181,New Customer,Dakar,West,Iris Park,Phone Order,Clothing,Sports Socks 3pk,7,15.64,25,82.11,56.57,Cancelled,5,0
ORD-14507,8/4/2024,8/18/2024,CID-1738,Retail,Port Harcourt,South,Mia Scott,Mobile App,Home & garden,Air Purifier,10,213.22,5,2025.59,1079.35,Completed,NULL,0
ORD-15736,7/18/2024,7/21/2024,CID-1365,New Customer,Port Harcourt,East,Iris Park,In-Store,Home & garden,Throw Pillow Set,9,60.95,5,521.12,339.22,Pending,5,0
ORD-10699,6/25/2023,6/30/2023,CID-2937,VIP,NULL,West,James Turner,Phone Order,Sports,Resistance Bands Set,5,27.85,30,97.47,93.22,Completed,3,0
ORD-12654,2/4/2024,NULL,CID-1116,VIP,Lagos,East,James Turner,Wholesale,Electronics,Smart Watch,1,226.89,25,170.17,125,Cancelled,5,0
ORD-15443,1/17/2023,1/22/2023,CID-1967,Retail,Johannesburg,West,Henry Wilson,Online,Clothing,Casual Sneakers,6,77.35,15,394.48,222.17,Completed,NULL,0
ORD-15640,3/28/2023,3/31/2023,CID-1375,Retail,Johannesburg,Central,Mia Scott,Phone Order,Sports,Protein Powder 1kg,4,50.14,30,140.39,133.06,Completed,1,0
ORD-11288,8/29/2022,9/5/2022,CID-4533,Loyalty Member,Accra,North,James Turner,Wholesale,Electronics,Portable Charger,6,33.2,20,159.36,101.37,Returned,4,1
ORD-15566,6/26/2023,6/28/2023,CID-2931,Loyalty Member,Nairobi,Central,Grace Chen,Online,Home & garden,Plant Pot Set,1,32.92,0,32.92,20.98,Cancelled,3,0
ORD-15102,7/30/2022,7/31/2022,CID-2675,Retail,Cairo,North,NULL,Mobile App,Beauty,Lipstick Set,5,45.62,0,228.1,131.84,Completed,4,0
ORD-13866,6/17/2024,6/22/2024,CID-3848,B2B,Enugu,East,Nathan Harris,In-Store,Electronics,Portable Charger,3,43.12,5,122.89,62.44,Pending,4,0
ORD-14968,9/10/2022,9/17/2022,CID-2783,Retail,Port Harcourt,West,Grace Chen,Mobile App,Clothing,Women's Blazer,9,86.75,5,741.71,439.64,Disputed,5,0
ORD-11916,7/15/2022,7/22/2022,CID-4544,VIP,Nairobi,East,Liam Moore,Phone Order,Electronics,Smart Watch,9,255.64,10,2070.68,1499.4,Completed,2,0
ORD-15679,5/3/2024,5/17/2024,CID-4454,Retail,Abuja,South,Olivia Clark,In-Store,Sports,Water Bottle 1L,2,21.27,5,40.41,29.34,Completed,4,0
ORD-12899,4/14/2023,4/28/2023,CID-4331,New Customer,Nairobi,Central,James Turner,In-Store,Home & garden,Smart Plug 4pk,4,45.59,0,182.36,117.69,Cancelled,NULL,0
ORD-12439,3/15/2023,3/17/2023,CID-4440,New Customer,Benin City,East,Liam Moore,In-Store,Home & garden,Plant Pot Set,9,30.28,15,231.64,182.81,Completed,4,0
ORD-11400,3/25/2022,3/26/2022,CID-2576,Loyalty Member,Johannesburg,East,Henry Wilson,Online,Sports,Protein Powder 1kg,8,58.38,15,396.98,275.22,Completed,NULL,0
ORD-12715,1/29/2023,2/3/2023,CID-3379,Loyalty Member,Addis Ababa,South,Nathan Harris,Phone Order,Clothing,Men's Polo Shirt,10,38.55,25,289.12,213.42,Completed,5,0
ORD-14052,2/4/2023,2/18/2023,CID-4344,VIP,Ibadan,North,Liam Moore,Phone Order,Beauty,Nail Polish Kit,5,22.1,20,88.4,55.04,Completed,4,0
ORD-13377,12/4/2024,12/6/2024,CID-3568,VIP,Kano,Central,Henry Wilson,Mobile App,Home & garden,Air Purifier,6,196.2,0,1177.2,757.43,Completed,4,0
ORD-15612,4/16/2024,4/23/2024,CID-2149,Loyalty Member,Kaduna,West,Karen Davis,Online,Home & garden,Wall Clock,8,42.83,20,274.11,197.94,Returned,5,1
ORD-15658,6/26/2022,7/10/2022,CID-3329,VIP,Benin City,North,Alice Johnson,Wholesale,Beauty,Lipstick Set,1,38.14,30,26.7,19.75,Completed,NULL,0
ORD-15648,7/1/2023,7/4/2023,CID-2256,Loyalty Member,Addis Ababa,South,Alice Johnson,Mobile App,Sports,Protein Powder 1kg,10,49.08,0,490.8,336.05,Returned,2,1
ORD-13152,10/31/2024,11/3/2024,CID-3418,Loyalty Member,Kano,Central,Grace Chen,Phone Order,Sports,Water Bottle 1L,4,20.89,0,83.56,51.36,Completed,5,0
ORD-13967,3/18/2023,3/19/2023,CID-4658,Retail,Casablanca,South,Grace Chen,Mobile App,Beauty,Eye Cream,0,19672.75,0,464.03,269.51,Completed,NULL,0
ORD-10740,5/26/2022,5/31/2022,CID-4553,Loyalty Member,Ibadan,South,Iris Park,Online,Home & garden,Plant Pot Set,8,29.73,0,237.84,158.54,Returned,5,1
ORD-13099,7/27/2022,7/29/2022,CID-1101,Loyalty Member,Enugu,Central,Emma Brown,Online,Home & garden,Smart Plug 4pk,4,45.06,10,162.22,88.59,Completed,1,0
ORD-13703,2/17/2024,3/2/2024,CID-4677,Retail,Cairo,South,Nathan Harris,Online,Clothing,Denim Jeans,5,64.79,0,323.95,148.26,Completed,NULL,0
ORD-15790,8/10/2022,8/17/2022,CID-3324,B2B,Dakar,West,Mia Scott,Phone Order,Home & garden,Desk Lamp,6,49.12,0,294.72,138.71,Cancelled,5,0
ORD-10357,10/15/2024,10/18/2024,CID-3978,New Customer,Nairobi,Central,Emma Brown,Online,Beauty,Face Mask Pack,8,17.13,20,109.63,68.07,Completed,3,0
ORD-12100,5/30/2024,6/1/2024,CID-3524,Retail,Casablanca,Central,Grace Chen,In-Store,Clothing,Sports Socks 3pk,9,14.26,15,109.09,88.53,Completed,NULL,0
ORD-10127,4/13/2022,4/16/2022,CID-2862,New Customer,Ibadan,West,Frank Miller,In-Store,Sports,Yoga Mat,2,31.17,20,49.87,35.25,Completed,5,0
ORD-12613,6/1/2022,6/4/2022,CID-4579,VIP,Nairobi,West,Nathan Harris,In-Store,Home & garden,Smart Plug 4pk,8,35.33,10,254.38,136.68,Completed,NULL,0
ORD-15787,11/11/2022,11/16/2022,CID-4990,B2B,Cairo,North,Iris Park,In-Store,Beauty,Electric Toothbrush,6,93.76,20,450.05,332.01,Cancelled,NULL,0
ORD-13834,2/1/2022,2/15/2022,CID-3634,New Customer,Dakar,North,James Turner,Online,Clothing,Denim Jeans,4,61.71,10,222.16,116.96,Pending,1,0
ORD-10446,5/7/2022,NULL,CID-1828,B2B,Port Harcourt,Central,Olivia Clark,Phone Order,Electronics,Mechanical Keyboard,9,138.88,15,1062.43,738.76,Completed,5,0
ORD-13521,11/22/2023,11/24/2023,CID-2865,VIP,Casablanca,Central,Alice Johnson,In-Store,Clothing,Denim Jeans,1,66.4,10,59.76,37.04,Returned,NULL,1
ORD-10204,10/24/2022,10/29/2022,CID-3081,B2B,Dakar,South,Olivia Clark,Phone Order,Home & garden,Plant Pot Set,7,34.32,25,180.18,122.75,Returned,2,1
ORD-14615,5/18/2022,5/21/2022,CID-3127,Loyalty Member,Johannesburg,East,Olivia Clark,Online,Beauty,Electric Toothbrush,7,95.83,30,469.57,453.02,Completed,NULL,0
ORD-10636,5/8/2022,5/13/2022,CID-2069,New Customer,Johannesburg,South,David Lee,Wholesale,Electronics,Wireless Earbuds,9,92.66,0,833.94,457.49,Pending,5,0
ORD-14380,6/30/2022,NULL,CID-3044,B2B,Johannesburg,South,Alice Johnson,Wholesale,Beauty,Electric Toothbrush,5,93.29,20,373.16,212.84,Returned,4,1
ORD-12541,4/7/2023,NULL,CID-2172,New Customer,Port Harcourt,West,Henry Wilson,Mobile App,Home & garden,Smart Plug 4pk,2,40.03,15,68.05,46.69,Cancelled,3,0
ORD-11327,12/25/2022,1/8/2023,CID-3296,B2B,Port Harcourt,Central,Liam Moore,Online,Electronics,Webcam HD,6,81.82,25,368.19,265.78,Returned,5,1
ORD-15330,1/3/2024,1/4/2024,CID-4600,B2B,Benin City,North,Liam Moore,Mobile App,Clothing,Denim Jeans,7,63.68,5,423.47,259.21,Cancelled,5,0
ORD-14027,7/24/2023,NULL,CID-1320,B2B,Addis Ababa,East,David Lee,Online,Sports,Foam Roller,6,42.54,5,242.48,118.47,Pending,NULL,0
ORD-12395,3/21/2024,NULL,CID-4730,New Customer,Kano,South,Emma Brown,In-Store,Clothing,Sports Socks 3pk,9,17.18,5,146.89,101.98,Completed,NULL,0
ORD-11780,1/23/2022,2/6/2022,CID-2466,Retail,Addis Ababa,East,Carol White,Mobile App,Home & garden,Air Purifier,9,179.21,20,1290.31,996.52,Completed,NULL,0
ORD-15429,5/14/2023,NULL,CID-2828,Retail,Dakar,Central,Karen Davis,In-Store,Clothing,Denim Jeans,7,65.1,30,318.99,210.15,Completed,NULL,0
ORD-10117,5/12/2022,5/17/2022,CID-2908,B2B,Dakar,West,Frank Miller,PHONE ORDER,Clothing,Running Shoes,4,116.4,20,372.48,291.75,Completed,5,0
ORD-11264,1/30/2022,2/1/2022,CID-4361,New Customer,Nairobi,North,Olivia Clark,WHOLESALE,Electronics,Mechanical Keyboard,10,146.73,0,1467.3,898.28,Cancelled,3,0
ORD-10665,8/27/2023,8/29/2023,CID-4886,Loyalty Member,Kaduna,South,Liam Moore,Online,Clothing,Sports Socks 3pk,4,14.45,0,57.8,36.62,Returned,NULL,1
ORD-11135,8/12/2022,8/19/2022,CID-3965,VIP,Kaduna,Central,Bob Smith,Mobile App,Sports,Gym Bag,9,74.11,5,633.64,402.2,Returned,NULL,1
ORD-13393,8/26/2023,9/2/2023,CID-2766,Retail,Kano,North,Nathan Harris,Online,Sports,Yoga Mat,3,30.25,15,77.14,60.44,Completed,5,0
ORD-15001,11/18/2023,12/2/2023,CID-3765,B2B,Port Harcourt,East,Olivia Clark,Online,Electronics,Smart Watch,4,225.47,0,901.88,519.08,Completed,4,0
ORD-10797,3/31/2023,4/1/2023,CID-3243,Retail,Lagos,East,Frank Miller,Wholesale,Sports,Swim Goggles,6,24.76,25,111.42,95.05,Completed,3,0
ORD-13632,12/1/2022,NULL,CID-1442,New Customer,Johannesburg,South,Liam Moore,Mobile App,Clothing,Women's Blazer,10,85.2,5,809.4,544.32,Completed,5,0
ORD-13791,2/1/2023,2/8/2023,CID-4649,Loyalty Member,Accra,Central,David Lee,Wholesale,Beauty,Perfume 50ml,9,64.63,20,465.34,324.17,Completed,4,0
ORD-13668,4/8/2024,4/13/2024,CID-4155,VIP,Lagos,South,Nathan Harris,In-Store,Electronics,Webcam HD,3,87.46,5,249.26,142.31,Completed,2,0
ORD-13352,9/27/2023,10/4/2023,CID-4904,B2B,Abuja,Central,Mia Scott,In-Store,Clothing,Sports Socks 3pk,10,14.07,0,140.7,90.48,Completed,3,0
ORD-10028,1/24/2022,2/7/2022,CID-4075,VIP,Abuja,North,Karen Davis,Phone Order,Electronics,Webcam HD,7,79.69,25,418.37,386.45,Completed,4,0
ORD-11014,7/3/2022,7/5/2022,CID-3809,Retail,Lagos,South,Henry Wilson,Online,Clothing,Men's Polo Shirt,1,36.98,25,27.73,18.07,Completed,NULL,0
ORD-12728,10/2/2024,10/7/2024,CID-3710,Loyalty Member,Johannesburg,South,Grace Chen,In-Store,Home & garden,Air Purifier,5,225.71,10,1015.69,713.18,Completed,4,0
ORD-13288,3/2/2023,3/4/2023,CID-3286,VIP,Casablanca,West,James Turner,Phone Order,Beauty,Face Serum,9,60.18,0,541.62,250.91,Completed,1,0
ORD-14305,7/27/2023,8/10/2023,CID-3031,B2B,Accra,West,Mia Scott,Online,Clothing,Running Shoes,2,120.04,0,240.08,123.27,Completed,2,0
ORD-10075,10/3/2022,10/6/2022,CID-4040,VIP,Ibadan,North,Olivia Clark,Online,Sports,Yoga Mat,9,39.53,10,320.19,169.31,Completed,NULL,0
ORD-12267,6/15/2022,6/22/2022,CID-3962,Retail,Benin City,West,Carol White,Wholesale,Sports,Yoga Mat,6,39.72,0,238.32,142.88,Completed,NULL,0
ORD-15460,11/11/2024,11/16/2024,CID-3257,B2B,Lagos,North,David Lee,Mobile App,Home & garden,Scented Candle,6,22.26,20,106.85,78.98,Completed,NULL,0
ORD-15546,7/12/2023,7/17/2023,CID-2748,Loyalty Member,Dakar,North,David Lee,Phone Order,Home & garden,Desk Lamp,9,49.14,30,309.58,308.33,Cancelled,5,0
ORD-15692,11/24/2024,NULL,CID-4418,New Customer,Johannesburg,Central,Liam Moore,MOBILE APP,Beauty,Eye Cream,1,60.24,30,42.17,34.8,Cancelled,NULL,0
ORD-15416,6/4/2022,NULL,CID-3782,New Customer,Abuja,East,Henry Wilson,In-Store,Clothing,Women's Blazer,10,82.22,30,575.54,486.58,Completed,1,0
ORD-13920,10/17/2024,10/18/2024,CID-3632,Retail,Johannesburg,North,Henry Wilson,In-Store,Sports,Swim Goggles,5,30.89,10,139,94.62,Disputed,NULL,0
ORD-11550,2/17/2023,2/20/2023,CID-1208,Retail,Cairo,Central,Nathan Harris,Mobile App,Beauty,Eye Cream,8,72.02,0,576.16,343.57,Completed,5,0
ORD-15473,9/4/2024,9/7/2024,CID-3557,VIP,Port Harcourt,Central,James Turner,Mobile App,Home & garden,Wall Clock,9,39.78,30,250.61,235.63,Completed,3,0
ORD-12902,12/31/2023,NULL,CID-1598,VIP,Benin City,Central,Henry Wilson,Phone Order,Home & garden,Coffee Maker,8,90.78,5,689.93,327.36,Cancelled,5,0
ORD-14009,7/25/2024,7/28/2024,CID-1851,Retail,NULL,South,Emma Brown,Mobile App,Beauty,Lipstick Set,3,46.51,0,139.53,69.59,Returned,4,1
ORD-15166,10/5/2024,10/6/2024,CID-2449,VIP,Lagos,Central,Liam Moore,Wholesale,Clothing,Running Shoes,6,117.11,20,562.13,435.12,Disputed,5,0
ORD-13939,7/24/2022,7/27/2022,CID-3776,B2B,Johannesburg,Central,David Lee,Phone Order,Beauty,Face Serum,2,57.85,0,115.7,56.58,Completed,2,0
ORD-15618,5/15/2024,5/18/2024,CID-4433,B2B,Nairobi,North,Frank Miller,WHOLESALE,Clothing,Denim Jeans,1,66.45,0,66.45,32.99,Completed,NULL,0
ORD-11373,8/25/2024,NULL,CID-3014,B2B,Lagos,East,Grace Chen,In-Store,Electronics,Laptop Pro 15,3,1128.06,10,3045.76,2064.82,Pending,2,0
ORD-15814,4/1/2024,4/2/2024,CID-3495,New Customer,Casablanca,East,Liam Moore,In-Store,Sports,Gym Bag,8,61.79,10,444.89,298.18,Returned,4,1
ORD-10546,10/21/2024,10/23/2024,CID-1428,Retail,Abuja,East,Alice Johnson,Mobile App,Sports,Water Bottle 1L,8,21.28,15,144.7,109.48,Completed,3,0
ORD-14336,7/5/2023,7/12/2023,CID-4868,Loyalty Member,Port Harcourt,West,Emma Brown,Mobile App,Sports,Protein Powder 1kg,4,62.91,15,213.89,130.76,Disputed,NULL,0
ORD-11459,9/3/2023,NULL,CID-4673,Retail,Kaduna,North,Olivia Clark,Mobile App,Electronics,Mechanical Keyboard,1,176.15,0,176.15,82.96,Completed,3,0
ORD-14586,12/22/2022,12/24/2022,CID-2821,B2B,Dakar,East,Grace Chen,Online,Sports,Foam Roller,1,38.83,0,38.83,19.69,Cancelled,4,0
ORD-10580,7/10/2022,7/24/2022,CID-4482,Loyalty Member,Kaduna,West,Karen Davis,Wholesale,Home & garden,Wall Clock,8,38.93,15,264.72,207.8,Completed,4,0
ORD-10726,7/21/2023,8/4/2023,CID-2069,VIP,Kano,East,NULL,Wholesale,Sports,Jump Rope,5,14.92,0,74.6,39.84,Returned,NULL,1
ORD-15801,1/22/2022,1/27/2022,CID-4978,New Customer,Kaduna,West,Grace Chen,Online,Sports,Swim Goggles,7,27.74,10,174.76,110.82,Completed,3,0
ORD-14201,6/29/2022,7/13/2022,CID-4823,New Customer,Nairobi,West,Henry Wilson,Mobile App,Beauty,Eye Cream,4,60.69,10,218.48,132.4,Completed,2,0
ORD-11161,11/23/2024,12/7/2024,CID-2881,Loyalty Member,Abuja,South,David Lee,Online,Beauty,Perfume 50ml,6,81.06,0,486.36,230.81,Completed,1,0
ORD-11844,8/31/2024,9/7/2024,CID-1012,VIP,Lagos,West,Karen Davis,In-Store,Sports,Jump Rope,4,14.78,15,50.25,36.75,Disputed,NULL,0
ORD-11091,12/1/2023,12/6/2023,CID-3132,Loyalty Member,Dakar,South,Bob Smith,Mobile App,Home & garden,Scented Candle,1,24.96,30,17.47,12.64,Disputed,NULL,0
ORD-15405,1/27/2024,2/3/2024,CID-2500,B2B,Accra,South,Grace Chen,Wholesale,Sports,Foam Roller,2,39.71,10,71.48,36.87,Completed,NULL,0
ORD-15353,8/14/2023,8/15/2023,CID-4304,VIP,Ibadan,East,Henry Wilson,Online,Clothing,Winter Jacket,10,139.06,25,1042.95,789.02,Completed,5,0
ORD-10177,7/18/2024,7/19/2024,CID-4226,Loyalty Member,Cairo,South,Olivia Clark,Wholesale,Sports,Swim Goggles,5,25.74,0,128.7,80.66,Cancelled,4,0
ORD-10123,4/8/2024,4/22/2024,CID-4766,Loyalty Member,Accra,South,Nathan Harris,MOBILE APP,Beauty,Electric Toothbrush,5,84.63,20,338.52,231.55,Completed,NULL,0
ORD-14972,9/20/2022,9/22/2022,CID-3410,Retail,Addis Ababa,South,NULL,Phone Order,Clothing,Winter Jacket,3,129.1,0,387.3,256.49,Completed,4,0
ORD-14988,4/24/2023,4/25/2023,CID-2130,Retail,Enugu,East,Olivia Clark,Wholesale,Sports,Water Bottle 1L,10,20.68,0,206.8,132.09,Completed,5,0
ORD-10917,4/17/2022,4/19/2022,CID-4294,B2B,Benin City,West,Karen Davis,Online,Clothing,Women's Blazer,4,86.34,30,241.75,184.63,Completed,NULL,0
ORD-15926,5/7/2024,5/8/2024,CID-3324,Loyalty Member,Abuja,North,Liam Moore,Online,Sports,Yoga Mat,5,32.83,0,164.15,97.72,Completed,5,0
ORD-10850,9/17/2023,NULL,CID-4709,Loyalty Member,Port Harcourt,East,David Lee,Mobile App,Electronics,Laptop Pro 15,1,1213.37,20,970.7,833.28,Completed,3,0
ORD-15027,3/6/2024,3/11/2024,CID-1422,Retail,Port Harcourt,Central,NULL,Wholesale,Home & garden,Throw Pillow Set,3,50.09,10,135.24,101.84,Completed,5,0
ORD-16029,9/22/2023,9/29/2023,CID-3832,VIP,Abuja,South,Alice Johnson,Mobile App,Electronics,Laptop Pro 15,1,1124.78,0,1124.78,594.13,Disputed,5,0
ORD-12954,1/1/2022,1/4/2022,CID-4937,Retail,Enugu,West,Grace Chen,Phone Order,Electronics,Laptop Pro 15,10,1328.58,0,13285.8,9123.32,Completed,NULL,0
ORD-12681,11/7/2022,11/9/2022,CID-4115,Retail,Accra,West,Carol White,Wholesale,Clothing,Winter Jacket,3,128.62,20,308.69,244.99,Completed,4,0
ORD-14171,10/29/2023,11/1/2023,CID-2790,Retail,Dakar,Central,David Lee,PHONE ORDER,Beauty,Perfume 50ml,8,70.58,20,451.71,294.82,Completed,4,0
ORD-12460,2/13/2023,2/15/2023,CID-2083,VIP,Nairobi,East,Emma Brown,Mobile App,Sports,Foam Roller,7,41.82,5,278.1,151.7,Completed,5,0
ORD-12984,9/20/2023,9/22/2023,CID-3219,B2B,Lagos,West,Emma Brown,In-Store,Clothing,Men's Polo Shirt,9,34.95,0,314.55,213.57,Completed,1,0
ORD-14623,4/12/2023,4/26/2023,CID-4747,Loyalty Member,Kano,South,Henry Wilson,WHOLESALE,Clothing,Sports Socks 3pk,7,12.9,20,72.24,60.94,Completed,4,0
ORD-14723,4/8/2024,4/9/2024,CID-3007,B2B,Abuja,North,Alice Johnson,Mobile App,Home & garden,Throw Pillow Set,2,54.71,5,103.95,66.16,Completed,5,0
ORD-15963,9/5/2023,9/8/2023,CID-1322,B2B,Enugu,West,Emma Brown,Online,Electronics,Portable Charger,3,43.63,0,130.89,85.66,Completed,5,0
ORD-11396,8/1/2023,NULL,CID-4785,Loyalty Member,Dakar,Central,Alice Johnson,Online,Sports,Resistance Bands Set,2,25.22,0,50.44,31.72,Completed,5,0
ORD-10465,4/26/2022,4/28/2022,CID-4341,Loyalty Member,Enugu,Central,Emma Brown,In-Store,Electronics,Webcam HD,8,79.94,5,607.54,408.4,Pending,NULL,0
ORD-11003,5/28/2023,NULL,CID-1499,B2B,Kaduna,West,Nathan Harris,Online,Electronics,Portable Charger,7,39.51,0,276.57,137.01,Disputed,5,0
ORD-15434,9/22/2024,9/27/2024,CID-1175,B2B,Abuja,West,Carol White,Online,Beauty,Face Serum,8,59.61,30,333.82,251.11,Completed,4,0
ORD-13126,11/8/2022,11/9/2022,CID-1133,VIP,Cairo,North,Henry Wilson,In-Store,Electronics,Smart Watch,9,248.45,20,1788.84,1057.83,Completed,5,0
ORD-13141,9/9/2022,NULL,CID-2239,B2B,Addis Ababa,Central,Liam Moore,Phone Order,Home & garden,Smart Plug 4pk,6,42.62,5,242.93,142.9,Pending,5,0
ORD-13951,9/17/2023,NULL,CID-2326,Retail,Kano,North,Karen Davis,Phone Order,Electronics,USB-C Hub,1,47.28,25,35.46,23.98,Completed,5,0
ORD-10866,1/16/2024,1/23/2024,CID-4473,Loyalty Member,Cairo,North,Karen Davis,In-Store,Sports,Jump Rope,3,15.01,25,33.77,21.28,Disputed,3,0
ORD-14061,10/14/2024,10/17/2024,CID-2627,B2B,Port Harcourt,Central,Liam Moore,In-Store,Home & garden,Air Purifier,10,180.46,15,1533.91,1119.7,Completed,NULL,0
ORD-15780,4/4/2022,4/9/2022,CID-1544,B2B,Ibadan,North,Henry Wilson,In-Store,Beauty,Electric Toothbrush,6,90.18,15,459.92,323.88,Completed,NULL,0
ORD-10641,9/16/2023,NULL,CID-4423,B2B,Abuja,Central,Alice Johnson,In-Store,Beauty,Perfume 50ml,8,82.93,10,597.1,313.55,Pending,4,0
ORD-15227,11/8/2023,11/10/2023,CID-2124,B2B,Benin City,Central,Karen Davis,Online,Beauty,Face Mask Pack,9,15.71,15,120.18,71.17,Completed,4,0
ORD-15581,11/7/2024,NULL,CID-1952,Retail,Cairo,Central,Grace Chen,In-Store,Home & garden,Plant Pot Set,5,31.16,5,148.01,80.17,Completed,3,0
ORD-15519,1/24/2024,1/25/2024,CID-2684,Retail,Abuja,Central,Emma Brown,Mobile App,Clothing,Men's Polo Shirt,3,32.32,10,87.26,63.92,Completed,NULL,0
ORD-14042,6/6/2022,NULL,CID-1346,Retail,Abuja,South,Bob Smith,In-Store,Home & garden,Desk Lamp,4,41.61,25,124.83,82.71,Completed,NULL,0
ORD-14430,4/10/2023,4/11/2023,CID-3292,Retail,Port Harcourt,West,Olivia Clark,Mobile App,Home & garden,Wall Clock,8,38.4,0,307.2,99,Pending,4,0
ORD-11747,9/20/2022,9/23/2022,CID-2391,New Customer,Cairo,North,Henry Wilson,Wholesale,Beauty,Eye Cream,9,62.56,0,563.04,334.66,Completed,NULL,0
ORD-11392,9/21/2022,NULL,CID-2259,B2B,Abuja,South,Liam Moore,In-Store,Home & garden,Desk Lamp,5,48.3,0,241.5,115.84,Completed,5,0
ORD-11822,5/12/2023,NULL,CID-3584,Retail,Johannesburg,North,Olivia Clark,Wholesale,Beauty,Nail Polish Kit,1,22.56,20,18.05,14.3,Returned,3,1
ORD-12075,8/10/2024,8/11/2024,CID-4757,New Customer,Casablanca,North,Carol White,Online,Electronics,Bluetooth Speaker,8,125.13,25,750.78,675.73,Disputed,5,0
ORD-15880,12/10/2022,12/13/2022,CID-1788,B2B,Lagos,South,Carol White,In-Store,Sports,Gym Bag,3,73.37,0,220.11,100.84,Returned,3,1
ORD-12248,2/14/2023,2/16/2023,CID-3780,B2B,Johannesburg,East,Henry Wilson,Mobile App,Electronics,Smart Watch,6,263.84,0,1583.04,861.82,Completed,3,0
ORD-12668,12/3/2023,NULL,CID-4202,Retail,Accra,Central,NULL,Online,Home & garden,Wall Clock,9,39.86,25,269.06,221.34,Completed,NULL,0
ORD-14919,3/23/2022,NULL,CID-2895,VIP,Nairobi,West,Liam Moore,In-Store,Beauty,Nail Polish Kit,6,20.56,5,117.19,57.9,Completed,NULL,0
ORD-10451,4/24/2022,4/29/2022,CID-2871,Loyalty Member,Benin City,South,Iris Park,MOBILE APP,Beauty,Shampoo & Conditioner,4,24.56,25,73.68,56.74,Completed,4,0
ORD-12564,7/11/2024,7/25/2024,CID-3434,B2B,Port Harcourt,East,James Turner,Wholesale,Beauty,Electric Toothbrush,5,79.78,15,339.06,223.85,Completed,NULL,0
ORD-11158,2/18/2023,2/19/2023,CID-4272,Loyalty Member,Port Harcourt,West,Iris Park,Online,Clothing,Winter Jacket,3,139.53,0,418.59,192.28,Completed,4,0
ORD-15967,8/21/2024,8/22/2024,CID-4515,VIP,Benin City,East,Liam Moore,Mobile App,Clothing,Winter Jacket,10,163.77,10,1473.93,1135.79,Returned,2,1
ORD-15981,1/24/2023,2/7/2023,CID-1098,Loyalty Member,Lagos,South,Liam Moore,Mobile App,Beauty,Nail Polish Kit,7,19.76,25,103.74,64.92,Pending,NULL,0
ORD-13453,1/16/2024,1/18/2024,CID-2332,Retail,Enugu,West,Emma Brown,Online,Sports,Foam Roller,10,35.37,5,336.01,162.5,Completed,5,0
ORD-11762,5/6/2024,5/11/2024,CID-1532,VIP,Kaduna,North,Grace Chen,In-Store,Home & garden,Scented Candle,7,25.23,0,176.61,85.18,Pending,5,0
ORD-11752,10/12/2022,NULL,CID-4742,New Customer,Kaduna,East,James Turner,Phone Order,Home & garden,Smart Plug 4pk,10,40.81,0,408.1,186.93,Completed,NULL,0
ORD-15673,10/26/2024,11/9/2024,CID-2784,VIP,Kano,Central,Iris Park,Wholesale,Sports,Foam Roller,1,35.23,0,35.23,16.59,Completed,1,0
ORD-12736,1/3/2023,NULL,CID-3984,Retail,NULL,South,Alice Johnson,Mobile App,Beauty,Lipstick Set,4,48.05,5,182.59,123.67,Completed,5,0
ORD-12520,3/27/2024,3/29/2024,CID-2667,New Customer,Cairo,East,Emma Brown,Online,Clothing,Casual Sneakers,5,74.64,0,373.2,230.59,Completed,3,0
ORD-13544,1/16/2022,1/18/2022,CID-1240,Loyalty Member,Enugu,East,Alice Johnson,In-Store,Home & garden,Air Purifier,6,184.74,15,942.17,738.24,Completed,5,0
ORD-14078,11/7/2022,11/8/2022,CID-2524,Loyalty Member,Cairo,South,Mia Scott,Online,Sports,Water Bottle 1L,3,24.1,0,72.3,34.05,Returned,2,1
ORD-13943,10/27/2023,11/1/2023,CID-1859,B2B,Johannesburg,East,Carol White,In-Store,Beauty,Perfume 50ml,9,81.29,10,658.45,416.74,Disputed,3,0
ORD-12109,7/31/2022,8/1/2022,CID-1502,VIP,Ibadan,West,Olivia Clark,Phone Order,Home & garden,Air Purifier,3,207.26,0,621.78,369.86,Completed,3,0
ORD-13487,1/14/2024,1/21/2024,CID-2552,Loyalty Member,Lagos,East,Henry Wilson,In-Store,Clothing,Running Shoes,6,108.82,25,489.69,336.31,Completed,5,0
ORD-15594,7/31/2023,8/1/2023,CID-1092,New Customer,Kaduna,East,Nathan Harris,In-Store,Electronics,USB-C Hub,8,44.54,20,285.06,210.01,Disputed,5,0
ORD-11592,11/29/2023,NULL,CID-4646,Loyalty Member,Ibadan,South,Alice Johnson,Online,Sports,Jump Rope,4,15.05,0,60.2,31.79,Cancelled,4,0
ORD-13302,3/10/2024,3/13/2024,CID-4875,VIP,Dakar,West,Carol White,Wholesale,Clothing,Women's Blazer,5,77.84,10,350.28,260.13,Returned,1,1
ORD-11482,12/12/2022,12/13/2022,CID-3459,Retail,Enugu,West,James Turner,Mobile App,Sports,Water Bottle 1L,2,20.01,25,30.02,25.03,Completed,3,0
ORD-10564,9/27/2024,9/29/2024,CID-4259,VIP,Lagos,North,James Turner,Online,Beauty,Eye Cream,7,63.35,25,332.59,292.67,Returned,4,1
ORD-12750,2/6/2024,2/13/2024,CID-3893,B2B,Accra,South,Olivia Clark,Mobile App,Clothing,Denim Jeans,6,72.26,0,433.56,294.02,Cancelled,NULL,0
ORD-15536,8/26/2023,8/27/2023,CID-3098,VIP,Kaduna,West,Grace Chen,In-Store,Clothing,Winter Jacket,NULL,151.69,10,409.56,302.47,Returned,4,1
ORD-14073,11/27/2023,11/28/2023,CID-1913,Retail,Lagos,South,David Lee,Online,Electronics,Bluetooth Speaker,5,102.97,30,360.39,317.77,Returned,4,1
ORD-13961,1/14/2023,1/15/2023,CID-4322,VIP,Port Harcourt,West,Mia Scott,Online,Beauty,Electric Toothbrush,10,83.75,15,711.88,480.86,Completed,NULL,0
ORD-12259,4/18/2023,4/19/2023,CID-1092,VIP,Addis Ababa,Central,Iris Park,Wholesale,Electronics,Wireless Earbuds,3,83.61,30,175.58,120.27,Completed,4,0
ORD-13829,3/12/2024,3/14/2024,N/A,Loyalty Member,Lagos,East,Bob Smith,Mobile App,Electronics,Mechanical Keyboard,4,150.09,20,480.29,289.67,Completed,3,0
ORD-14822,12/2/2023,12/4/2023,CID-2325,Loyalty Member,Nairobi,West,Alice Johnson,Mobile App,Beauty,Nail Polish Kit,6,18.97,0,113.82,58.87,Completed,2,0
ORD-11150,12/26/2023,12/27/2023,CID-2389,Loyalty Member,Dakar,South,Emma Brown,Online,Sports,Yoga Mat,4,38.15,15,129.71,102.55,Disputed,3,0
ORD-12149,1/26/2024,NULL,CID-2063,Retail,Abuja,Central,Alice Johnson,Online,Beauty,Electric Toothbrush,3,77.12,0,231.36,156.3,Pending,NULL,0
ORD-11864,10/24/2022,NULL,CID-3047,B2B,Nairobi,East,Nathan Harris,IN-STORE,Clothing,Women's Blazer,7,90.02,0,630.14,356.12,Returned,4,1
ORD-12117,11/9/2022,11/11/2022,CID-1120,B2B,Abuja,East,Bob Smith,In-Store,Electronics,USB-C Hub,10,45.49,0,454.9,263.61,Completed,NULL,0
ORD-12263,11/26/2024,12/3/2024,CID-3533,Retail,Nairobi,Central,Emma Brown,Mobile App,Home & garden,Air Purifier,3,173.61,10,468.75,309.29,Completed,5,0
ORD-13420,11/23/2023,NULL,CID-3578,Retail,Ibadan,Central,Iris Park,Phone Order,Beauty,Perfume 50ml,9,78.34,10,634.55,369.83,Completed,5,0
ORD-10243,4/16/2024,4/17/2024,CID-2246,Retail,Abuja,South,Alice Johnson,Online,Home & garden,Throw Pillow Set,2,61.75,25,92.62,64.91,Disputed,4,0
ORD-13633,11/12/2024,11/13/2024,CID-4727,VIP,Casablanca,West,Frank Miller,Online,Home & garden,Desk Lamp,4,50.65,0,202.6,107.44,Completed,NULL,0
ORD-13768,10/6/2022,10/9/2022,CID-1667,Loyalty Member,Enugu,West,Carol White,Phone Order,Home & garden,Scented Candle,5,21.73,0,108.65,54.63,Pending,4,0
ORD-13897,5/9/2023,5/10/2023,CID-4474,New Customer,Kaduna,North,Liam Moore,Wholesale,Clothing,Denim Jeans,5,73.76,5,350.36,169.16,Returned,1,1
ORD-16010,4/10/2022,4/24/2022,CID-4817,Retail,Port Harcourt,West,David Lee,Phone Order,Beauty,Electric Toothbrush,5,95.87,5,455.38,226.42,Completed,5,0
ORD-12533,2/17/2022,NULL,CID-1961,Loyalty Member,Port Harcourt,East,NULL,Mobile App,Clothing,Running Shoes,10,112.14,15,953.19,621.09,Completed,5,0
ORD-15828,6/22/2022,6/27/2022,CID-2545,VIP,Abuja,East,NULL,Wholesale,Beauty,Nail Polish Kit,8,22.31,5,169.56,94.87,Completed,1,0
ORD-13887,7/1/2022,7/4/2022,CID-4218,B2B,Addis Ababa,South,Emma Brown,In-Store,Clothing,Running Shoes,7,107.82,0,754.74,497,Completed,5,0
ORD-10619,4/3/2023,NULL,CID-1282,VIP,NULL,Central,Alice Johnson,Mobile App,Electronics,Bluetooth Speaker,2,126.24,30,176.74,116.94,Pending,NULL,0
ORD-15502,6/19/2023,6/22/2023,CID-3962,VIP,Enugu,East,Bob Smith,In-Store,Beauty,Face Serum,2,56.18,30,78.65,66.61,Cancelled,4,0
ORD-10921,2/27/2024,3/3/2024,CID-2173,Loyalty Member,Lagos,Central,Karen Davis,Phone Order,Electronics,Wireless Earbuds,5,85.55,5,406.36,257.62,Returned,3,1
ORD-13438,8/1/2024,8/8/2024,CID-2445,Loyalty Member,Ibadan,West,David Lee,In-Store,Home & garden,Smart Plug 4pk,5,36.19,10,162.85,105.11,Cancelled,3,0
ORD-11409,7/28/2022,8/11/2022,CID-4994,B2B,Nairobi,South,Bob Smith,Wholesale,Electronics,Wireless Earbuds,3,86.35,20,207.24,154.82,Completed,5,0
ORD-10807,10/22/2023,NULL,CID-4751,B2B,Ibadan,West,Grace Chen,Phone Order,Clothing,Running Shoes,2,115.2,20,184.32,138.59,Returned,5,1
ORD-15155,1/11/2022,1/16/2022,CID-4078,B2B,Abuja,South,Carol White,Wholesale,Clothing,Running Shoes,7,113.44,20,635.26,451.6,Completed,4,0
ORD-12418,8/5/2024,8/7/2024,CID-1672,New Customer,Lagos,East,Olivia Clark,In-Store,Home & garden,Throw Pillow Set,10,55.32,15,470.22,283.69,Completed,5,0
ORD-11274,11/19/2023,11/20/2023,CID-4102,VIP,Accra,North,Emma Brown,In-Store,Sports,Protein Powder 1kg,6,59.36,5,338.35,213.08,Completed,3,0
ORD-12621,11/14/2023,11/16/2023,CID-4062,B2B,Abuja,East,Emma Brown,Phone Order,Beauty,Electric Toothbrush,3,84.19,15,214.68,142.75,Pending,5,0
ORD-10380,9/22/2022,9/27/2022,CID-4405,B2B,Ibadan,Central,Olivia Clark,Online,Beauty,Nail Polish Kit,3,20.84,30,43.76,30.98,Completed,3,0
ORD-15583,4/8/2022,4/13/2022,CID-4628,VIP,Dakar,South,Nathan Harris,Online,Clothing,Sports Socks 3pk,8,13.15,20,84.16,66.12,Completed,5,0
ORD-14952,9/16/2023,9/30/2023,CID-1928,Retail,Kaduna,South,Nathan Harris,IN-STORE,Clothing,Women's Blazer,6,85.48,30,359.02,321.22,Completed,5,0
ORD-10015,8/4/2024,NULL,CID-1899,Retail,Kano,East,Olivia Clark,Phone Order,Clothing,Winter Jacket,2,146.49,0,292.98,149.77,Returned,1,1
ORD-11062,2/21/2024,2/22/2024,CID-2425,New Customer,Kaduna,North,Olivia Clark,Wholesale,Beauty,Lipstick Set,8,43.2,0,345.6,181.47,Pending,2,0
ORD-10158,1/28/2023,1/30/2023,CID-4113,VIP,Abuja,West,Emma Brown,Phone Order,Clothing,Sports Socks 3pk,2,17.03,30,23.84,21.2,Completed,4,0
ORD-12750,2/6/2024,2/13/2024,CID-3893,B2B,Accra,South,Olivia Clark,Mobile App,Clothing,Denim Jeans,6,72.26,0,433.56,294.02,Cancelled,3,0
ORD-15898,11/4/2022,11/5/2022,CID-3992,Retail,Abuja,South,NULL,In-Store,Electronics,Smart Watch,9,234.97,25,1586.05,1313.66,Returned,NULL,1
ORD-15410,2/2/2022,2/7/2022,CID-1469,New Customer,Nairobi,South,Karen Davis,Phone Order,Sports,Swim Goggles,8,29.5,0,236,112.52,Pending,3,0
ORD-12416,8/29/2022,9/3/2022,CID-3140,VIP,Nairobi,East,Liam Moore,Wholesale,Clothing,Formal Dress,3,117.05,30,245.8,158.83,Completed,3,0
ORD-14756,10/27/2024,11/3/2024,CID-2996,Loyalty Member,Accra,North,Mia Scott,Mobile App,Clothing,Men's Polo Shirt,4,32.9,25,98.7,87.19,Completed,5,0
ORD-14140,7/25/2024,7/28/2024,CID-2441,Loyalty Member,Ibadan,West,Emma Brown,Phone Order,Electronics,Mechanical Keyboard,10,158.26,20,1266.08,934.7,Returned,5,1
ORD-14933,10/10/2023,10/11/2023,CID-2885,New Customer,Dakar,West,Henry Wilson,Wholesale,Home & garden,Scented Candle,5,24.78,25,92.93,63.27,Completed,NULL,0
ORD-11604,9/24/2022,9/29/2022,CID-2512,New Customer,Nairobi,South,Henry Wilson,Online,Electronics,Smart Watch,7,217.77,20,1219.51,709.68,Returned,NULL,1
ORD-15938,7/13/2023,7/18/2023,CID-3356,B2B,Dakar,East,Carol White,In-Store,Sports,Water Bottle 1L,4,22.73,15,77.28,63.3,Completed,5,0
ORD-13811,6/19/2022,7/3/2022,CID-4690,Loyalty Member,Enugu,South,Carol White,Mobile App,Clothing,Sports Socks 3pk,5,15.82,0,79.1,55.33,Completed,1,0
ORD-14543,10/15/2023,10/17/2023,CID-2031,B2B,Johannesburg,Central,Karen Davis,Mobile App,Clothing,Casual Sneakers,3,88.52,20,212.45,137.7,Completed,1,0
ORD-10602,3/26/2024,4/2/2024,CID-4142,New Customer,Abuja,East,Karen Davis,Phone Order,Electronics,Wireless Earbuds,1,81.41,10,73.27,55.41,Completed,NULL,0
ORD-14865,6/21/2022,6/26/2022,CID-1405,VIP,Addis Ababa,West,Carol White,Online,Electronics,Laptop Pro 15,9,1226.61,0,11039.49,5356.11,Completed,5,0
ORD-12832,12/22/2024,1/5/2025,CID-4223,Retail,Lagos,North,Karen Davis,Online,Beauty,Electric Toothbrush,3,80.31,25,180.7,164.62,Completed,1,0
ORD-14599,10/23/2024,NULL,CID-2837,Retail,Port Harcourt,West,James Turner,Wholesale,Clothing,Winter Jacket,6,157.22,20,754.66,612.25,Completed,5,0
ORD-13663,3/1/2022,3/8/2022,CID-4145,B2B,NULL,West,Mia Scott,WHOLESALE,Home & garden,Scented Candle,6,23.69,25,106.61,76.04,Completed,NULL,0
ORD-11114,7/18/2024,7/25/2024,CID-1369,B2B,Johannesburg,South,Olivia Clark,Mobile App,Clothing,Running Shoes,7,104.17,20,583.35,332.68,Completed,2,0
ORD-12996,11/30/2022,12/1/2022,CID-2747,B2B,Dakar,East,James Turner,Wholesale,Home & garden,Air Purifier,9,179.53,25,1211.83,909.57,Completed,2,0
ORD-15469,6/29/2022,7/6/2022,CID-4164,New Customer,Cairo,North,Henry Wilson,Phone Order,Sports,Protein Powder 1kg,5,48.8,25,183,121.55,Disputed,NULL,0
ORD-15507,3/7/2022,3/14/2022,CID-3877,New Customer,Cairo,Central,James Turner,In-Store,Home & garden,Smart Plug 4pk,10,39.58,30,277.06,240.41,Completed,4,0
ORD-12676,4/9/2023,NULL,CID-2736,VIP,Lagos,South,Iris Park,Phone Order,Sports,Protein Powder 1kg,6,48.4,0,290.4,142.71,Pending,5,0
ORD-15260,5/6/2022,NULL,CID-2518,New Customer,Abuja,East,Carol White,Phone Order,Beauty,Electric Toothbrush,5,74.03,15,314.63,200.9,Pending,4,0
ORD-11019,1/24/2023,1/31/2023,CID-2325,VIP,Dakar,South,Iris Park,Wholesale,Electronics,Mechanical Keyboard,8,149.21,30,835.58,745.17,Returned,NULL,1
ORD-11304,3/19/2023,3/26/2023,CID-2529,B2B,Cairo,West,Carol White,Mobile App,Clothing,Women's Blazer,8,77.1,25,462.6,344.77,Completed,5,0
ORD-13261,8/25/2022,NULL,CID-1941,Loyalty Member,Dakar,South,Olivia Clark,Online,Beauty,Perfume 50ml,7,74.21,30,363.63,245.58,Returned,2,1
ORD-10362,7/2/2024,7/9/2024,CID-2439,VIP,Nairobi,West,Carol White,Mobile App,Home & garden,Smart Plug 4pk,2,37.94,0,75.88,39.75,Completed,5,0
ORD-12480,10/13/2022,10/15/2022,CID-4974,B2B,Casablanca,East,Mia Scott,Online,Clothing,Running Shoes,5,100.05,30,350.17,346.73,Completed,5,0
ORD-13455,5/9/2024,5/14/2024,CID-4271,VIP,Lagos,Central,Bob Smith,In-Store,Electronics,USB-C Hub,3,46.61,15,118.86,70.42,Completed,1,0
ORD-13489,5/9/2023,5/23/2023,CID-3250,New Customer,NULL,North,Grace Chen,Online,Sports,Resistance Bands Set,9,24.12,25,162.81,133.38,Pending,NULL,0
ORD-15909,11/2/2022,11/9/2022,CID-4405,B2B,Casablanca,West,Nathan Harris,Online,Sports,Protein Powder 1kg,9,48.83,15,373.55,222.68,Completed,5,0
ORD-13963,7/3/2022,7/5/2022,CID-3341,New Customer,Addis Ababa,East,Bob Smith,In-Store,Electronics,Wireless Earbuds,10,78.22,25,586.65,494.54,Completed,NULL,0
ORD-11236,12/26/2024,12/28/2024,CID-2943,Loyalty Member,Dakar,West,Karen Davis,Mobile App,Beauty,Eye Cream,5,69.8,25,261.75,222.7,Completed,5,0
ORD-13837,5/13/2023,5/14/2023,CID-1362,New Customer,Kano,South,Olivia Clark,Online,Clothing,Men's Polo Shirt,9,39.34,30,247.84,204.51,Completed,3,0
ORD-10320,11/4/2023,NULL,CID-1382,New Customer,Accra,South,Karen Davis,Phone Order,Home & garden,Scented Candle,3,20.74,0,62.22,33.86,Completed,5,0
ORD-14258,6/6/2022,6/7/2022,CID-4927,B2B,Enugu,North,James Turner,Mobile App,Beauty,Perfume 50ml,5,82.13,0,410.65,254.91,Pending,NULL,0
ORD-13902,7/9/2023,7/14/2023,CID-4182,Retail,Kaduna,West,Olivia Clark,Phone Order,Home & garden,Throw Pillow Set,7,56.06,15,333.56,273.82,Completed,4,0
ORD-10070,12/16/2023,12/17/2023,CID-1646,Loyalty Member,Johannesburg,South,Frank Miller,Wholesale,Sports,Resistance Bands Set,2,22.85,30,31.99,23.59,Completed,NULL,0
ORD-13532,4/14/2023,4/19/2023,CID-1781,VIP,Accra,North,Carol White,Wholesale,Sports,Foam Roller,3,41.69,25,93.8,80.56,Completed,5,0
ORD-13179,12/2/2024,NULL,CID-2939,Loyalty Member,Johannesburg,North,James Turner,In-Store,Electronics,Bluetooth Speaker,8,106.83,0,854.64,405.09,Completed,5,0
ORD-11642,4/13/2024,4/14/2024,CID-3594,Retail,Ibadan,West,Alice Johnson,Mobile App,Sports,Gym Bag,2,60.77,10,109.39,68.82,Completed,NULL,0
ORD-14710,2/23/2023,3/2/2023,CID-1623,Loyalty Member,Benin City,Central,Henry Wilson,Wholesale,Clothing,Men's Polo Shirt,5,32.04,0,160.2,76.82,Pending,3,0
ORD-13885,4/6/2023,4/13/2023,CID-2238,New Customer,Port Harcourt,West,Frank Miller,Online,Beauty,Face Mask Pack,4,18.57,10,66.85,36.93,Completed,NULL,0
ORD-11109,5/19/2023,5/26/2023,CID-3284,Retail,Kano,Central,Grace Chen,Online,Sports,Resistance Bands Set,8,27.45,25,164.7,101.15,Completed,4,0
ORD-11342,8/21/2023,8/23/2023,CID-4419,VIP,Kaduna,North,Alice Johnson,In-Store,Clothing,Formal Dress,6,117.98,20,566.3,432.64,Pending,NULL,0
ORD-12538,8/16/2023,8/18/2023,CID-3253,B2B,Kaduna,South,Mia Scott,Mobile App,Electronics,Wireless Earbuds,7,81.29,5,540.58,271.8,Completed,NULL,0
ORD-13283,7/6/2023,7/13/2023,CID-3708,VIP,Dakar,South,Frank Miller,Wholesale,Beauty,Face Mask Pack,10,16.57,0,165.7,80.75,Completed,NULL,0
ORD-10678,6/28/2023,7/12/2023,CID-1392,Loyalty Member,Accra,East,Emma Brown,In-Store,Electronics,Wireless Earbuds,6,101.67,5,579.52,336.93,Completed,5,0
ORD-12453,6/26/2022,7/3/2022,CID-4760,Retail,Port Harcourt,West,Bob Smith,Online,Home & garden,Plant Pot Set,9,26.56,15,203.18,135.43,Completed,5,0
ORD-12237,9/17/2024,9/22/2024,CID-3359,Loyalty Member,Casablanca,West,James Turner,In-Store,Beauty,Lipstick Set,5,47.34,10,213.03,110.55,Returned,NULL,1
ORD-15871,6/25/2024,6/30/2024,CID-2534,B2B,Nairobi,West,Henry Wilson,Phone Order,Clothing,Casual Sneakers,9,68.81,25,464.47,397.51,Completed,NULL,0
ORD-12167,6/22/2022,6/25/2022,CID-2625,Loyalty Member,Enugu,West,David Lee,In-Store,Home & garden,Coffee Maker,8,97.59,30,546.5,403.16,Completed,1,0
ORD-10367,1/30/2024,2/2/2024,CID-3350,VIP,Kaduna,West,Mia Scott,Online,Home & garden,Smart Plug 4pk,7,41.26,0,288.82,179,Completed,5,0
ORD-11115,11/13/2024,11/20/2024,CID-2558,B2B,Addis Ababa,South,Grace Chen,Phone Order,Electronics,Mechanical Keyboard,6,160.14,0,960.84,524.64,Completed,5,0
ORD-13881,1/12/2024,NULL,CID-2175,VIP,Ibadan,North,Emma Brown,Phone Order,Clothing,Casual Sneakers,3,81.69,0,245.07,159.55,Cancelled,1,0
ORD-11056,7/20/2023,7/27/2023,CID-4792,Retail,Lagos,Central,Iris Park,Phone Order,Home & garden,Throw Pillow Set,4,47.11,15,160.17,123.52,Completed,5,0
ORD-14835,3/4/2023,3/5/2023,CID-3404,Loyalty Member,Cairo,Central,Olivia Clark,In-Store,Electronics,Portable Charger,10,36.28,25,272.1,217.23,Returned,5,1
ORD-10965,2/12/2023,2/19/2023,CID-1714,VIP,Enugu,Central,Karen Davis,Phone Order,Sports,Jump Rope,6,14.6,0,87.6,47.11,Disputed,NULL,0
ORD-10877,6/9/2022,6/16/2022,CID-3115,VIP,Benin City,East,Grace Chen,In-Store,Sports,Protein Powder 1kg,7,52.78,20,295.57,226.6,Completed,5,0
ORD-13592,8/22/2022,8/29/2022,CID-1274,VIP,Port Harcourt,West,Mia Scott,Online,Beauty,Lipstick Set,4,44.14,30,123.59,105.72,Returned,5,1
ORD-13744,10/26/2023,10/27/2023,CID-2101,New Customer,Lagos,West,James Turner,Phone Order,Electronics,Wireless Earbuds,4,75.69,10,272.48,170.08,Cancelled,NULL,0
ORD-15960,9/25/2024,10/9/2024,CID-2328,New Customer,Lagos,North,Frank Miller,Wholesale,Electronics,Smart Watch,4,236.05,0,944.2,618.18,Completed,NULL,0
ORD-12888,8/16/2023,8/18/2023,CID-4291,New Customer,Lagos,South,Iris Park,Mobile App,Electronics,Bluetooth Speaker,2,136.31,0,272.62,170.8,Completed,NULL,0
ORD-13385,10/4/2024,10/18/2024,CID-4780,B2B,Nairobi,West,Olivia Clark,Mobile App,Clothing,Sports Socks 3pk,1,16.34,30,11.44,10.4,Completed,NULL,0
ORD-15047,10/23/2022,11/6/2022,CID-2591,VIP,Enugu,Central,Nathan Harris,In-Store,Sports,Jump Rope,8,13.58,20,86.91,66.34,Cancelled,5,0
ORD-11943,11/10/2023,11/11/2023,CID-4884,VIP,Abuja,South,Karen Davis,In-Store,Electronics,USB-C Hub,5,40.05,0,200.25,111.19,Completed,5,0
ORD-14771,7/7/2024,7/8/2024,CID-3117,VIP,Addis Ababa,South,NULL,Mobile App,Sports,Jump Rope,1,14.43,0,14.43,9.43,Completed,1,0
ORD-12079,5/30/2024,6/4/2024,CID-4555,New Customer,Ibadan,South,Alice Johnson,In-Store,Home & garden,Coffee Maker,10,86,20,688,560.83,Completed,4,0
ORD-11097,8/31/2022,9/2/2022,CID-3978,VIP,Addis Ababa,East,Nathan Harris,In-Store,Beauty,Lipstick Set,10,39.7,0,397,233.97,Completed,5,0
ORD-15256,2/19/2023,2/20/2023,CID-2396,New Customer,Port Harcourt,South,Mia Scott,Phone Order,Beauty,Eye Cream,10,55.33,5,525.63,370.02,Completed,5,0
ORD-15236,7/30/2022,8/4/2022,CID-3645,New Customer,Johannesburg,Central,Iris Park,Phone Order,Home & garden,Coffee Maker,2,88.75,0,177.5,100.4,Returned,2,1
ORD-10060,9/3/2022,9/10/2022,CID-1162,New Customer,Cairo,South,James Turner,Phone Order,Electronics,Smart Watch,2,262.09,0,524.18,266.7,Completed,NULL,0
ORD-11885,5/11/2022,5/25/2022,CID-4329,New Customer,Accra,Central,Carol White,Mobile App,Beauty,Eye Cream,7,66.39,10,418.26,220.68,Returned,NULL,1
ORD-14579,8/7/2024,8/8/2024,CID-2565,Retail,Kaduna,North,James Turner,In-Store,Home & garden,Throw Pillow Set,9,48.97,0,440.73,231.15,Pending,1,0
ORD-12065,6/13/2023,6/18/2023,CID-3663,Retail,Nairobi,East,Mia Scott,Mobile App,Home & garden,Smart Plug 4pk,2,36.15,0,72.3,46.49,Pending,5,0
ORD-11563,1/8/2024,NULL,CID-3547,Retail,Cairo,West,Mia Scott,In-Store,Beauty,Lipstick Set,5,47.79,20,191.16,157.29,Completed,5,0
ORD-13659,2/20/2022,2/27/2022,CID-2223,Loyalty Member,Ibadan,Central,Emma Brown,In-Store,Home & garden,Smart Plug 4pk,6,38.55,0,231.3,104.53,Completed,3,0
ORD-15293,10/12/2022,NULL,CID-1599,B2B,Ibadan,West,Grace Chen,Wholesale,Clothing,Men's Polo Shirt,4,39.65,0,158.6,109.03,Cancelled,5,0
ORD-11961,11/10/2024,11/15/2024,CID-2102,VIP,Johannesburg,North,NULL,Online,Beauty,Perfume 50ml,4,71.31,5,270.98,162.53,Completed,NULL,0
ORD-13910,8/9/2023,8/10/2023,CID-3390,B2B,Kaduna,East,Karen Davis,Phone Order,Sports,Resistance Bands Set,5,24.14,0,120.7,82.47,Completed,NULL,0
ORD-15075,7/20/2022,7/27/2022,CID-1554,New Customer,Cairo,East,Olivia Clark,Online,Electronics,Wireless Earbuds,8,81.08,0,648.64,313.82,Completed,NULL,0
ORD-10188,7/24/2023,NULL,CID-4969,VIP,Kaduna,Central,Grace Chen,MOBILE APP,Sports,Yoga Mat,3,35.2,25,79.2,59.19,Completed,5,0
ORD-10810,11/15/2024,11/18/2024,CID-3915,Loyalty Member,Cairo,Central,Nathan Harris,Wholesale,Home & garden,Wall Clock,3,37.01,0,111.03,69.39,Returned,4,1
ORD-10342,2/27/2022,3/2/2022,CID-4241,Retail,Ibadan,North,Nathan Harris,WHOLESALE,Sports,Foam Roller,4,43.64,20,139.65,94.91,Completed,NULL,0
ORD-10842,6/14/2023,6/19/2023,CID-2773,New Customer,Cairo,West,Henry Wilson,Mobile App,Electronics,Smart Watch,5,216.91,30,759.18,710.82,Completed,2,0
ORD-11569,4/14/2022,4/19/2022,CID-4992,Loyalty Member,Nairobi,West,Nathan Harris,Online,Sports,Jump Rope,3,15.47,30,32.49,22.09,Completed,2,0
ORD-13348,5/13/2022,NULL,CID-1744,New Customer,Ibadan,East,Emma Brown,Phone Order,Electronics,Laptop Pro 15,9,1377.55,15,10538.26,7379.4,Pending,NULL,0
ORD-10760,2/14/2023,NULL,CID-4985,New Customer,Ibadan,East,Nathan Harris,Phone Order,Electronics,Wireless Earbuds,5,96.6,0,483,277.45,Completed,3,0
ORD-14246,4/1/2024,4/8/2024,CID-1991,Retail,Johannesburg,South,David Lee,Wholesale,Beauty,Lipstick Set,8,38.43,0,307.44,165.15,Cancelled,NULL,0
ORD-14356,5/16/2023,5/21/2023,CID-3143,VIP,Abuja,North,NULL,Online,Sports,Jump Rope,4,14.71,5,55.9,39.57,Pending,NULL,0
ORD-13785,6/19/2022,6/21/2022,CID-2361,VIP,Casablanca,North,Alice Johnson,Wholesale,Sports,Protein Powder 1kg,8,60.03,5,456.23,313.47,Completed,NULL,0
ORD-15510,3/18/2023,3/25/2023,CID-2854,B2B,Abuja,West,David Lee,MOBILE APP,Electronics,Webcam HD,7,68.68,30,336.53,321.79,Completed,NULL,0
ORD-11073,3/20/2024,4/3/2024,CID-3523,Loyalty Member,Kano,Central,David Lee,Phone Order,Sports,Gym Bag,3,69.6,0,208.8,104.3,Disputed,4,0
ORD-12001,1/28/2022,NULL,CID-3221,VIP,Dakar,North,NULL,Online,Electronics,Smart Watch,4,231.64,0,926.56,634.37,Returned,NULL,1
ORD-14458,6/10/2024,NULL,CID-2731,New Customer,Port Harcourt,East,Mia Scott,Wholesale,Clothing,Denim Jeans,7,58.24,0,407.68,263.64,Cancelled,1,0
ORD-12142,4/30/2024,NULL,CID-4087,Retail,Accra,East,Emma Brown,Wholesale,Sports,Yoga Mat,6,30.48,0,182.88,86.64,Completed,5,0
ORD-11778,6/15/2024,6/17/2024,CID-4447,Retail,NULL,West,Nathan Harris,Wholesale,Beauty,Shampoo & Conditioner,2,29.32,30,41.05,36.85,Completed,NULL,0
ORD-10210,5/5/2023,NULL,CID-1178,New Customer,Johannesburg,West,David Lee,Mobile App,Sports,Gym Bag,8,77.76,15,528.77,432.47,Completed,5,0
ORD-12550,4/17/2024,4/18/2024,CID-1681,New Customer,Cairo,East,James Turner,In-Store,Clothing,Running Shoes,10,126.46,30,885.22,758.62,Completed,2,0
ORD-11817,4/17/2024,4/18/2024,CID-1665,New Customer,Ibadan,North,Grace Chen,Phone Order,Home & garden,Scented Candle,8,22.93,10,165.1,109.53,Completed,5,0
ORD-11635,11/28/2023,12/3/2023,CID-4521,New Customer,Ibadan,South,Grace Chen,Online,Sports,Foam Roller,7,37.9,0,265.3,181.32,Completed,NULL,0
ORD-11123,10/7/2024,10/9/2024,CID-2858,Retail,Nairobi,South,James Turner,Mobile App,Electronics,Mechanical Keyboard,8,161.08,25,966.48,581.74,Completed,NULL,0
ORD-13037,7/9/2023,7/16/2023,CID-1599,Retail,Ibadan,West,Iris Park,WHOLESALE,Sports,Foam Roller,3,36.57,25,82.28,60.11,Completed,2,0
ORD-10649,5/19/2023,6/2/2023,CID-4615,Retail,Abuja,East,Henry Wilson,Mobile App,Home & garden,Plant Pot Set,8,25.81,0,206.48,124.88,Completed,4,0
ORD-10859,3/30/2023,NULL,CID-1550,VIP,Addis Ababa,West,Emma Brown,Wholesale,Clothing,Sports Socks 3pk,6,13.51,20,64.85,42.82,Returned,5,1
ORD-14369,3/11/2024,3/13/2024,CID-3051,New Customer,Ibadan,North,Iris Park,Wholesale,Sports,Swim Goggles,10,31.93,10,287.37,155.6,Pending,5,0
ORD-12023,10/10/2022,NULL,CID-3851,VIP,NULL,South,Grace Chen,Online,Sports,Gym Bag,4,76.88,5,292.14,142.68,Disputed,2,0
ORD-12231,9/13/2023,9/14/2023,CID-4719,B2B,Benin City,Central,Henry Wilson,Online,Electronics,Portable Charger,8,39.75,0,318,143.98,Pending,5,0
ORD-12879,4/5/2024,4/10/2024,CID-1581,New Customer,Kaduna,West,Henry Wilson,In-Store,Electronics,Bluetooth Speaker,7,133.68,25,701.82,496.97,Returned,1,1
ORD-13796,9/3/2023,9/8/2023,CID-2355,New Customer,Dakar,South,Iris Park,Online,Home & garden,Desk Lamp,6,43.42,5,247.49,181.15,Completed,NULL,0
ORD-13812,1/10/2023,1/13/2023,CID-3595,VIP,Lagos,Central,Emma Brown,MOBILE APP,Clothing,Casual Sneakers,1,75.67,0,75.67,40.43,Pending,5,0
ORD-15014,8/27/2024,9/10/2024,CID-3253,VIP,Port Harcourt,South,Emma Brown,Phone Order,Home & garden,Desk Lamp,1,41.59,15,35.35,26.52,Completed,NULL,0
ORD-13328,5/6/2024,5/7/2024,CID-3848,VIP,Port Harcourt,North,Emma Brown,Online,Sports,Protein Powder 1kg,2,54.2,5,102.98,57.86,Returned,NULL,1
ORD-11001,3/21/2023,3/24/2023,CID-2521,Retail,Enugu,West,Emma Brown,MOBILE APP,Clothing,Formal Dress,1,105.25,5,99.99,47.75,Completed,2,0
ORD-12847,6/20/2022,6/23/2022,CID-1065,Loyalty Member,Kaduna,Central,Mia Scott,Mobile App,Electronics,USB-C Hub,6,47.85,10,258.39,197.29,Completed,3,0
ORD-15531,7/11/2022,7/18/2022,CID-3560,B2B,Nairobi,East,Bob Smith,Online,Clothing,Running Shoes,10,101.21,15,860.28,591.39,Cancelled,1,0
ORD-10096,9/18/2022,9/20/2022,CID-3774,B2B,Nairobi,West,Karen Davis,Mobile App,Home & garden,Plant Pot Set,7,29.12,15,173.26,106.79,Returned,NULL,1
ORD-15915,9/12/2023,9/26/2023,CID-4746,Loyalty Member,Casablanca,North,Mia Scott,Wholesale,Home & garden,Desk Lamp,1,42.76,25,32.07,29.25,Completed,5,0
ORD-11872,7/19/2022,NULL,CID-4546,VIP,Benin City,East,Mia Scott,Phone Order,Electronics,Portable Charger,5,41.35,5,196.41,121.36,Cancelled,3,0
ORD-11113,4/22/2022,5/6/2022,CID-2898,New Customer,Abuja,Central,Olivia Clark,In-Store,Beauty,Perfume 50ml,5,67.5,25,253.12,176.72,Cancelled,NULL,0
ORD-11637,6/13/2023,6/18/2023,CID-1981,Loyalty Member,Kano,North,Alice Johnson,In-Store,Home & garden,Scented Candle,2,19.64,15,33.39,26.45,Returned,5,1
ORD-15459,4/10/2023,4/11/2023,CID-4019,New Customer,Ibadan,Central,Grace Chen,Phone Order,Electronics,Portable Charger,3,37.53,0,112.59,58.98,Completed,5,0
ORD-10683,1/14/2023,1/17/2023,CID-2825,New Customer,Benin City,West,NULL,In-Store,Beauty,Eye Cream,8,57.03,10,410.62,267.37,Completed,4,0
ORD-11365,5/1/2024,NULL,CID-4300,New Customer,Johannesburg,West,Emma Brown,In-Store,Home & garden,Wall Clock,9,34.76,0,312.84,210.21,Returned,5,1
ORD-11436,9/27/2024,9/28/2024,CID-3059,VIP,Port Harcourt,South,Frank Miller,Mobile App,Electronics,Bluetooth Speaker,7,113.61,20,636.22,377.3,Cancelled,NULL,0
ORD-13877,4/25/2022,NULL,CID-4968,New Customer,Benin City,West,Iris Park,Wholesale,Clothing,Women's Blazer,4,86.86,0,347.44,157.56,Cancelled,1,0
ORD-12590,1/9/2023,1/14/2023,CID-2927,B2B,Abuja,North,Frank Miller,Phone Order,Home & garden,Plant Pot Set,9,28.28,30,178.16,142.53,Completed,5,0
ORD-14313,10/9/2023,10/10/2023,CID-2926,New Customer,Nairobi,South,Olivia Clark,In-Store,Beauty,Face Serum,4,56.62,0,226.48,137.33,Completed,4,0
ORD-12979,3/27/2022,4/3/2022,CID-2043,B2B,Johannesburg,North,James Turner,Online,Clothing,Casual Sneakers,2,89.14,20,142.62,124.37,Pending,NULL,0
ORD-13631,6/30/2024,7/7/2024,CID-1090,Retail,Abuja,Central,Bob Smith,Mobile App,Home & garden,Scented Candle,8,25.24,0,201.92,128.87,Completed,4,0
ORD-15604,9/23/2023,9/30/2023,CID-1318,Loyalty Member,Accra,East,Nathan Harris,Mobile App,Beauty,Face Serum,10,50.52,0,505.2,320.25,Completed,NULL,0
ORD-12745,12/8/2024,12/11/2024,CID-1249,Retail,Cairo,North,Olivia Clark,Phone Order,Clothing,Denim Jeans,6,61.87,0,371.22,236.82,Disputed,5,0
ORD-11461,5/3/2023,5/10/2023,CID-2348,New Customer,Casablanca,North,Mia Scott,Wholesale,Electronics,Wireless Earbuds,9,82.37,30,518.93,497.54,Cancelled,4,0
ORD-12032,1/28/2022,1/31/2022,CID-4609,Loyalty Member,Casablanca,North,Carol White,Online,Clothing,Winter Jacket,8,154.68,20,989.95,694.2,Completed,3,0
ORD-14341,11/28/2024,12/3/2024,CID-4046,New Customer,Benin City,South,Mia Scott,Wholesale,Home & garden,Coffee Maker,4,84.21,5,320,153.31,Returned,4,1
ORD-14655,10/18/2022,NULL,CID-1006,New Customer,Casablanca,Central,Bob Smith,Wholesale,Electronics,Wireless Earbuds,7,99.21,10,625.02,413.37,Completed,1,0
ORD-10484,9/7/2024,9/9/2024,CID-2624,Loyalty Member,Enugu,Central,Liam Moore,In-Store,Home & garden,Coffee Maker,4,112.72,5,428.34,216.12,Pending,NULL,0
ORD-10661,9/25/2022,9/28/2022,CID-1243,Loyalty Member,Johannesburg,South,Olivia Clark,Wholesale,Sports,Swim Goggles,1,31.51,15,26.78,15.77,Completed,3,0
ORD-10330,8/18/2024,NULL,CID-2804,VIP,Casablanca,South,Frank Miller,Phone Order,Sports,Jump Rope,8,15.15,5,115.14,63.92,Completed,5,0
ORD-14241,9/6/2022,9/8/2022,CID-1241,VIP,Dakar,West,Alice Johnson,Phone Order,Clothing,Formal Dress,5,125.27,0,626.35,331.21,Returned,NULL,1
ORD-11883,11/9/2024,11/11/2024,CID-3345,Retail,Casablanca,North,James Turner,Phone Order,Electronics,Wireless Earbuds,2,78.91,0,157.82,96.33,Completed,NULL,0
ORD-14490,10/4/2024,10/5/2024,CID-4192,Loyalty Member,Addis Ababa,West,Carol White,Online,Electronics,Mechanical Keyboard,6,155.47,25,699.62,447.91,Completed,NULL,0
ORD-12512,2/5/2022,2/10/2022,CID-3440,Retail,Accra,East,NULL,Online,Home & garden,Coffee Maker,9,89.46,10,724.63,434.15,Completed,5,0
ORD-14534,4/28/2022,NULL,CID-2608,Loyalty Member,Nairobi,East,Mia Scott,Phone Order,Electronics,Smart Watch,5,218.41,10,982.85,731.59,Completed,NULL,0
ORD-10044,9/21/2024,9/23/2024,CID-3360,New Customer,Casablanca,Central,Carol White,Phone Order,Electronics,Laptop Pro 15,6,1205.1,0,7230.6,3757.16,Completed,5,0
ORD-11345,9/15/2023,9/22/2023,CID-1703,B2B,Benin City,South,Olivia Clark,Wholesale,Home & garden,Wall Clock,10,41.9,30,293.3,235.19,Cancelled,5,0
ORD-14280,11/15/2024,NULL,CID-3232,B2B,Enugu,West,Alice Johnson,In-Store,Sports,Yoga Mat,10,39.64,0,396.4,212.98,Completed,4,0
ORD-10529,11/17/2023,11/22/2023,CID-2313,B2B,Benin City,Central,Carol White,WHOLESALE,Electronics,Webcam HD,6,86.21,20,413.81,275.38,Completed,NULL,0
ORD-11967,9/24/2022,9/27/2022,CID-4043,Loyalty Member,Nairobi,East,Liam Moore,Wholesale,Home & garden,Smart Plug 4pk,5,35.16,0,175.8,79.71,Cancelled,5,0
ORD-11989,3/22/2022,4/5/2022,CID-4798,Retail,Cairo,South,Olivia Clark,Wholesale,Home & garden,Air Purifier,3,171.87,5,489.83,262.73,Completed,4,0
ORD-10591,4/25/2023,NULL,CID-1004,Retail,Port Harcourt,North,Liam Moore,Online,Electronics,Bluetooth Speaker,3,116.27,0,348.81,183.61,Completed,NULL,0
ORD-12288,7/27/2023,7/28/2023,CID-4446,B2B,Ibadan,South,Olivia Clark,In-Store,Electronics,Laptop Pro 15,6,1273.98,20,6115.1,4628.12,Disputed,NULL,0
ORD-14363,2/8/2024,2/15/2024,CID-2160,VIP,Dakar,Central,James Turner,Wholesale,Home & garden,Throw Pillow Set,5,53.53,20,214.12,150.32,Completed,5,0
ORD-10148,9/25/2024,9/27/2024,CID-2394,Loyalty Member,NULL,East,Mia Scott,Wholesale,Sports,Gym Bag,6,69.88,0,419.28,222.74,Completed,4,0
ORD-14754,8/2/2023,8/16/2023,CID-1846,B2B,Enugu,West,NULL,Phone Order,Home & garden,Desk Lamp,10,39.47,15,335.5,266.55,Pending,5,0
ORD-10037,1/14/2024,NULL,CID-1986,Retail,Abuja,East,David Lee,Online,Sports,Yoga Mat,10,34.88,15,296.48,166.71,Pending,5,0
ORD-14765,8/21/2024,9/4/2024,CID-4899,VIP,Ibadan,North,Henry Wilson,Mobile App,Electronics,Portable Charger,8,34.87,0,278.96,147.4,Completed,5,0
ORD-10470,4/26/2024,4/29/2024,CID-4885,B2B,Cairo,East,Alice Johnson,Phone Order,Home & garden,Throw Pillow Set,5,63.01,0,315.05,182.83,Completed,5,0
ORD-12266,5/2/2022,5/4/2022,CID-4785,Retail,Kano,South,Iris Park,Wholesale,Electronics,Laptop Pro 15,6,1113.92,20,5346.82,3566.56,Returned,5,1
ORD-10046,4/21/2022,5/5/2022,CID-3982,Retail,Kano,North,Alice Johnson,MOBILE APP,Electronics,Wireless Earbuds,7,86.96,15,517.41,345,Completed,4,0
ORD-11210,5/21/2024,5/28/2024,CID-2737,New Customer,Kaduna,South,Henry Wilson,Phone Order,Clothing,Women's Blazer,3,98.62,20,236.69,199.23,Completed,5,0
ORD-13937,11/13/2024,11/15/2024,CID-4227,Loyalty Member,NULL,West,James Turner,Mobile App,Beauty,Face Mask Pack,2,18.28,0,36.56,20.65,Disputed,3,0
ORD-12985,5/18/2022,5/21/2022,CID-4870,New Customer,Lagos,West,Bob Smith,Mobile App,Home & garden,Air Purifier,4,218.56,0,874.24,542.13,Completed,NULL,0
ORD-12004,1/3/2022,1/5/2022,CID-2578,VIP,Kano,North,David Lee,Mobile App,Electronics,Portable Charger,NULL,43.52,30,60.93,48.2,Completed,NULL,0
ORD-15489,5/11/2023,5/12/2023,CID-2349,Retail,Casablanca,West,James Turner,Phone Order,Electronics,Webcam HD,4,77.14,5,293.13,148.15,Completed,NULL,0
ORD-14926,11/6/2022,11/8/2022,CID-1738,Loyalty Member,Lagos,Central,Grace Chen,Online,Clothing,Men's Polo Shirt,3,36.95,0,110.85,60.93,Completed,5,0
ORD-12252,2/21/2023,2/22/2023,CID-2472,Loyalty Member,Accra,South,Olivia Clark,Online,Sports,Water Bottle 1L,2,22.85,0,45.7,28.2,Cancelled,2,0
ORD-15598,2/3/2024,2/8/2024,CID-1614,VIP,Johannesburg,East,Liam Moore,Phone Order,Electronics,Laptop Pro 15,10,1285.85,10,11572.65,8346.16,Completed,4,0
ORD-13770,5/1/2022,5/2/2022,CID-4992,B2B,Dakar,North,James Turner,Wholesale,Beauty,Nail Polish Kit,1,17.4,25,13.05,11.25,Completed,5,0
ORD-11859,1/24/2023,NULL,CID-4159,B2B,NULL,West,Grace Chen,Wholesale,Home & garden,Scented Candle,10,20.75,0,207.5,123.98,Completed,NULL,0
ORD-12697,7/21/2022,7/28/2022,CID-2477,Loyalty Member,Kaduna,North,Bob Smith,In-Store,Beauty,Face Serum,10,59.57,0,595.7,386.25,Completed,5,0
ORD-12558,4/12/2024,NULL,CID-1288,VIP,Addis Ababa,Central,Henry Wilson,Mobile App,Clothing,Formal Dress,2,128.95,0,257.9,160.03,Cancelled,NULL,0
ORD-15402,7/24/2022,7/26/2022,CID-4390,Loyalty Member,NULL,South,Emma Brown,In-Store,Sports,Protein Powder 1kg,3,54.02,20,129.65,100.34,Cancelled,1,0
ORD-12499,4/2/2024,4/7/2024,CID-2059,Retail,Nairobi,North,Emma Brown,MOBILE APP,Sports,Gym Bag,8,69.71,0,557.68,384.79,Returned,5,1
ORD-14761,4/7/2022,4/10/2022,CID-1987,Retail,Abuja,South,Mia Scott,Mobile App,Electronics,Wireless Earbuds,6,83.01,30,348.64,266.28,Completed,NULL,0
ORD-14995,10/27/2023,10/28/2023,CID-2774,New Customer,Port Harcourt,North,Emma Brown,In-Store,Electronics,Mechanical Keyboard,4,150.03,0,600.12,357.42,Completed,2,0
ORD-15373,2/6/2023,NULL,CID-2830,New Customer,Addis Ababa,North,Liam Moore,Mobile App,Electronics,Laptop Pro 15,8,1120.93,5,8519.07,6092.85,Completed,3,0
ORD-11473,3/6/2024,3/7/2024,CID-2232,B2B,Ibadan,West,Olivia Clark,Wholesale,Home & garden,Smart Plug 4pk,2,44.4,30,62.16,59,Completed,4,0
ORD-12206,7/20/2022,NULL,CID-1709,VIP,Casablanca,East,NULL,Wholesale,Beauty,Nail Polish Kit,4,19.54,20,62.53,54.07,Completed,NULL,0
ORD-13567,2/15/2023,2/22/2023,CID-4776,New Customer,Addis Ababa,West,Carol White,Mobile App,Electronics,Laptop Pro 15,6,1379.91,5,7865.49,5389.21,Completed,5,0
ORD-13142,6/1/2023,NULL,CID-2898,New Customer,Casablanca,South,Nathan Harris,Mobile App,Home & garden,Desk Lamp,7,42.91,5,285.35,138.84,Returned,5,1
ORD-10088,4/12/2023,4/14/2023,CID-2632,Retail,Casablanca,North,Karen Davis,In-Store,Clothing,Denim Jeans,8,61.2,15,416.16,317.67,Completed,4,0
ORD-15320,3/28/2023,3/29/2023,CID-3788,B2B,Cairo,North,Alice Johnson,Wholesale,Home & garden,Wall Clock,5,41.95,25,157.31,140.1,Completed,4,0
ORD-15067,3/21/2022,3/23/2022,CID-4494,Retail,Kaduna,Central,Iris Park,Mobile App,Electronics,Laptop Pro 15,1,1256.22,10,1130.6,855.08,Completed,NULL,0
ORD-13721,2/20/2024,3/5/2024,CID-1541,Loyalty Member,Cairo,East,Carol White,Wholesale,Clothing,Winter Jacket,7,124.83,5,830.12,412.78,Pending,NULL,0
ORD-12625,2/4/2024,2/5/2024,CID-4931,VIP,Casablanca,Central,Grace Chen,Online,Beauty,Eye Cream,1,56.43,30,39.5,39.35,Completed,NULL,0
ORD-10376,9/7/2024,9/14/2024,CID-4372,B2B,Enugu,West,NULL,Mobile App,Sports,Resistance Bands Set,2,24.24,10,43.63,30.51,Completed,NULL,0
ORD-10084,4/23/2024,NULL,CID-4225,New Customer,Dakar,South,Emma Brown,In-Store,Clothing,Casual Sneakers,1,85.68,0,85.68,45.67,Returned,1,1
ORD-11144,3/1/2022,NULL,CID-4415,New Customer,Addis Ababa,South,David Lee,Wholesale,Home & garden,Coffee Maker,2,94.29,15,160.29,119.01,Completed,NULL,0
ORD-12494,6/19/2022,6/22/2022,CID-4291,B2B,Enugu,North,Karen Davis,Mobile App,Clothing,Running Shoes,7,121.03,30,593.05,479.72,Cancelled,3,0
ORD-11840,9/22/2024,9/27/2024,CID-2378,VIP,Enugu,East,James Turner,Mobile App,Electronics,Webcam HD,10,90.54,30,633.78,579.76,Completed,4,0
ORD-11568,8/22/2022,8/29/2022,CID-1917,VIP,Casablanca,South,Bob Smith,Phone Order,Clothing,Running Shoes,9,120.12,0,1081.08,577.77,Completed,5,0
ORD-10321,1/29/2023,NULL,CID-2211,Retail,Accra,South,Carol White,Online,Home & garden,Plant Pot Set,3,28.58,5,81.45,55.01,Cancelled,NULL,0
ORD-11924,10/6/2024,NULL,CID-4819,New Customer,Benin City,North,Grace Chen,Phone Order,Clothing,Women's Blazer,3,77.91,0,233.73,121.88,Returned,NULL,1
ORD-13000,2/18/2022,2/23/2022,CID-1084,VIP,Cairo,West,Frank Miller,Mobile App,Beauty,Shampoo & Conditioner,2,24.97,0,49.94,31.72,Returned,NULL,1
ORD-14447,10/30/2023,NULL,CID-4735,VIP,Casablanca,North,Olivia Clark,Wholesale,Sports,Foam Roller,4,38.57,10,138.85,73.03,Completed,3,0
ORD-10335,5/28/2023,5/29/2023,CID-3271,Loyalty Member,Dakar,West,Nathan Harris,Wholesale,Sports,Gym Bag,3,76.33,5,217.54,110.97,Pending,2,0
ORD-14717,6/24/2022,6/29/2022,CID-2837,New Customer,Abuja,East,David Lee,Online,Clothing,Men's Polo Shirt,6,35.36,20,169.73,142.11,Completed,NULL,0
ORD-15861,12/7/2022,12/12/2022,CID-3076,Retail,Casablanca,Central,David Lee,Wholesale,Home & garden,Wall Clock,3,38.74,30,81.35,65.55,Completed,4,0
ORD-12442,9/28/2023,10/1/2023,CID-4751,Retail,Nairobi,North,Olivia Clark,Wholesale,Electronics,USB-C Hub,8,45.35,15,308.38,163.77,Completed,4,0
ORD-11108,2/19/2024,3/4/2024,CID-4846,Loyalty Member,Accra,East,NULL,Phone Order,Home & garden,Wall Clock,4,36.92,20,118.14,68,Returned,NULL,1
ORD-14013,2/27/2022,2/28/2022,CID-3911,B2B,Nairobi,Central,Mia Scott,Wholesale,Sports,Gym Bag,9,75.91,20,546.55,399.71,Returned,NULL,1
ORD-11827,3/26/2024,4/9/2024,CID-4343,Retail,Abuja,East,Alice Johnson,In-Store,Sports,Foam Roller,3,40.84,10,110.27,83.62,Completed,5,0
ORD-14964,2/28/2022,NULL,CID-4970,Retail,Nairobi,South,Grace Chen,Wholesale,Clothing,Casual Sneakers,5,91.31,5,433.72,293.41,Pending,NULL,0
ORD-13503,7/21/2022,7/23/2022,CID-3244,Retail,Addis Ababa,East,Grace Chen,Online,Sports,Water Bottle 1L,3,18.89,0,56.67,35.07,Completed,1,0
ORD-12468,8/15/2024,8/18/2024,CID-3117,B2B,Benin City,North,Olivia Clark,Online,Sports,Jump Rope,2,16.23,30,22.72,16.7,Returned,NULL,1
ORD-14445,2/12/2024,2/17/2024,CID-2589,New Customer,Johannesburg,East,Mia Scott,Phone Order,Home & garden,Throw Pillow Set,1,48.42,0,48.42,32.82,Returned,4,1
ORD-15108,7/3/2023,7/8/2023,CID-1934,Retail,Johannesburg,Central,Mia Scott,Online,Electronics,Laptop Pro 15,5,1034.04,0,NULL,3297.69,Completed,2,0
ORD-15231,1/25/2022,1/26/2022,CID-2562,Retail,Benin City,West,Iris Park,Wholesale,Home & garden,Smart Plug 4pk,9,36.37,0,327.33,198.4,Completed,5,0
ORD-12099,9/22/2023,NULL,CID-1017,New Customer,Lagos,West,Karen Davis,IN-STORE,Home & garden,Throw Pillow Set,9,51.17,10,414.48,283.07,Pending,1,0
ORD-10834,1/4/2024,1/5/2024,CID-4919,Retail,Casablanca,East,Iris Park,In-Store,Sports,Yoga Mat,10,34.9,10,314.1,207.02,Completed,NULL,0
ORD-10384,2/28/2022,3/1/2022,CID-2084,Loyalty Member,Kaduna,North,Karen Davis,Phone Order,Sports,Protein Powder 1kg,3,60.65,15,154.66,107.52,Returned,NULL,1
ORD-10382,5/29/2023,5/31/2023,CID-3560,Loyalty Member,Abuja,Central,Emma Brown,In-Store,Home & garden,Throw Pillow Set,6,61.52,30,258.38,244.17,Completed,NULL,0
ORD-12858,5/19/2024,5/24/2024,CID-3945,B2B,Benin City,East,Carol White,Wholesale,Beauty,Face Serum,5,55.14,20,220.56,179.42,Completed,NULL,0
ORD-15835,7/18/2024,7/19/2024,CID-1333,Retail,Kano,West,Olivia Clark,Mobile App,Sports,Yoga Mat,4,38.23,15,129.98,101.78,Pending,NULL,0
ORD-14048,5/31/2023,6/14/2023,CID-2303,Retail,Benin City,East,Carol White,Phone Order,Sports,Protein Powder 1kg,6,56.45,0,338.7,204.86,Returned,2,1
ORD-15396,6/24/2024,6/29/2024,CID-3545,New Customer,Nairobi,South,Alice Johnson,Phone Order,Sports,Jump Rope,9,15.05,0,135.45,87.48,Pending,NULL,0
ORD-14451,10/20/2023,11/3/2023,CID-4155,New Customer,Addis Ababa,North,Carol White,Phone Order,Sports,Gym Bag,2,69.42,15,118.01,81.63,Completed,5,0
ORD-14603,10/3/2023,10/8/2023,CID-2600,B2B,Enugu,East,Carol White,Online,Sports,Foam Roller,4,42.27,30,118.36,102.54,Returned,NULL,1
ORD-14627,11/5/2023,11/7/2023,CID-3769,Retail,Kaduna,Central,Mia Scott,Wholesale,Electronics,Laptop Pro 15,9,1202.91,25,8119.64,6244.19,Completed,NULL,0
ORD-10520,4/15/2024,4/16/2024,CID-3270,Loyalty Member,Casablanca,North,Bob Smith,Wholesale,Clothing,Women's Blazer,3,87.63,20,210.31,154.76,Completed,5,0
ORD-15186,5/25/2023,5/30/2023,CID-2286,New Customer,Nairobi,East,Karen Davis,Mobile App,Clothing,Formal Dress,3,113.37,10,306.1,182.42,Pending,5,0
ORD-14572,6/27/2024,6/28/2024,CID-1001,VIP,Dakar,South,Grace Chen,Mobile App,Clothing,Men's Polo Shirt,1,33.89,20,27.11,22.3,Completed,1,0
ORD-15500,6/5/2023,NULL,CID-4678,Retail,Dakar,West,Nathan Harris,Mobile App,Electronics,Smart Watch,6,277.43,30,1165.21,776.85,Completed,3,0
ORD-11444,12/23/2024,12/28/2024,CID-4258,VIP,Accra,West,David Lee,Wholesale,Electronics,Wireless Earbuds,10,82.95,15,705.07,490.74,Completed,4,0
ORD-13537,6/3/2022,6/17/2022,CID-2973,New Customer,Abuja,South,Alice Johnson,IN-STORE,Home & garden,Scented Candle,5,20.1,0,100.5,45.9,Pending,5,0
ORD-12642,2/18/2023,2/21/2023,CID-1954,B2B,Casablanca,South,Grace Chen,Wholesale,Home & garden,Air Purifier,6,224.58,15,1145.36,828.08,Pending,NULL,0
ORD-10452,12/7/2023,NULL,CID-4828,New Customer,Lagos,North,Iris Park,Online,Beauty,Perfume 50ml,1,76.76,5,72.92,35.41,Pending,4,0
ORD-10372,6/29/2022,NULL,CID-3906,Loyalty Member,Ibadan,East,Karen Davis,Wholesale,Electronics,Smart Watch,2,224.55,25,336.83,282.19,Completed,4,0
ORD-13283,7/6/2023,7/13/2023,CID-3708,VIP,Dakar,South,Frank Miller,Wholesale,Beauty,Face Mask Pack,10,16.57,0,165.7,80.75,Completed,3,0
ORD-12998,12/28/2022,NULL,CID-1748,Loyalty Member,Dakar,West,Alice Johnson,Wholesale,Beauty,Eye Cream,4,62.8,0,251.2,159.8,Completed,5,0
ORD-11170,11/25/2023,12/2/2023,CID-1118,Retail,Abuja,West,Alice Johnson,In-Store,Clothing,Winter Jacket,10,130.7,5,1241.65,689.89,Completed,5,0
ORD-10218,7/25/2022,7/30/2022,CID-4700,VIP,Casablanca,South,Liam Moore,Wholesale,Clothing,Women's Blazer,7,95.95,0,671.65,420.43,Completed,1,0
ORD-11548,1/26/2023,1/27/2023,CID-1606,Retail,Abuja,East,Mia Scott,Mobile App,Electronics,USB-C Hub,8,47.02,0,376.16,210.25,Completed,3,0
ORD-15185,5/26/2024,5/31/2024,CID-2823,B2B,Dakar,East,Carol White,Mobile App,Electronics,Portable Charger,1,42.55,20,34.04,20.89,Pending,5,0
